#
# A fatal error has been detected by the Java Runtime Environment:
#
#  SIGSEGV (0xb) at pc=0x000000012e234cd0, pid=20825, tid=6403
#
# JRE version: OpenJDK Runtime Environment Temurin-25.0.4+7 (25.0.4+7) (build 25.0.4+7-LTS)
# Java VM: OpenJDK 64-Bit Server VM Temurin-25.0.4+7 (25.0.4+7-LTS, mixed mode, sharing, tiered, compressed oops, compressed class ptrs, g1 gc, bsd-aarch64)
# Problematic frame:
# C  [libMoltenVK.dylib+0x64cd0]
#
# No core dump will be written. Core dumps have been disabled. To enable core dumping, try "ulimit -c unlimited" before starting Java again
#
# If you would like to submit a bug report, please visit:
#   https://github.com/adoptium/adoptium-support/issues
# The crash happened outside the Java Virtual Machine in native code.
# See problematic frame for where to report the bug.
#

---------------  S U M M A R Y ------------

Command Line: -Dorg.gradle.internal.worker.tmpdir=/Users/xyz/dev/voxy/build/tmp/test/work -Dvoxy.test.os=Mac OS X/aarch64 --enable-native-access=ALL-UNNAMED -Xmx512m -Dfile.encoding=UTF-8 -Duser.country=JP -Duser.language=en -Duser.variant -ea worker.org.gradle.process.internal.worker.GradleWorkerMain 'Gradle Test Executor 1'

Host: "Mac16,7" arm64, 14 cores, 24G, Darwin 25.5.0, macOS 26.5 (25F71)
Time: Sat Aug 15 09:28:46 2026 JST elapsed time: 1.207651 seconds (0d 0h 0m 1s)

---------------  T H R E A D  ---------------

Current thread (0x0000000100b5fe20):  JavaThread "Test worker"        [_thread_in_native, id=6403, stack(0x000000016f86c000,0x000000016fa6f000) (2060K)]

Stack: [0x000000016f86c000,0x000000016fa6f000],  sp=0x000000016fa6ad00,  free space=2043k
Native frames: (J=compiled Java code, j=interpreted, Vv=VM code, C=native code)
C  [libMoltenVK.dylib+0x64cd0]
C  [libMoltenVK.dylib+0xdb7c]
v  ~RuntimeStub::nep_invoker_blob 0x000000011e5ef700
j  java.lang.invoke.LambdaForm$MH+0x00003f80011c8800.invoke(Ljava/lang/Object;JJJJ)I+14 java.base@25.0.4
j  java.lang.invoke.LambdaForm$MH+0x00003f80011cb800.invokeExact_MT(Ljava/lang/Object;JJJJLjava/lang/Object;)I+25 java.base@25.0.4
j  jdk.internal.foreign.abi.DowncallStub+0x00003f80011c8c00.invoke(Ljava/lang/foreign/SegmentAllocator;Ljava/lang/foreign/MemorySegment;JJJ)I+58 java.base@25.0.4
j  java.lang.invoke.LambdaForm$DMH+0x00003f80011c9000.invokeStatic(Ljava/lang/Object;Ljava/lang/Object;Ljava/lang/Object;JJJ)I+18 java.base@25.0.4
j  java.lang.invoke.LambdaForm$MH+0x00003f80011ca800.invoke(Ljava/lang/Object;Ljava/lang/Object;JJJ)I+45 java.base@25.0.4
j  java.lang.invoke.LambdaForm$MH+0x00003f80011cb000.invokeExact_MT(Ljava/lang/Object;Ljava/lang/Object;JJJLjava/lang/Object;)I+25 java.base@25.0.4
j  org.lwjgl.system.JNIBindingsImpl+0x00003f8001174000.callPPPI(Ljava/lang/foreign/MemorySegment;JJJ)I+9
j  org.lwjgl.system.JNI.callPPPI(JJJJ)I+12
j  org.lwjgl.vulkan.VK10.nvkEnumerateInstanceExtensionProperties(JJJ)I+14
j  org.lwjgl.vulkan.VK10.vkEnumerateInstanceExtensionProperties(Ljava/lang/CharSequence;Ljava/nio/IntBuffer;Lorg/lwjgl/vulkan/VkExtensionProperties$Buffer;)I+64
j  me.cortex.voxy.vk.ValidationLayerProbeTest.enumerateLayerProvidedExtensions()V+24
j  java.lang.invoke.LambdaForm$DMH+0x00003f8001292400.invokeVirtual(Ljava/lang/Object;Ljava/lang/Object;)V+10 java.base@25.0.4
j  java.lang.invoke.LambdaForm$MH+0x00003f80010a0800.invoke(Ljava/lang/Object;Ljava/lang/Object;)Ljava/lang/Object;+31 java.base@25.0.4
J 2325 c1 java.lang.invoke.Invokers$Holder.invokeExact_MT(Ljava/lang/Object;Ljava/lang/Object;Ljava/lang/Object;)Ljava/lang/Object; java.base@25.0.4 (23 bytes) @ 0x00000001172ef21c [0x00000001172eeb40+0x00000000000006dc]
j  jdk.internal.reflect.DirectMethodHandleAccessor.invokeImpl(Ljava/lang/Object;[Ljava/lang/Object;)Ljava/lang/Object;+41 java.base@25.0.4
j  jdk.internal.reflect.DirectMethodHandleAccessor.invoke(Ljava/lang/Object;[Ljava/lang/Object;)Ljava/lang/Object;+23 java.base@25.0.4
j  java.lang.reflect.Method.invoke(Ljava/lang/Object;[Ljava/lang/Object;)Ljava/lang/Object;+102 java.base@25.0.4
j  org.junit.platform.commons.util.ReflectionUtils.invokeMethod(Ljava/lang/reflect/Method;Ljava/lang/Object;[Ljava/lang/Object;)Ljava/lang/Object;+42
j  org.junit.jupiter.engine.execution.MethodInvocation.proceed()Ljava/lang/Object;+16
j  org.junit.jupiter.engine.execution.InvocationInterceptorChain$ValidatingInvocation.proceed()Ljava/lang/Object;+8
j  org.junit.jupiter.engine.extension.TimeoutExtension.intercept(Lorg/junit/jupiter/api/extension/InvocationInterceptor$Invocation;Lorg/junit/jupiter/api/extension/ReflectiveInvocationContext;Lorg/junit/jupiter/api/extension/ExtensionContext;Lorg/junit/jupiter/engine/extension/TimeoutDuration;Lorg/junit/jupiter/engine/extension/TimeoutExtension$TimeoutProvider;)Ljava/lang/Object;+28
j  org.junit.jupiter.engine.extension.TimeoutExtension.interceptTestableMethod(Lorg/junit/jupiter/api/extension/InvocationInterceptor$Invocation;Lorg/junit/jupiter/api/extension/ReflectiveInvocationContext;Lorg/junit/jupiter/api/extension/ExtensionContext;Lorg/junit/jupiter/engine/extension/TimeoutExtension$TimeoutProvider;)Ljava/lang/Object;+31
j  org.junit.jupiter.engine.extension.TimeoutExtension.interceptTestMethod(Lorg/junit/jupiter/api/extension/InvocationInterceptor$Invocation;Lorg/junit/jupiter/api/extension/ReflectiveInvocationContext;Lorg/junit/jupiter/api/extension/ExtensionContext;)V+9
j  org.junit.jupiter.engine.descriptor.TestMethodTestDescriptor$$Lambda+0x00003f8001118ef8.apply(Lorg/junit/jupiter/api/extension/InvocationInterceptor;Lorg/junit/jupiter/api/extension/InvocationInterceptor$Invocation;Lorg/junit/jupiter/api/extension/ReflectiveInvocationContext;Lorg/junit/jupiter/api/extension/ExtensionContext;)V+5
j  org.junit.jupiter.engine.execution.InterceptingExecutableInvoker$ReflectiveInterceptorCall.lambda$ofVoidMethod$0(Lorg/junit/jupiter/engine/execution/InterceptingExecutableInvoker$ReflectiveInterceptorCall$VoidMethodInterceptorCall;Lorg/junit/jupiter/api/extension/InvocationInterceptor;Lorg/junit/jupiter/api/extension/InvocationInterceptor$Invocation;Lorg/junit/jupiter/api/extension/ReflectiveInvocationContext;Lorg/junit/jupiter/api/extension/ExtensionContext;)Ljava/lang/Void;+6
j  org.junit.jupiter.engine.execution.InterceptingExecutableInvoker$ReflectiveInterceptorCall$$Lambda+0x00003f8001119328.apply(Lorg/junit/jupiter/api/extension/InvocationInterceptor;Lorg/junit/jupiter/api/extension/InvocationInterceptor$Invocation;Lorg/junit/jupiter/api/extension/ReflectiveInvocationContext;Lorg/junit/jupiter/api/extension/ExtensionContext;)Ljava/lang/Object;+9
j  org.junit.jupiter.engine.execution.InterceptingExecutableInvoker.lambda$invoke$0(Lorg/junit/jupiter/engine/execution/InterceptingExecutableInvoker$ReflectiveInterceptorCall;Lorg/junit/jupiter/api/extension/ReflectiveInvocationContext;Lorg/junit/jupiter/api/extension/ExtensionContext;Lorg/junit/jupiter/api/extension/InvocationInterceptor;Lorg/junit/jupiter/api/extension/InvocationInterceptor$Invocation;)Ljava/lang/Object;+6
j  org.junit.jupiter.engine.execution.InterceptingExecutableInvoker$$Lambda+0x00003f8001149a20.apply(Lorg/junit/jupiter/api/extension/InvocationInterceptor;Lorg/junit/jupiter/api/extension/InvocationInterceptor$Invocation;)Ljava/lang/Object;+14
j  org.junit.jupiter.engine.execution.InvocationInterceptorChain$InterceptedInvocation.proceed()Ljava/lang/Object;+12
j  org.junit.jupiter.engine.execution.InvocationInterceptorChain.proceed(Lorg/junit/jupiter/api/extension/InvocationInterceptor$Invocation;)Ljava/lang/Object;+1
j  org.junit.jupiter.engine.execution.InvocationInterceptorChain.chainAndInvoke(Lorg/junit/jupiter/api/extension/InvocationInterceptor$Invocation;Lorg/junit/jupiter/engine/execution/InvocationInterceptorChain$InterceptorCall;Ljava/util/List;)Ljava/lang/Object;+24
j  org.junit.jupiter.engine.execution.InvocationInterceptorChain.invoke(Lorg/junit/jupiter/api/extension/InvocationInterceptor$Invocation;Lorg/junit/jupiter/engine/extension/ExtensionRegistry;Lorg/junit/jupiter/engine/execution/InvocationInterceptorChain$InterceptorCall;)Ljava/lang/Object;+31
j  org.junit.jupiter.engine.execution.InterceptingExecutableInvoker.invoke(Lorg/junit/jupiter/api/extension/InvocationInterceptor$Invocation;Lorg/junit/jupiter/api/extension/ReflectiveInvocationContext;Lorg/junit/jupiter/api/extension/ExtensionContext;Lorg/junit/jupiter/engine/extension/ExtensionRegistry;Lorg/junit/jupiter/engine/execution/InterceptingExecutableInvoker$ReflectiveInterceptorCall;)Ljava/lang/Object;+15
j  org.junit.jupiter.engine.execution.InterceptingExecutableInvoker.invoke(Ljava/lang/reflect/Method;Ljava/lang/Object;Lorg/junit/jupiter/api/extension/ExtensionContext;Lorg/junit/jupiter/engine/extension/ExtensionRegistry;Lorg/junit/jupiter/engine/execution/InterceptingExecutableInvoker$ReflectiveInterceptorCall;)Ljava/lang/Object;+55
j  org.junit.jupiter.engine.descriptor.TestMethodTestDescriptor.lambda$invokeTestMethod$7(Lorg/junit/jupiter/api/extension/ExtensionContext;Lorg/junit/jupiter/engine/execution/JupiterEngineExecutionContext;)V+28
j  org.junit.jupiter.engine.descriptor.TestMethodTestDescriptor$$Lambda+0x00003f8001294660.execute()V+12
j  org.junit.platform.engine.support.hierarchical.ThrowableCollector.execute(Lorg/junit/platform/engine/support/hierarchical/ThrowableCollector$Executable;)V+1
j  org.junit.jupiter.engine.descriptor.TestMethodTestDescriptor.invokeTestMethod(Lorg/junit/jupiter/engine/execution/JupiterEngineExecutionContext;Lorg/junit/platform/engine/support/hierarchical/Node$DynamicTestExecutor;)V+21
j  org.junit.jupiter.engine.descriptor.TestMethodTestDescriptor.execute(Lorg/junit/jupiter/engine/execution/JupiterEngineExecutionContext;Lorg/junit/platform/engine/support/hierarchical/Node$DynamicTestExecutor;)Lorg/junit/jupiter/engine/execution/JupiterEngineExecutionContext;+44
j  org.junit.jupiter.engine.descriptor.TestMethodTestDescriptor.execute(Lorg/junit/platform/engine/support/hierarchical/EngineExecutionContext;Lorg/junit/platform/engine/support/hierarchical/Node$DynamicTestExecutor;)Lorg/junit/platform/engine/support/hierarchical/EngineExecutionContext;+6
j  org.junit.platform.engine.support.hierarchical.NodeTestTask.lambda$executeRecursively$6()V+79
j  org.junit.platform.engine.support.hierarchical.NodeTestTask$$Lambda+0x00003f8001135668.execute()V+4
j  org.junit.platform.engine.support.hierarchical.ThrowableCollector.execute(Lorg/junit/platform/engine/support/hierarchical/ThrowableCollector$Executable;)V+1
j  org.junit.platform.engine.support.hierarchical.NodeTestTask.lambda$executeRecursively$8(Lorg/junit/platform/engine/support/hierarchical/EngineExecutionContext;)V+15
j  org.junit.platform.engine.support.hierarchical.NodeTestTask$$Lambda+0x00003f8001135438.invoke(Lorg/junit/platform/engine/support/hierarchical/EngineExecutionContext;)V+5
j  org.junit.platform.engine.support.hierarchical.Node.around(Lorg/junit/platform/engine/support/hierarchical/EngineExecutionContext;Lorg/junit/platform/engine/support/hierarchical/Node$Invocation;)V+2
j  org.junit.platform.engine.support.hierarchical.NodeTestTask.lambda$executeRecursively$9()V+14
j  org.junit.platform.engine.support.hierarchical.NodeTestTask$$Lambda+0x00003f8001135000.execute()V+4
j  org.junit.platform.engine.support.hierarchical.ThrowableCollector.execute(Lorg/junit/platform/engine/support/hierarchical/ThrowableCollector$Executable;)V+1
j  org.junit.platform.engine.support.hierarchical.NodeTestTask.executeRecursively()V+31
j  org.junit.platform.engine.support.hierarchical.NodeTestTask.execute()V+55
j  org.junit.platform.engine.support.hierarchical.SameThreadHierarchicalTestExecutorService$$Lambda+0x00003f8001134a40.accept(Ljava/lang/Object;)V+4
J 3822 c1 java.util.ArrayList.forEach(Ljava/util/function/Consumer;)V java.base@25.0.4 (74 bytes) @ 0x000000011757b130 [0x000000011757aec0+0x0000000000000270]
j  org.junit.platform.engine.support.hierarchical.SameThreadHierarchicalTestExecutorService.invokeAll(Ljava/util/List;)V+6
j  org.junit.platform.engine.support.hierarchical.NodeTestTask.lambda$executeRecursively$6()V+116
j  org.junit.platform.engine.support.hierarchical.NodeTestTask$$Lambda+0x00003f8001135668.execute()V+4
j  org.junit.platform.engine.support.hierarchical.ThrowableCollector.execute(Lorg/junit/platform/engine/support/hierarchical/ThrowableCollector$Executable;)V+1
j  org.junit.platform.engine.support.hierarchical.NodeTestTask.lambda$executeRecursively$8(Lorg/junit/platform/engine/support/hierarchical/EngineExecutionContext;)V+15
j  org.junit.platform.engine.support.hierarchical.NodeTestTask$$Lambda+0x00003f8001135438.invoke(Lorg/junit/platform/engine/support/hierarchical/EngineExecutionContext;)V+5
j  org.junit.platform.engine.support.hierarchical.Node.around(Lorg/junit/platform/engine/support/hierarchical/EngineExecutionContext;Lorg/junit/platform/engine/support/hierarchical/Node$Invocation;)V+2
j  org.junit.platform.engine.support.hierarchical.NodeTestTask.lambda$executeRecursively$9()V+14
j  org.junit.platform.engine.support.hierarchical.NodeTestTask$$Lambda+0x00003f8001135000.execute()V+4
j  org.junit.platform.engine.support.hierarchical.ThrowableCollector.execute(Lorg/junit/platform/engine/support/hierarchical/ThrowableCollector$Executable;)V+1
j  org.junit.platform.engine.support.hierarchical.NodeTestTask.executeRecursively()V+31
j  org.junit.platform.engine.support.hierarchical.NodeTestTask.execute()V+55
j  org.junit.platform.engine.support.hierarchical.SameThreadHierarchicalTestExecutorService$$Lambda+0x00003f8001134a40.accept(Ljava/lang/Object;)V+4
j  java.util.ArrayList.forEach(Ljava/util/function/Consumer;)V+46 java.base@25.0.4
j  org.junit.platform.engine.support.hierarchical.SameThreadHierarchicalTestExecutorService.invokeAll(Ljava/util/List;)V+6
j  org.junit.platform.engine.support.hierarchical.NodeTestTask.lambda$executeRecursively$6()V+116
j  org.junit.platform.engine.support.hierarchical.NodeTestTask$$Lambda+0x00003f8001135668.execute()V+4
j  org.junit.platform.engine.support.hierarchical.ThrowableCollector.execute(Lorg/junit/platform/engine/support/hierarchical/ThrowableCollector$Executable;)V+1
j  org.junit.platform.engine.support.hierarchical.NodeTestTask.lambda$executeRecursively$8(Lorg/junit/platform/engine/support/hierarchical/EngineExecutionContext;)V+15
j  org.junit.platform.engine.support.hierarchical.NodeTestTask$$Lambda+0x00003f8001135438.invoke(Lorg/junit/platform/engine/support/hierarchical/EngineExecutionContext;)V+5
j  org.junit.platform.engine.support.hierarchical.Node.around(Lorg/junit/platform/engine/support/hierarchical/EngineExecutionContext;Lorg/junit/platform/engine/support/hierarchical/Node$Invocation;)V+2
j  org.junit.platform.engine.support.hierarchical.NodeTestTask.lambda$executeRecursively$9()V+14
j  org.junit.platform.engine.support.hierarchical.NodeTestTask$$Lambda+0x00003f8001135000.execute()V+4
j  org.junit.platform.engine.support.hierarchical.ThrowableCollector.execute(Lorg/junit/platform/engine/support/hierarchical/ThrowableCollector$Executable;)V+1
j  org.junit.platform.engine.support.hierarchical.NodeTestTask.executeRecursively()V+31
j  org.junit.platform.engine.support.hierarchical.NodeTestTask.execute()V+55
j  org.junit.platform.engine.support.hierarchical.SameThreadHierarchicalTestExecutorService.submit(Lorg/junit/platform/engine/support/hierarchical/HierarchicalTestExecutorService$TestTask;)Ljava/util/concurrent/Future;+1
j  org.junit.platform.engine.support.hierarchical.HierarchicalTestExecutor.execute()Ljava/util/concurrent/Future;+74
j  org.junit.platform.engine.support.hierarchical.HierarchicalTestEngine.execute(Lorg/junit/platform/engine/ExecutionRequest;)V+31
j  org.junit.platform.launcher.core.EngineExecutionOrchestrator.execute(Lorg/junit/platform/engine/TestDescriptor;Lorg/junit/platform/engine/EngineExecutionListener;Lorg/junit/platform/engine/ConfigurationParameters;Lorg/junit/platform/engine/TestEngine;)V+24
j  org.junit.platform.launcher.core.EngineExecutionOrchestrator.execute(Lorg/junit/platform/launcher/core/LauncherDiscoveryResult;Lorg/junit/platform/engine/EngineExecutionListener;)V+115
j  org.junit.platform.launcher.core.EngineExecutionOrchestrator.execute(Lorg/junit/platform/launcher/core/InternalTestPlan;Lorg/junit/platform/engine/EngineExecutionListener;Lorg/junit/platform/launcher/TestExecutionListener;)V+55
j  org.junit.platform.launcher.core.EngineExecutionOrchestrator.lambda$execute$0(Lorg/junit/platform/launcher/core/InternalTestPlan;Lorg/junit/platform/launcher/TestExecutionListener;)V+6
j  org.junit.platform.launcher.core.EngineExecutionOrchestrator$$Lambda+0x00003f80011237b0.accept(Ljava/lang/Object;)V+12
j  org.junit.platform.launcher.core.EngineExecutionOrchestrator.withInterceptedStreams(Lorg/junit/platform/engine/ConfigurationParameters;Lorg/junit/platform/launcher/core/ListenerRegistry;Ljava/util/function/Consumer;)V+51
j  org.junit.platform.launcher.core.EngineExecutionOrchestrator.execute(Lorg/junit/platform/launcher/core/InternalTestPlan;[Lorg/junit/platform/launcher/TestExecutionListener;)V+23
j  org.junit.platform.launcher.core.DefaultLauncher.execute(Lorg/junit/platform/launcher/core/InternalTestPlan;[Lorg/junit/platform/launcher/TestExecutionListener;)V+6
j  org.junit.platform.launcher.core.DefaultLauncher.execute(Lorg/junit/platform/launcher/LauncherDiscoveryRequest;[Lorg/junit/platform/launcher/TestExecutionListener;)V+34
j  org.junit.platform.launcher.core.DelegatingLauncher.execute(Lorg/junit/platform/launcher/LauncherDiscoveryRequest;[Lorg/junit/platform/launcher/TestExecutionListener;)V+6
j  org.gradle.api.internal.tasks.testing.junitplatform.JUnitPlatformTestDefinitionProcessor$CollectThenExecuteTestDefinitionConsumer.processAllTestDefinitions()V+82
j  org.gradle.api.internal.tasks.testing.junitplatform.JUnitPlatformTestDefinitionProcessor$CollectThenExecuteTestDefinitionConsumer.access$000(Lorg/gradle/api/internal/tasks/testing/junitplatform/JUnitPlatformTestDefinitionProcessor$CollectThenExecuteTestDefinitionConsumer;)V+1
j  org.gradle.api.internal.tasks.testing.junitplatform.JUnitPlatformTestDefinitionProcessor.stop()V+17
j  org.gradle.api.internal.tasks.testing.SuiteTestDefinitionProcessor.stop()V+4
j  java.lang.invoke.LambdaForm$DMH+0x00003f80010a0000.invokeInterface(Ljava/lang/Object;Ljava/lang/Object;)V+21 java.base@25.0.4
...<more frames>...
Java frames: (J=compiled Java code, j=interpreted, Vv=VM code)
v  ~RuntimeStub::nep_invoker_blob 0x000000011e5ef6cc
j  java.lang.invoke.LambdaForm$MH+0x00003f80011c8800.invoke(Ljava/lang/Object;JJJJ)I+14 java.base@25.0.4
j  java.lang.invoke.LambdaForm$MH+0x00003f80011cb800.invokeExact_MT(Ljava/lang/Object;JJJJLjava/lang/Object;)I+25 java.base@25.0.4
j  jdk.internal.foreign.abi.DowncallStub+0x00003f80011c8c00.invoke(Ljava/lang/foreign/SegmentAllocator;Ljava/lang/foreign/MemorySegment;JJJ)I+58 java.base@25.0.4
j  java.lang.invoke.LambdaForm$DMH+0x00003f80011c9000.invokeStatic(Ljava/lang/Object;Ljava/lang/Object;Ljava/lang/Object;JJJ)I+18 java.base@25.0.4
j  java.lang.invoke.LambdaForm$MH+0x00003f80011ca800.invoke(Ljava/lang/Object;Ljava/lang/Object;JJJ)I+45 java.base@25.0.4
j  java.lang.invoke.LambdaForm$MH+0x00003f80011cb000.invokeExact_MT(Ljava/lang/Object;Ljava/lang/Object;JJJLjava/lang/Object;)I+25 java.base@25.0.4
j  org.lwjgl.system.JNIBindingsImpl+0x00003f8001174000.callPPPI(Ljava/lang/foreign/MemorySegment;JJJ)I+9
j  org.lwjgl.system.JNI.callPPPI(JJJJ)I+12
j  org.lwjgl.vulkan.VK10.nvkEnumerateInstanceExtensionProperties(JJJ)I+14
j  org.lwjgl.vulkan.VK10.vkEnumerateInstanceExtensionProperties(Ljava/lang/CharSequence;Ljava/nio/IntBuffer;Lorg/lwjgl/vulkan/VkExtensionProperties$Buffer;)I+64
j  me.cortex.voxy.vk.ValidationLayerProbeTest.enumerateLayerProvidedExtensions()V+24
j  java.lang.invoke.LambdaForm$DMH+0x00003f8001292400.invokeVirtual(Ljava/lang/Object;Ljava/lang/Object;)V+10 java.base@25.0.4
j  java.lang.invoke.LambdaForm$MH+0x00003f80010a0800.invoke(Ljava/lang/Object;Ljava/lang/Object;)Ljava/lang/Object;+31 java.base@25.0.4
J 2325 c1 java.lang.invoke.Invokers$Holder.invokeExact_MT(Ljava/lang/Object;Ljava/lang/Object;Ljava/lang/Object;)Ljava/lang/Object; java.base@25.0.4 (23 bytes) @ 0x00000001172ef21c [0x00000001172eeb40+0x00000000000006dc]
j  jdk.internal.reflect.DirectMethodHandleAccessor.invokeImpl(Ljava/lang/Object;[Ljava/lang/Object;)Ljava/lang/Object;+41 java.base@25.0.4
j  jdk.internal.reflect.DirectMethodHandleAccessor.invoke(Ljava/lang/Object;[Ljava/lang/Object;)Ljava/lang/Object;+23 java.base@25.0.4
j  java.lang.reflect.Method.invoke(Ljava/lang/Object;[Ljava/lang/Object;)Ljava/lang/Object;+102 java.base@25.0.4
j  org.junit.platform.commons.util.ReflectionUtils.invokeMethod(Ljava/lang/reflect/Method;Ljava/lang/Object;[Ljava/lang/Object;)Ljava/lang/Object;+42
j  org.junit.jupiter.engine.execution.MethodInvocation.proceed()Ljava/lang/Object;+16
j  org.junit.jupiter.engine.execution.InvocationInterceptorChain$ValidatingInvocation.proceed()Ljava/lang/Object;+8
j  org.junit.jupiter.engine.extension.TimeoutExtension.intercept(Lorg/junit/jupiter/api/extension/InvocationInterceptor$Invocation;Lorg/junit/jupiter/api/extension/ReflectiveInvocationContext;Lorg/junit/jupiter/api/extension/ExtensionContext;Lorg/junit/jupiter/engine/extension/TimeoutDuration;Lorg/junit/jupiter/engine/extension/TimeoutExtension$TimeoutProvider;)Ljava/lang/Object;+28
j  org.junit.jupiter.engine.extension.TimeoutExtension.interceptTestableMethod(Lorg/junit/jupiter/api/extension/InvocationInterceptor$Invocation;Lorg/junit/jupiter/api/extension/ReflectiveInvocationContext;Lorg/junit/jupiter/api/extension/ExtensionContext;Lorg/junit/jupiter/engine/extension/TimeoutExtension$TimeoutProvider;)Ljava/lang/Object;+31
j  org.junit.jupiter.engine.extension.TimeoutExtension.interceptTestMethod(Lorg/junit/jupiter/api/extension/InvocationInterceptor$Invocation;Lorg/junit/jupiter/api/extension/ReflectiveInvocationContext;Lorg/junit/jupiter/api/extension/ExtensionContext;)V+9
j  org.junit.jupiter.engine.descriptor.TestMethodTestDescriptor$$Lambda+0x00003f8001118ef8.apply(Lorg/junit/jupiter/api/extension/InvocationInterceptor;Lorg/junit/jupiter/api/extension/InvocationInterceptor$Invocation;Lorg/junit/jupiter/api/extension/ReflectiveInvocationContext;Lorg/junit/jupiter/api/extension/ExtensionContext;)V+5
j  org.junit.jupiter.engine.execution.InterceptingExecutableInvoker$ReflectiveInterceptorCall.lambda$ofVoidMethod$0(Lorg/junit/jupiter/engine/execution/InterceptingExecutableInvoker$ReflectiveInterceptorCall$VoidMethodInterceptorCall;Lorg/junit/jupiter/api/extension/InvocationInterceptor;Lorg/junit/jupiter/api/extension/InvocationInterceptor$Invocation;Lorg/junit/jupiter/api/extension/ReflectiveInvocationContext;Lorg/junit/jupiter/api/extension/ExtensionContext;)Ljava/lang/Void;+6
j  org.junit.jupiter.engine.execution.InterceptingExecutableInvoker$ReflectiveInterceptorCall$$Lambda+0x00003f8001119328.apply(Lorg/junit/jupiter/api/extension/InvocationInterceptor;Lorg/junit/jupiter/api/extension/InvocationInterceptor$Invocation;Lorg/junit/jupiter/api/extension/ReflectiveInvocationContext;Lorg/junit/jupiter/api/extension/ExtensionContext;)Ljava/lang/Object;+9
j  org.junit.jupiter.engine.execution.InterceptingExecutableInvoker.lambda$invoke$0(Lorg/junit/jupiter/engine/execution/InterceptingExecutableInvoker$ReflectiveInterceptorCall;Lorg/junit/jupiter/api/extension/ReflectiveInvocationContext;Lorg/junit/jupiter/api/extension/ExtensionContext;Lorg/junit/jupiter/api/extension/InvocationInterceptor;Lorg/junit/jupiter/api/extension/InvocationInterceptor$Invocation;)Ljava/lang/Object;+6
j  org.junit.jupiter.engine.execution.InterceptingExecutableInvoker$$Lambda+0x00003f8001149a20.apply(Lorg/junit/jupiter/api/extension/InvocationInterceptor;Lorg/junit/jupiter/api/extension/InvocationInterceptor$Invocation;)Ljava/lang/Object;+14
j  org.junit.jupiter.engine.execution.InvocationInterceptorChain$InterceptedInvocation.proceed()Ljava/lang/Object;+12
j  org.junit.jupiter.engine.execution.InvocationInterceptorChain.proceed(Lorg/junit/jupiter/api/extension/InvocationInterceptor$Invocation;)Ljava/lang/Object;+1
j  org.junit.jupiter.engine.execution.InvocationInterceptorChain.chainAndInvoke(Lorg/junit/jupiter/api/extension/InvocationInterceptor$Invocation;Lorg/junit/jupiter/engine/execution/InvocationInterceptorChain$InterceptorCall;Ljava/util/List;)Ljava/lang/Object;+24
j  org.junit.jupiter.engine.execution.InvocationInterceptorChain.invoke(Lorg/junit/jupiter/api/extension/InvocationInterceptor$Invocation;Lorg/junit/jupiter/engine/extension/ExtensionRegistry;Lorg/junit/jupiter/engine/execution/InvocationInterceptorChain$InterceptorCall;)Ljava/lang/Object;+31
j  org.junit.jupiter.engine.execution.InterceptingExecutableInvoker.invoke(Lorg/junit/jupiter/api/extension/InvocationInterceptor$Invocation;Lorg/junit/jupiter/api/extension/ReflectiveInvocationContext;Lorg/junit/jupiter/api/extension/ExtensionContext;Lorg/junit/jupiter/engine/extension/ExtensionRegistry;Lorg/junit/jupiter/engine/execution/InterceptingExecutableInvoker$ReflectiveInterceptorCall;)Ljava/lang/Object;+15
j  org.junit.jupiter.engine.execution.InterceptingExecutableInvoker.invoke(Ljava/lang/reflect/Method;Ljava/lang/Object;Lorg/junit/jupiter/api/extension/ExtensionContext;Lorg/junit/jupiter/engine/extension/ExtensionRegistry;Lorg/junit/jupiter/engine/execution/InterceptingExecutableInvoker$ReflectiveInterceptorCall;)Ljava/lang/Object;+55
j  org.junit.jupiter.engine.descriptor.TestMethodTestDescriptor.lambda$invokeTestMethod$7(Lorg/junit/jupiter/api/extension/ExtensionContext;Lorg/junit/jupiter/engine/execution/JupiterEngineExecutionContext;)V+28
j  org.junit.jupiter.engine.descriptor.TestMethodTestDescriptor$$Lambda+0x00003f8001294660.execute()V+12
j  org.junit.platform.engine.support.hierarchical.ThrowableCollector.execute(Lorg/junit/platform/engine/support/hierarchical/ThrowableCollector$Executable;)V+1
j  org.junit.jupiter.engine.descriptor.TestMethodTestDescriptor.invokeTestMethod(Lorg/junit/jupiter/engine/execution/JupiterEngineExecutionContext;Lorg/junit/platform/engine/support/hierarchical/Node$DynamicTestExecutor;)V+21
j  org.junit.jupiter.engine.descriptor.TestMethodTestDescriptor.execute(Lorg/junit/jupiter/engine/execution/JupiterEngineExecutionContext;Lorg/junit/platform/engine/support/hierarchical/Node$DynamicTestExecutor;)Lorg/junit/jupiter/engine/execution/JupiterEngineExecutionContext;+44
j  org.junit.jupiter.engine.descriptor.TestMethodTestDescriptor.execute(Lorg/junit/platform/engine/support/hierarchical/EngineExecutionContext;Lorg/junit/platform/engine/support/hierarchical/Node$DynamicTestExecutor;)Lorg/junit/platform/engine/support/hierarchical/EngineExecutionContext;+6
j  org.junit.platform.engine.support.hierarchical.NodeTestTask.lambda$executeRecursively$6()V+79
j  org.junit.platform.engine.support.hierarchical.NodeTestTask$$Lambda+0x00003f8001135668.execute()V+4
j  org.junit.platform.engine.support.hierarchical.ThrowableCollector.execute(Lorg/junit/platform/engine/support/hierarchical/ThrowableCollector$Executable;)V+1
j  org.junit.platform.engine.support.hierarchical.NodeTestTask.lambda$executeRecursively$8(Lorg/junit/platform/engine/support/hierarchical/EngineExecutionContext;)V+15
j  org.junit.platform.engine.support.hierarchical.NodeTestTask$$Lambda+0x00003f8001135438.invoke(Lorg/junit/platform/engine/support/hierarchical/EngineExecutionContext;)V+5
j  org.junit.platform.engine.support.hierarchical.Node.around(Lorg/junit/platform/engine/support/hierarchical/EngineExecutionContext;Lorg/junit/platform/engine/support/hierarchical/Node$Invocation;)V+2
j  org.junit.platform.engine.support.hierarchical.NodeTestTask.lambda$executeRecursively$9()V+14
j  org.junit.platform.engine.support.hierarchical.NodeTestTask$$Lambda+0x00003f8001135000.execute()V+4
j  org.junit.platform.engine.support.hierarchical.ThrowableCollector.execute(Lorg/junit/platform/engine/support/hierarchical/ThrowableCollector$Executable;)V+1
j  org.junit.platform.engine.support.hierarchical.NodeTestTask.executeRecursively()V+31
j  org.junit.platform.engine.support.hierarchical.NodeTestTask.execute()V+55
j  org.junit.platform.engine.support.hierarchical.SameThreadHierarchicalTestExecutorService$$Lambda+0x00003f8001134a40.accept(Ljava/lang/Object;)V+4
J 3822 c1 java.util.ArrayList.forEach(Ljava/util/function/Consumer;)V java.base@25.0.4 (74 bytes) @ 0x000000011757b130 [0x000000011757aec0+0x0000000000000270]
j  org.junit.platform.engine.support.hierarchical.SameThreadHierarchicalTestExecutorService.invokeAll(Ljava/util/List;)V+6
j  org.junit.platform.engine.support.hierarchical.NodeTestTask.lambda$executeRecursively$6()V+116
j  org.junit.platform.engine.support.hierarchical.NodeTestTask$$Lambda+0x00003f8001135668.execute()V+4
j  org.junit.platform.engine.support.hierarchical.ThrowableCollector.execute(Lorg/junit/platform/engine/support/hierarchical/ThrowableCollector$Executable;)V+1
j  org.junit.platform.engine.support.hierarchical.NodeTestTask.lambda$executeRecursively$8(Lorg/junit/platform/engine/support/hierarchical/EngineExecutionContext;)V+15
j  org.junit.platform.engine.support.hierarchical.NodeTestTask$$Lambda+0x00003f8001135438.invoke(Lorg/junit/platform/engine/support/hierarchical/EngineExecutionContext;)V+5
j  org.junit.platform.engine.support.hierarchical.Node.around(Lorg/junit/platform/engine/support/hierarchical/EngineExecutionContext;Lorg/junit/platform/engine/support/hierarchical/Node$Invocation;)V+2
j  org.junit.platform.engine.support.hierarchical.NodeTestTask.lambda$executeRecursively$9()V+14
j  org.junit.platform.engine.support.hierarchical.NodeTestTask$$Lambda+0x00003f8001135000.execute()V+4
j  org.junit.platform.engine.support.hierarchical.ThrowableCollector.execute(Lorg/junit/platform/engine/support/hierarchical/ThrowableCollector$Executable;)V+1
j  org.junit.platform.engine.support.hierarchical.NodeTestTask.executeRecursively()V+31
j  org.junit.platform.engine.support.hierarchical.NodeTestTask.execute()V+55
j  org.junit.platform.engine.support.hierarchical.SameThreadHierarchicalTestExecutorService$$Lambda+0x00003f8001134a40.accept(Ljava/lang/Object;)V+4
j  java.util.ArrayList.forEach(Ljava/util/function/Consumer;)V+46 java.base@25.0.4
j  org.junit.platform.engine.support.hierarchical.SameThreadHierarchicalTestExecutorService.invokeAll(Ljava/util/List;)V+6
j  org.junit.platform.engine.support.hierarchical.NodeTestTask.lambda$executeRecursively$6()V+116
j  org.junit.platform.engine.support.hierarchical.NodeTestTask$$Lambda+0x00003f8001135668.execute()V+4
j  org.junit.platform.engine.support.hierarchical.ThrowableCollector.execute(Lorg/junit/platform/engine/support/hierarchical/ThrowableCollector$Executable;)V+1
j  org.junit.platform.engine.support.hierarchical.NodeTestTask.lambda$executeRecursively$8(Lorg/junit/platform/engine/support/hierarchical/EngineExecutionContext;)V+15
j  org.junit.platform.engine.support.hierarchical.NodeTestTask$$Lambda+0x00003f8001135438.invoke(Lorg/junit/platform/engine/support/hierarchical/EngineExecutionContext;)V+5
j  org.junit.platform.engine.support.hierarchical.Node.around(Lorg/junit/platform/engine/support/hierarchical/EngineExecutionContext;Lorg/junit/platform/engine/support/hierarchical/Node$Invocation;)V+2
j  org.junit.platform.engine.support.hierarchical.NodeTestTask.lambda$executeRecursively$9()V+14
j  org.junit.platform.engine.support.hierarchical.NodeTestTask$$Lambda+0x00003f8001135000.execute()V+4
j  org.junit.platform.engine.support.hierarchical.ThrowableCollector.execute(Lorg/junit/platform/engine/support/hierarchical/ThrowableCollector$Executable;)V+1
j  org.junit.platform.engine.support.hierarchical.NodeTestTask.executeRecursively()V+31
j  org.junit.platform.engine.support.hierarchical.NodeTestTask.execute()V+55
j  org.junit.platform.engine.support.hierarchical.SameThreadHierarchicalTestExecutorService.submit(Lorg/junit/platform/engine/support/hierarchical/HierarchicalTestExecutorService$TestTask;)Ljava/util/concurrent/Future;+1
j  org.junit.platform.engine.support.hierarchical.HierarchicalTestExecutor.execute()Ljava/util/concurrent/Future;+74
j  org.junit.platform.engine.support.hierarchical.HierarchicalTestEngine.execute(Lorg/junit/platform/engine/ExecutionRequest;)V+31
j  org.junit.platform.launcher.core.EngineExecutionOrchestrator.execute(Lorg/junit/platform/engine/TestDescriptor;Lorg/junit/platform/engine/EngineExecutionListener;Lorg/junit/platform/engine/ConfigurationParameters;Lorg/junit/platform/engine/TestEngine;)V+24
j  org.junit.platform.launcher.core.EngineExecutionOrchestrator.execute(Lorg/junit/platform/launcher/core/LauncherDiscoveryResult;Lorg/junit/platform/engine/EngineExecutionListener;)V+115
j  org.junit.platform.launcher.core.EngineExecutionOrchestrator.execute(Lorg/junit/platform/launcher/core/InternalTestPlan;Lorg/junit/platform/engine/EngineExecutionListener;Lorg/junit/platform/launcher/TestExecutionListener;)V+55
j  org.junit.platform.launcher.core.EngineExecutionOrchestrator.lambda$execute$0(Lorg/junit/platform/launcher/core/InternalTestPlan;Lorg/junit/platform/launcher/TestExecutionListener;)V+6
j  org.junit.platform.launcher.core.EngineExecutionOrchestrator$$Lambda+0x00003f80011237b0.accept(Ljava/lang/Object;)V+12
j  org.junit.platform.launcher.core.EngineExecutionOrchestrator.withInterceptedStreams(Lorg/junit/platform/engine/ConfigurationParameters;Lorg/junit/platform/launcher/core/ListenerRegistry;Ljava/util/function/Consumer;)V+51
j  org.junit.platform.launcher.core.EngineExecutionOrchestrator.execute(Lorg/junit/platform/launcher/core/InternalTestPlan;[Lorg/junit/platform/launcher/TestExecutionListener;)V+23
j  org.junit.platform.launcher.core.DefaultLauncher.execute(Lorg/junit/platform/launcher/core/InternalTestPlan;[Lorg/junit/platform/launcher/TestExecutionListener;)V+6
j  org.junit.platform.launcher.core.DefaultLauncher.execute(Lorg/junit/platform/launcher/LauncherDiscoveryRequest;[Lorg/junit/platform/launcher/TestExecutionListener;)V+34
j  org.junit.platform.launcher.core.DelegatingLauncher.execute(Lorg/junit/platform/launcher/LauncherDiscoveryRequest;[Lorg/junit/platform/launcher/TestExecutionListener;)V+6
j  org.gradle.api.internal.tasks.testing.junitplatform.JUnitPlatformTestDefinitionProcessor$CollectThenExecuteTestDefinitionConsumer.processAllTestDefinitions()V+82
j  org.gradle.api.internal.tasks.testing.junitplatform.JUnitPlatformTestDefinitionProcessor$CollectThenExecuteTestDefinitionConsumer.access$000(Lorg/gradle/api/internal/tasks/testing/junitplatform/JUnitPlatformTestDefinitionProcessor$CollectThenExecuteTestDefinitionConsumer;)V+1
j  org.gradle.api.internal.tasks.testing.junitplatform.JUnitPlatformTestDefinitionProcessor.stop()V+17
j  org.gradle.api.internal.tasks.testing.SuiteTestDefinitionProcessor.stop()V+4
j  java.lang.invoke.LambdaForm$DMH+0x00003f80010a0000.invokeInterface(Ljava/lang/Object;Ljava/lang/Object;)V+21 java.base@25.0.4
j  java.lang.invoke.LambdaForm$MH+0x00003f80010a0800.invoke(Ljava/lang/Object;Ljava/lang/Object;)Ljava/lang/Object;+31 java.base@25.0.4
j  java.lang.invoke.Invokers$Holder.invokeExact_MT(Ljava/lang/Object;Ljava/lang/Object;Ljava/lang/Object;)Ljava/lang/Object;+19 java.base@25.0.4
j  jdk.internal.reflect.DirectMethodHandleAccessor.invokeImpl(Ljava/lang/Object;[Ljava/lang/Object;)Ljava/lang/Object;+41 java.base@25.0.4
j  jdk.internal.reflect.DirectMethodHandleAccessor.invoke(Ljava/lang/Object;[Ljava/lang/Object;)Ljava/lang/Object;+23 java.base@25.0.4
j  java.lang.reflect.Method.invoke(Ljava/lang/Object;[Ljava/lang/Object;)Ljava/lang/Object;+102 java.base@25.0.4
j  org.gradle.internal.dispatch.MethodInvocation.invokeOn(Ljava/lang/Object;)V+17
j  org.gradle.internal.dispatch.ReflectionDispatch.dispatch(Lorg/gradle/internal/dispatch/MethodInvocation;)V+5
j  org.gradle.internal.dispatch.ReflectionDispatch.dispatch(Ljava/lang/Object;)V+5
j  org.gradle.internal.dispatch.ContextClassLoaderDispatch.dispatch(Ljava/lang/Object;)V+22
j  org.gradle.internal.dispatch.ProxyDispatchAdapter$DispatchingInvocationHandler.invoke(Ljava/lang/Object;Ljava/lang/reflect/Method;[Ljava/lang/Object;)Ljava/lang/Object;+259
j  jdk.proxy1.$Proxy4.stop()V+9 jdk.proxy1
j  org.gradle.api.internal.tasks.testing.worker.TestWorker$3.run()V+7
j  org.gradle.api.internal.tasks.testing.worker.TestWorker.executeAndMaintainThreadName(Ljava/lang/Runnable;)V+1
j  org.gradle.api.internal.tasks.testing.worker.TestWorker.execute(Lorg/gradle/process/internal/worker/WorkerProcessContext;)V+76
j  org.gradle.api.internal.tasks.testing.worker.TestWorker.execute(Ljava/lang/Object;)V+5
j  org.gradle.process.internal.worker.child.ActionExecutionWorker.execute(Lorg/gradle/process/internal/worker/WorkerProcessContext;)V+65
j  org.gradle.process.internal.worker.child.SystemApplicationClassLoaderWorker.call()Ljava/lang/Void;+270
j  org.gradle.process.internal.worker.child.SystemApplicationClassLoaderWorker.call()Ljava/lang/Object;+1
j  worker.org.gradle.process.internal.worker.GradleWorkerMain.run()V+250
j  worker.org.gradle.process.internal.worker.GradleWorkerMain.main([Ljava/lang/String;)V+7
v  ~StubRoutines::call_stub 0x000000011e4d8154

siginfo: si_signo: 11 (SIGSEGV), si_code: 2 (SEGV_ACCERR), si_addr: 0x0000000000000c10

Registers:
 x0=0x0000000000000210  x1=0x000000082320fffc  x2=0x0000000000000000  x3=0xfffffffffffffff0
 x4=0x000000000000004d  x5=0x0000000000000056  x6=0x0000000000000002  x7=0x0000000100b5fe20
 x8=0xf3beac255b040052  x9=0xf3beac255b040052 x10=0x0000000100b602d4 x11=0x0000000128ad4030
x12=0x00000001289acd60 x13=0x0000000000000000 x14=0x0000000000000001 x15=0x00000004753c0eb8
x16=0x000000018e1b8730 x17=0x0000000000000000 x18=0x0000000000000000 x19=0x000000082320fffc
x20=0x0000000000000000 x21=0x0000000000000000 x22=0x000000082320fffc x23=0x000000082320ffe0
x24=0x000000016fa6aeb8 x25=0x00000004626f6270 x26=0x0000000128ad4400 x27=0x0000000000000000
x28=0x0000000100b5fe20  fp=0x000000016fa6ad30  lr=0x000000012e1ddb7c  sp=0x000000016fa6ad00
pc=0x000000012e234cd0 cpsr=0x0000000060000000

Register to memory mapping:

x0 =0x0000000000000210 is an unknown value
x1 =0x000000082320fffc points into unknown readable memory: 12 00 00 00
x2 =0x0 is null
x3 =0xfffffffffffffff0 is an unknown value
x4 =0x000000000000004d is an unknown value
x5 =0x0000000000000056 is an unknown value
x6 =0x0000000000000002 is an unknown value
x7 =0x0000000100b5fe20 is a thread
x8 =0xf3beac255b040052 is an unknown value
x9 =0xf3beac255b040052 is an unknown value
x10=0x0000000100b602d4 points into unknown readable memory: 04 00 00 00
x11=0x0000000128ad4030 is pointing into metadata
x12={method} {0x00000001289acd60} 'linkToNative' '(JJJJLjava/lang/Object;)I' in 'java/lang/invoke/MethodHandle'
x13=0x0 is null
x14=0x0000000000000001 is an unknown value
x15=0x00000004753c0eb8 is an oop: jdk.internal.foreign.GlobalSession 
{0x00000004753c0eb8} - klass: 'jdk/internal/foreign/GlobalSession' - flags: 

 - ---- fields (total size 4 words):
 - 'state' 'I' @12  1 (0x00000001)
 - 'acquireCount' 'I' @16  0 (0x00000000)
 - final 'resourceList' 'Ljdk/internal/foreign/MemorySessionImpl$ResourceList;' @20  null (0x00000000)
 - final 'owner' 'Ljava/lang/Thread;' @24  null (0x00000000)
x16=0x000000018e1b8730: _platform_strcmp$VARIANT$Base+0 in /usr/lib/system/libsystem_platform.dylib at 0x000000018e1b4000
x17=0x0 is null
x18=0x0 is null
x19=0x000000082320fffc points into unknown readable memory: 12 00 00 00
x20=0x0 is null
x21=0x0 is null
x22=0x000000082320fffc points into unknown readable memory: 12 00 00 00
x23=0x000000082320ffe0 points into unknown readable memory: 0x524559414c5f4b56 | 56 4b 5f 4c 41 59 45 52
x24=0x000000016fa6aeb8 is pointing into the stack for thread: 0x0000000100b5fe20
x25=0x00000004626f6270 is an oop: [B 
{0x00000004626f6270} - klass: {type array byte} - flags: is_cloneable_fast 

 - length: 86
 -   0: 5b [
 -   1: 6d m
 -   2: 65 e
 -   3: 74 t
 -   4: 68 h
 -   5: 6f o
 -   6: 64 d
 -   7: 3a :
 -   8: 65 e
 -   9: 6e n
 -  10: 75 u
 -  11: 6d m
 -  12: 65 e
 -  13: 72 r
 -  14: 61 a
 -  15: 74 t
 -  16: 65 e
 -  17: 4c L
 -  18: 61 a
 -  19: 79 y
 -  20: 65 e
 -  21: 72 r
 -  22: 50 P
 -  23: 72 r
 -  24: 6f o
 -  25: 76 v
 -  26: 69 i
 -  27: 64 d
 -  28: 65 e
 -  29: 64 d
 -  30: 45 E
 -  31: 78 x
 -  32: 74 t
 -  33: 65 e
 -  34: 6e n
 -  35: 73 s
 -  36: 69 i
 -  37: 6f o
 -  38: 6e n
 -  39: 73 s
 -  40: 28 (
 -  41: 29 )
 -  42: 5d ]
 -  43: 0  
 -  44: 0  
 -  45: 0  
 -  46: 0  
 -  47: 0  
 -  48: 0  
 -  49: 0  
 -  50: 0  
 -  51: 0  
 -  52: 0  
 -  53: 0  
 -  54: 0  
 -  55: 0  
 -  56: 0  
 -  57: 0  
 -  58: 0  
 -  59: 0  
 -  60: 0  
 -  61: 0  
 -  62: 0  
 -  63: 0  
 -  64: 0  
 -  65: 0  
 -  66: 0  
 -  67: 0  
 -  68: 0  
 -  69: 0  
 -  70: 0  
 -  71: 0  
 -  72: 0  
 -  73: 0  
 -  74: 0  
 -  75: 0  
 -  76: 0  
 -  77: 0  
 -  78: 0  
 -  79: 0  
 -  80: 0  
 -  81: 0  
 -  82: 0  
 -  83: 0  
 -  84: 0  
 -  85: 0  
x26=0x0000000128ad4400 is pointing into metadata
x27=0x0 is null
x28=0x0000000100b5fe20 is a thread
 fp=0x000000016fa6ad30 is pointing into the stack for thread: 0x0000000100b5fe20
 lr=0x000000012e1ddb7c: <offset 0xdb7c> in /private/var/folders/1x/f_ndm0515g5146jsxf_bqq600000gn/T/lwjgl_xyz/3.4.1+2/arm64/libMoltenVK.dylib at 0x000000012e1d0000
 sp=0x000000016fa6ad00 is pointing into the stack for thread: 0x0000000100b5fe20

Top of Stack: (sp=0x000000016fa6ad00)
0x000000016fa6ad00:   000000016fa6aeb8 000000082320ffe0   ...o...... #....
0x000000016fa6ad10:   000000082320fffc 0000000000000000   .. #............
0x000000016fa6ad20:   0000000000000000 000000012e4e4383   .........CN.....
0x000000016fa6ad30:   000000016fa6ad80 000000012e1ddb7c   ...o....|.......
0x000000016fa6ad40:   000000016fa6b340 000000016fa6b320   @..o.... ..o....
0x000000016fa6ad50:   000000016fa6aeb8 0000000000000000   ...o............
0x000000016fa6ad60:   0000000128ad4256 000000010e0e6138   VB.(....8a......
0x000000016fa6ad70:   000000016fa6adc8 000000016fa6adb0   ...o.......o....
0x000000016fa6ad80:   000000016fa6ada0 000000011e5ef700   ...o......^.....
0x000000016fa6ad90:   00003f8000186d38 00000001280ebe50   8m...?..P..(....
0x000000016fa6ada0:   000000016fa6ae60 000000011e4dc910   `..o......M.....
0x000000016fa6adb0:   000000082320fffb 000000011752dccc   .. #......R.....
0x000000016fa6adc0:   00000004626fa5f4 00000004747b83b8   ..ob......{t....
0x000000016fa6add0:   0000000000000000 0000000000000000   ................
0x000000016fa6ade0:   000000082320fffc 0000000000000000   .. #............
0x000000016fa6adf0:   000000082320ffe0 0000000000000000   .. #............
0x000000016fa6ae00:   000000012e1ddb2c 0000000000000000   ,...............
0x000000016fa6ae10:   fffffffffffffff6 0000000128ad4256   ........VB.(....
0x000000016fa6ae20:   000000000000000b 0000000128ad4400   .........D.(....
0x000000016fa6ae30:   00000004752b0cb8 ffffffffffffffea   ..+u............
0x000000016fa6ae40:   0000000000000000 0000000128ad4268   ........hB.(....
0x000000016fa6ae50:   ffffffffffffffed 000000016fa6ae60   ........`..o....
0x000000016fa6ae60:   000000016fa6af10 000000011e4dc910   ...o......M.....
0x000000016fa6ae70:   00000004747b83b8 0000000000000000   ..{t............
0x000000016fa6ae80:   0000000000000000 000000082320fffc   .......... #....
0x000000016fa6ae90:   0000000000000000 000000082320ffe0   .......... #....
0x000000016fa6aea0:   0000000000000000 000000012e1ddb2c   ........,.......
0x000000016fa6aeb0:   0000000000000000 00000004747b8390   ..........{t....
0x000000016fa6aec0:   fffffffffffffff6 0000000128ada2a1   ...........(....
0x000000016fa6aed0:   000000000000000b 0000000128ada460   ........`..(....
0x000000016fa6aee0:   00000004752ae6b8 ffffffffffffffea   ..*u............
0x000000016fa6aef0:   0000000000000000 0000000128ada2b0   ...........(....

Instructions: (pc=0x000000012e234cd0)
  0x000000012e234bd0:   09 83 5f 38 3f 05 00 71 61 ff ff 54 48 00 00 36
  0x000000012e234be0:   94 00 00 34 e0 03 13 aa e1 03 15 aa 58 da 08 94
  0x000000012e234bf0:   01 03 40 f9 e0 03 13 aa 55 da 08 94 e0 03 13 aa
  0x000000012e234c00:   e1 03 16 aa 52 da 08 94 08 03 40 f9 00 01 41 b9
  0x000000012e234c10:   e8 23 00 91 08 db 08 94 e8 7f 40 39 09 1d 00 13
  0x000000012e234c20:   ea af 40 a9 3f 01 00 71 41 b1 99 9a 62 b1 88 9a
  0x000000012e234c30:   e0 03 13 aa 49 da 08 94 e8 7f c0 39 28 fc ff 36
  0x000000012e234c40:   e0 07 40 f9 1a db 08 94 de ff ff 17 fd 7b 46 a9
  0x000000012e234c50:   f4 4f 45 a9 f6 57 44 a9 f8 5f 43 a9 fa 67 42 a9
  0x000000012e234c60:   ff c3 01 91 c0 03 5f d6 0d 00 00 14 f4 03 00 aa
  0x000000012e234c70:   e8 7f c0 39 a8 00 f8 37 68 5e c0 39 68 01 f8 37
  0x000000012e234c80:   e0 03 14 aa 08 da 08 94 e0 07 40 f9 08 db 08 94
  0x000000012e234c90:   68 5e c0 39 68 ff ff 36 04 00 00 14 f4 03 00 aa
  0x000000012e234ca0:   68 5e c0 39 e8 fe ff 36 60 02 40 f9 00 db 08 94
  0x000000012e234cb0:   e0 03 14 aa fc d9 08 94 f8 5f bc a9 f6 57 01 a9
  0x000000012e234cc0:   f4 4f 02 a9 fd 7b 03 a9 fd c3 00 91 f3 03 01 aa
=>0x000000012e234cd0:   16 00 4a b9 d6 02 00 34 f4 03 02 aa 15 00 80 52
  0x000000012e234ce0:   17 40 00 91 98 20 80 52 05 00 00 14 b5 06 00 11
  0x000000012e234cf0:   f7 42 00 91 d6 06 00 f1 c0 01 00 54 e8 82 5f 38
  0x000000012e234d00:   1f 05 00 71 61 ff ff 54 34 ff ff b4 68 02 40 b9
  0x000000012e234d10:   bf 02 08 6b c2 01 00 54 e1 02 40 f9 a0 52 b8 9b
  0x000000012e234d20:   82 20 80 52 7e db 08 94 f1 ff ff 17 15 00 80 52
  0x000000012e234d30:   00 00 80 52 75 02 00 b9 fd 7b 43 a9 f4 4f 42 a9
  0x000000012e234d40:   f6 57 41 a9 f8 5f c4 a8 c0 03 5f d6 a0 00 80 52
  0x000000012e234d50:   fa ff ff 17 00 fc 44 f9 c0 03 5f d6 c0 03 5f d6
  0x000000012e234d60:   d3 da 08 14 08 04 00 51 1f 85 00 71 c8 00 00 54
  0x000000012e234d70:   08 1d 40 92 89 17 00 b0 29 e1 12 91 20 79 68 f8
  0x000000012e234d80:   c0 03 5f d6 a0 15 00 d0 00 64 34 91 c0 03 5f d6
  0x000000012e234d90:   1f 38 00 31 6d 02 00 54 48 bd 99 52 48 73 a7 72
  0x000000012e234da0:   1f 00 08 6b 2c 08 00 54 08 34 00 11 1f 49 00 71
  0x000000012e234db0:   a8 22 00 54 a0 15 00 d0 00 c0 34 91 09 13 00 d0
  0x000000012e234dc0:   29 31 1d 91 8a 00 00 10 2b 79 68 78 4a 09 0b 8b


Stack slot to memory mapping:

stack at sp + 0 slots: 0x000000016fa6aeb8 is pointing into the stack for thread: 0x0000000100b5fe20
stack at sp + 1 slots: 0x000000082320ffe0 points into unknown readable memory: 0x524559414c5f4b56 | 56 4b 5f 4c 41 59 45 52
stack at sp + 2 slots: 0x000000082320fffc points into unknown readable memory: 12 00 00 00
stack at sp + 3 slots: 0x0 is null
stack at sp + 4 slots: 0x0 is null
stack at sp + 5 slots: 0x000000012e4e4383: <offset 0x314383> in /private/var/folders/1x/f_ndm0515g5146jsxf_bqq600000gn/T/lwjgl_xyz/3.4.1+2/arm64/libMoltenVK.dylib at 0x000000012e1d0000
stack at sp + 6 slots: 0x000000016fa6ad80 is pointing into the stack for thread: 0x0000000100b5fe20
stack at sp + 7 slots: 0x000000012e1ddb7c: <offset 0xdb7c> in /private/var/folders/1x/f_ndm0515g5146jsxf_bqq600000gn/T/lwjgl_xyz/3.4.1+2/arm64/libMoltenVK.dylib at 0x000000012e1d0000

Lock stack of current Java thread (top to bottom):

--------------------------------------------------------------------------------
Decoding CodeBlob, name: nep_invoker_blob, at  [0x000000011e5ef6c0, 0x000000011e5ef790]  208 bytes
[MachCode]
  0x000000011e5ef6c0: fd7b bfa9 | fd03 0091 | bf43 00d1 | 0900 0010 | 890b 02f9 | e903 0091 | 9d0f 02f9 | 8907 02f9 
  0x000000011e5ef6e0: e903 7eb2 | 8ad3 1291 | 49fd 9f88 | e903 01aa | e103 03aa | e003 02aa | e203 04aa | 2001 3fd6 
  0x000000011e5ef700: a900 80d2 | 89b7 04b9 | bf3b 03d5 | 89a3 0091 | 29fd dfc8 | bf03 09eb | e801 0054 | 89b3 44b9 
  0x000000011e5ef720: a901 0035 | e903 7db2 | 8ad3 1291 | 49fd 9f88 | 89c3 5439 | 3f09 0071 | e001 0054 | 9f07 02f9 
  0x000000011e5ef740: 9f0f 02f9 | 9f0b 02f9 | bf03 0091 | fd7b c1a8 | c003 5fd6 | e003 00f9 | e003 1caa | 89c2 87d2 
  0x000000011e5ef760: 49af a1f2 | 2900 c0f2 | 2001 3fd6 | e003 40f9 | edff ff17 | e003 00f9 | 09f8 91d2 | e9b7 a1f2 
  0x000000011e5ef780: 2900 c0f2 | 2001 3fd6 | e003 40f9 | ecff ff17 
[/MachCode]
--------------------------------------------------------------------------------


Compiled method (c1) 1212 2325       3       java.lang.invoke.Invokers$Holder::invokeExact_MT (23 bytes)
 total in heap  [0x00000001172eea48,0x00000001172ef468] = 2592
 main code      [0x00000001172eeb40,0x00000001172ef3b0] = 2160
 stub code      [0x00000001172ef3b0,0x00000001172ef468] = 184
 mutable data [0x00000008249fab80,0x00000008249facc8] = 328
 relocation     [0x00000008249fab80,0x00000008249fac58] = 216
 metadata       [0x00000008249fac58,0x00000008249facc8] = 112
 immutable data [0x00000008262d3100,0x00000008262d32a8] = 424
 dependencies   [0x00000008262d3100,0x00000008262d3110] = 16
 nul chk table  [0x00000008262d3110,0x00000008262d3130] = 32
 scopes pcs     [0x00000008262d3130,0x00000008262d3210] = 224
 scopes data    [0x00000008262d3210,0x00000008262d32a8] = 152

[Constant Pool (empty)]

[MachCode]
[Verified Entry Point]
  # {method} {0x00003f800020d8d8} 'invokeExact_MT' '(Ljava/lang/Object;Ljava/lang/Object;Ljava/lang/Object;)Ljava/lang/Object;' in 'java/lang/invoke/Invokers$Holder'
  # parm0:    c_rarg1:c_rarg1 
                        = 'java/lang/Object'
  # parm1:    c_rarg2:c_rarg2 
                        = 'java/lang/Object'
  # parm2:    c_rarg3:c_rarg3 
                        = 'java/lang/Object'
  #           [sp+0x60]  (sp of caller)
  0x00000001172eeb40: 1f20 03d5 | e953 40d1 | 3f01 00f9 | ff83 01d1 | fd7b 05a9 | 2801 0018 | 8923 40b9 | 1f01 09eb 
  0x00000001172eeb60: e000 0054 

  0x00000001172eeb64: ;   {runtime_call Stub::method_entry_barrier}
  0x00000001172eeb64: 0830 98d2 | 28ca a3f2 | 2800 c0f2 | 0001 3fd6 | 0200 0014 | 0300 0000 | fd03 02aa 

  0x00000001172eeb80: ;   {metadata(method data for {method} {0x00003f800020d8d8} 'invokeExact_MT' '(Ljava/lang/Object;Ljava/lang/Object;Ljava/lang/Object;)Ljava/lang/Object;' in 'java/lang/invoke/Invokers$Holder')}
  0x00000001172eeb80: 004a 8ad2 | 4013 a5f2 | 2000 c0f2 | 0040 0991 | e203 01aa | a200 00b5 | 0900 40f9 | 2901 40b2 
  0x00000001172eeba0: 0900 00f9 | 1600 0014 | 4208 40b9 | 4218 59d2 | 0900 40f9 | 4200 09ca | 48f4 7e92 | 0802 00b4 
  0x00000001172eebc0: e201 0837 | a901 00b4 | 3f05 00f1 | 6001 0054 | bf39 03d5 | 4200 09ca | 0900 40f9 | 4200 09ca 
  0x00000001172eebe0: 48f4 7e92 | c800 00b4 | 0900 40f9 | 2901 7fb2 | 0900 00f9 | 0200 0014 | 0200 00f9 | e203 1daa 
  0x00000001172eec00: a200 00b5 | 0908 40f9 | 2901 40b2 | 0908 00f9 | 1600 0014 | 4208 40b9 | 4218 59d2 | 0908 40f9 
  0x00000001172eec20: 4200 09ca | 48f4 7e92 | 0802 00b4 | e201 0837 | a901 00b4 | 3f05 00f1 | 6001 0054 | bf39 03d5 
  0x00000001172eec40: 4200 09ca | 0908 40f9 | 4200 09ca | 48f4 7e92 | c800 00b4 | 0908 40f9 | 2901 7fb2 | 0908 00f9 
  0x00000001172eec60: 0200 0014 | 0208 00f9 

  0x00000001172eec68: ;   {metadata(method data for {method} {0x00003f800020d8d8} 'invokeExact_MT' '(Ljava/lang/Object;Ljava/lang/Object;Ljava/lang/Object;)Ljava/lang/Object;' in 'java/lang/invoke/Invokers$Holder')}
  0x00000001172eec68: 004a 8ad2 | 4013 a5f2 | 2000 c0f2 | 0290 40b9 | 4208 0011 | 0290 00b9 | 4224 1f12 | 5f00 0071 
  0x00000001172eec88: 2033 0054 

  0x00000001172eec8c: ;   {metadata(method data for {method} {0x00003f800020d8d8} 'invokeExact_MT' '(Ljava/lang/Object;Ljava/lang/Object;Ljava/lang/Object;)Ljava/lang/Object;' in 'java/lang/invoke/Invokers$Holder')}
  0x00000001172eec8c: 044a 8ad2 | 4413 a5f2 | 2400 c0f2 | a100 00b5 | 8844 4339 | 0801 40b2 | 8844 0339 | 2900 0014 
  0x00000001172eecac: 2208 40b9 | 4218 59d2 | 8870 40f9 | 5f00 08eb | a100 0054 | 8874 40f9 | 0805 0091 | 8874 00f9 
  0x00000001172eeccc: 1700 0014 | 8878 40f9 | 5f00 08eb | a100 0054 | 887c 40f9 | 0805 0091 | 887c 00f9 | 1000 0014 
  0x00000001172eecec: 8870 40f9 | a800 00b5 | 8270 00f9 | e803 40b2 | 8874 00f9 | 0a00 0014 | 8878 40f9 | a800 00b5 
  0x00000001172eed0c: 8278 00f9 | e803 40b2 | 887c 00f9 | 0400 0014 | 886c 40f9 | 0805 0091 | 886c 00f9 

  0x00000001172eed28: ;   {metadata('java/lang/invoke/MethodHandle')}
  0x00000001172eed28: 0249 84d2 | e203 a0f2 | 02f0 c7f2 | 2408 40b9 | 8418 59d2 | 881c 40f9 | 5f00 08eb | 412e 0054 
  0x00000001172eed48: 0100 0014 | e003 01aa | e023 00f9 

  0x00000001172eed54: ;   {metadata(method data for {method} {0x00003f800020d8d8} 'invokeExact_MT' '(Ljava/lang/Object;Ljava/lang/Object;Ljava/lang/Object;)Ljava/lang/Object;' in 'java/lang/invoke/Invokers$Holder')}
  0x00000001172eed54: 044a 8ad2 | 4413 a5f2 | 2400 c0f2 | a300 00b5 | 8804 4439 | 0801 40b2 | 8804 0439 | 2800 0014 
  0x00000001172eed74: 6208 40b9 | 4218 59d2 | 8888 40f9 | 5f00 08eb | a100 0054 | 888c 40f9 | 0805 0091 | 888c 00f9 
  0x00000001172eed94: 1700 0014 | 8890 40f9 | 5f00 08eb | a100 0054 | 8894 40f9 | 0805 0091 | 8894 00f9 | 1000 0014 
  0x00000001172eedb4: 8888 40f9 | a800 00b5 | 8288 00f9 | e803 40b2 | 888c 00f9 | 0a00 0014 | 8890 40f9 | a800 00b5 
  0x00000001172eedd4: 8290 00f9 | e803 40b2 | 8894 00f9 | 0400 0014 | 8884 40f9 | 0805 0091 | 8884 00f9 

  0x00000001172eedf0: ;   {metadata('java/lang/invoke/MethodType')}
  0x00000001172eedf0: 02a3 86d2 | e203 a0f2 | 02f0 c7f2 | 6808 40b9 | 0819 59d2 | 1f01 02eb | 6128 0054 | 0100 0014 
  0x00000001172eee10: e203 03aa 

  0x00000001172eee14: ;   {metadata(method data for {method} {0x00003f800020d8d8} 'invokeExact_MT' '(Ljava/lang/Object;Ljava/lang/Object;Ljava/lang/Object;)Ljava/lang/Object;' in 'java/lang/invoke/Invokers$Holder')}
  0x00000001172eee14: 014a 8ad2 | 4113 a5f2 | 2100 c0f2 | 2120 0591 | e303 00aa | a300 00b5 | 2904 40f9 | 2901 40b2 
  0x00000001172eee34: 2904 00f9 | 1600 0014 | 6308 40b9 | 6318 59d2 | 2904 40f9 | 6300 09ca | 68f4 7e92 | 0802 00b4 
  0x00000001172eee54: e301 0837 | a901 00b4 | 3f05 00f1 | 6001 0054 | bf39 03d5 | 6300 09ca | 2904 40f9 | 6300 09ca 
  0x00000001172eee74: 68f4 7e92 | c800 00b4 | 2904 40f9 | 2901 7fb2 | 2904 00f9 | 0200 0014 | 2304 00f9 | e303 02aa 
  0x00000001172eee94: 8300 00b5 | 290c 40f9 | 2901 40b2 | 290c 00f9 

  0x00000001172eeea4: ;   {metadata(method data for {method} {0x00003f800020d8d8} 'invokeExact_MT' '(Ljava/lang/Object;Ljava/lang/Object;Ljava/lang/Object;)Ljava/lang/Object;' in 'java/lang/invoke/Invokers$Holder')}
  0x00000001172eeea4: 014a 8ad2 | 4113 a5f2 | 2100 c0f2 | 289c 40f9 | 0805 0091 | 289c 00f9 

  0x00000001172eeebc: ;   {metadata(method data for {method} {0x00003f8000474608} 'checkExactType' '(Ljava/lang/invoke/MethodHandle;Ljava/lang/invoke/MethodType;)V' in 'java/lang/invoke/Invokers')}
  0x00000001172eeebc: 012c 98d2 | 2106 a5f2 | 2100 c0f2 | 2390 40b9 | 6308 0011 | 2390 00b9 | 634c 1f12 | 7f00 0071 
  0x00000001172eeedc: 0022 0054 

  0x00000001172eeee0: ; implicit exception: dispatches to 0x00000001172ef33c
  0x00000001172eeee0: 1f00 40f9 | e103 00aa 

  0x00000001172eeee8: ;   {metadata(method data for {method} {0x00003f8000474608} 'checkExactType' '(Ljava/lang/invoke/MethodHandle;Ljava/lang/invoke/MethodType;)V' in 'java/lang/invoke/Invokers')}
  0x00000001172eeee8: 032c 98d2 | 2306 a5f2 | 2300 c0f2 | 2108 40b9 | 2118 59d2 | 6870 40f9 | 3f00 08eb | a100 0054 
  0x00000001172eef08: 6874 40f9 | 0805 0091 | 6874 00f9 | 1700 0014 | 6878 40f9 | 3f00 08eb | a100 0054 | 687c 40f9 
  0x00000001172eef28: 0805 0091 | 687c 00f9 | 1000 0014 | 6870 40f9 | a800 00b5 | 6170 00f9 | e803 40b2 | 6874 00f9 
  0x00000001172eef48: 0a00 0014 | 6878 40f9 | a800 00b5 | 6178 00f9 | e803 40b2 | 687c 00f9 | 0400 0014 | 686c 40f9 
  0x00000001172eef68: 0805 0091 | 686c 00f9 | 0110 40b9 | 21f0 7dd3 | 3f00 02eb 

  0x00000001172eef7c: ;   {metadata(method data for {method} {0x00003f8000474608} 'checkExactType' '(Ljava/lang/invoke/MethodHandle;Ljava/lang/invoke/MethodType;)V' in 'java/lang/invoke/Invokers')}
  0x00000001172eef7c: 032c 98d2 | 2306 a5f2 | 2300 c0f2 | 0823 80d2 | 0921 80d2 | 0411 899a | 6568 64f8 | a504 0091 
  0x00000001172eef9c: 6568 24f8 | e118 0054 

  0x00000001172eefa4: ;   {metadata(method data for {method} {0x00003f800020d8d8} 'invokeExact_MT' '(Ljava/lang/Object;Ljava/lang/Object;Ljava/lang/Object;)Ljava/lang/Object;' in 'java/lang/invoke/Invokers$Holder')}
  0x00000001172eefa4: 014a 8ad2 | 4113 a5f2 | 2100 c0f2 | 2100 0691 | e203 00aa | 4208 40b9 | 4218 59d2 | 2904 40f9 
  0x00000001172eefc4: 4200 09ca | 48f4 7e92 | 0802 00b4 | e201 0837 | a901 00b4 | 3f05 00f1 | 6001 0054 | bf39 03d5 
  0x00000001172eefe4: 4200 09ca | 2904 40f9 | 4200 09ca | 48f4 7e92 | c800 00b4 | 2904 40f9 | 2901 7fb2 | 2904 00f9 
  0x00000001172ef004: 0200 0014 | 2204 00f9 

  0x00000001172ef00c: ;   {metadata(method data for {method} {0x00003f800020d8d8} 'invokeExact_MT' '(Ljava/lang/Object;Ljava/lang/Object;Ljava/lang/Object;)Ljava/lang/Object;' in 'java/lang/invoke/Invokers$Holder')}
  0x00000001172ef00c: 014a 8ad2 | 4113 a5f2 | 2100 c0f2 | 28b8 40f9 | 0805 0091 | 28b8 00f9 

  0x00000001172ef024: ;   {metadata(method data for {method} {0x00003f8000474500} 'checkCustomized' '(Ljava/lang/invoke/MethodHandle;)V' in 'java/lang/invoke/Invokers')}
  0x00000001172ef024: 01f7 90d2 | 2106 a5f2 | 2100 c0f2 | 2290 40b9 | 4208 0011 | 2290 00b9 | 424c 1f12 | 5f00 0071 
  0x00000001172ef044: e017 0054 

  0x00000001172ef048: ;   {metadata(method data for {method} {0x00003f8000474500} 'checkCustomized' '(Ljava/lang/invoke/MethodHandle;)V' in 'java/lang/invoke/Invokers')}
  0x00000001172ef048: 01f7 90d2 | 2106 a5f2 | 2100 c0f2 | 286c 40f9 | 0805 0091 | 286c 00f9 

  0x00000001172ef060: ;   {metadata(method data for {method} {0x00003f80001f9660} 'isCompileConstant' '(Ljava/lang/Object;)Z' in 'java/lang/invoke/MethodHandleImpl')}
  0x00000001172ef060: 0126 91d2 | 2106 a5f2 | 2100 c0f2 | 2290 40b9 | 4208 0011 | 2290 00b9 | 424c 1f12 | 5f00 0071 
  0x00000001172ef080: 0017 0054 

  0x00000001172ef084: ;   {metadata(method data for {method} {0x00003f8000474500} 'checkCustomized' '(Ljava/lang/invoke/MethodHandle;)V' in 'java/lang/invoke/Invokers')}
  0x00000001172ef084: 01f7 90d2 | 2106 a5f2 | 2100 c0f2 | 2274 40f9 | 4204 0091 | 2274 00f9 | 0114 40b9 | 21f0 7dd3 
  0x00000001172ef0a4: ; implicit exception: dispatches to 0x00000001172ef380
  0x00000001172ef0a4: 211c 40b9 | 21f0 7dd3 | e203 1faa | 3f00 02eb 

  0x00000001172ef0b4: ;   {metadata(method data for {method} {0x00003f8000474500} 'checkCustomized' '(Ljava/lang/invoke/MethodHandle;)V' in 'java/lang/invoke/Invokers')}
  0x00000001172ef0b4: 01f7 90d2 | 2106 a5f2 | 2100 c0f2 | 0821 80d2 | 0923 80d2 | 0211 899a | 2368 62f8 | 6304 0091 
  0x00000001172ef0d4: 2368 22f8 | 8101 0054 

  0x00000001172ef0dc: ;   {metadata(method data for {method} {0x00003f8000474500} 'checkCustomized' '(Ljava/lang/invoke/MethodHandle;)V' in 'java/lang/invoke/Invokers')}
  0x00000001172ef0dc: 01f7 90d2 | 2106 a5f2 | 2100 c0f2 | 2894 40f9 | 0805 0091 | 2894 00f9 | e103 00aa 

  0x00000001172ef0f8: ; ImmutableOopMap {rfp=Oop [64]=Oop }
                      ;*invokestatic maybeCustomize {reexecute=0 rethrow=0 return_oop=0}
                      ; - java.lang.invoke.Invokers::checkCustomized@19 (line 626)
                      ; - java.lang.invoke.Invokers$Holder::invokeExact_MT@14
                      ;   {static_call}
  0x00000001172ef0f8: a2d9 fa97 

  0x00000001172ef0fc: ;   {post_call_nop}
  0x00000001172ef0fc: 1f20 03d5 | 9fd6 80f2 | 1f00 80f2 

  0x00000001172ef108: ;   {metadata(method data for {method} {0x00003f800020d8d8} 'invokeExact_MT' '(Ljava/lang/Object;Ljava/lang/Object;Ljava/lang/Object;)Ljava/lang/Object;' in 'java/lang/invoke/Invokers$Holder')}
  0x00000001172ef108: 024a 8ad2 | 4213 a5f2 | 2200 c0f2 | 4220 0791 | e103 1daa | a100 00b5 | 4904 40f9 | 2901 40b2 
  0x00000001172ef128: 4904 00f9 | 1600 0014 | 2108 40b9 | 2118 59d2 | 4904 40f9 | 2100 09ca | 28f4 7e92 | 0802 00b4 
  0x00000001172ef148: e101 0837 | a901 00b4 | 3f05 00f1 | 6001 0054 | bf39 03d5 | 2100 09ca | 4904 40f9 | 2100 09ca 
  0x00000001172ef168: 28f4 7e92 | c800 00b4 | 4904 40f9 | 2901 7fb2 | 4904 00f9 | 0200 0014 | 4104 00f9 | e023 40f9 
  0x00000001172ef188: ;   {metadata(method data for {method} {0x00003f800020d8d8} 'invokeExact_MT' '(Ljava/lang/Object;Ljava/lang/Object;Ljava/lang/Object;)Ljava/lang/Object;' in 'java/lang/invoke/Invokers$Holder')}
  0x00000001172ef188: 024a 8ad2 | 4213 a5f2 | 2200 c0f2 | 0008 40b9 | 0018 59d2 | 48d0 40f9 | 1f00 08eb | a100 0054 
  0x00000001172ef1a8: 48d4 40f9 | 0805 0091 | 48d4 00f9 | 1700 0014 | 48d8 40f9 | 1f00 08eb | a100 0054 | 48dc 40f9 
  0x00000001172ef1c8: 0805 0091 | 48dc 00f9 | 1000 0014 | 48d0 40f9 | a800 00b5 | 40d0 00f9 | e803 40b2 | 48d4 00f9 
  0x00000001172ef1e8: 0a00 0014 | 48d8 40f9 | a800 00b5 | 40d8 00f9 | e803 40b2 | 48dc 00f9 | 0400 0014 | 48cc 40f9 
  0x00000001172ef208: 0805 0091 | 48cc 00f9 | e203 1daa | e123 40f9 

  0x00000001172ef218: ; ImmutableOopMap {}
                      ;*invokevirtual invokeBasic {reexecute=0 rethrow=0 return_oop=0}
                      ; - java.lang.invoke.Invokers$Holder::invokeExact_MT@19
                      ;   {optimized virtual_call}
  0x00000001172ef218: 3a10 de95 

  0x00000001172ef21c: ;   {post_call_nop}
  0x00000001172ef21c: 1f20 03d5 | 9ffa 80f2 | 1f20 80f2 

  0x00000001172ef228: ;   {metadata(method data for {method} {0x00003f800020d8d8} 'invokeExact_MT' '(Ljava/lang/Object;Ljava/lang/Object;Ljava/lang/Object;)Ljava/lang/Object;' in 'java/lang/invoke/Invokers$Holder')}
  0x00000001172ef228: 014a 8ad2 | 4113 a5f2 | 2100 c0f2 | 2160 0791 | e203 00aa | a200 00b5 | 2900 40f9 | 2901 40b2 
  0x00000001172ef248: 2900 00f9 | 1600 0014 | 4208 40b9 | 4218 59d2 | 2900 40f9 | 4200 09ca | 48f4 7e92 | 0802 00b4 
  0x00000001172ef268: e201 0837 | a901 00b4 | 3f05 00f1 | 6001 0054 | bf39 03d5 | 4200 09ca | 2900 40f9 | 4200 09ca 
  0x00000001172ef288: 48f4 7e92 | c800 00b4 | 2900 40f9 | 2901 7fb2 | 2900 00f9 | 0200 0014 | 2200 00f9 | fd7b 45a9 
  0x00000001172ef2a8: ff83 0191 

  0x00000001172ef2ac: ;   {poll_return}
  0x00000001172ef2ac: 8817 40f9 | ff63 28eb | 8806 0054 | c003 5fd6 

  0x00000001172ef2bc: ;   {metadata(method data for {method} {0x00003f8000474608} 'checkExactType' '(Ljava/lang/invoke/MethodHandle;Ljava/lang/invoke/MethodType;)V' in 'java/lang/invoke/Invokers')}
  0x00000001172ef2bc: 032c 98d2 | 2306 a5f2 | 2300 c0f2 | 6894 40f9 | 0805 0091 | 6894 00f9 

  0x00000001172ef2d4: ; ImmutableOopMap {rfp=Oop [64]=Oop }
                      ;*invokestatic newWrongMethodTypeException {reexecute=0 rethrow=0 return_oop=0}
                      ; - java.lang.invoke.Invokers::checkExactType@12 (line 531)
                      ; - java.lang.invoke.Invokers$Holder::invokeExact_MT@10
                      ;   {static_call}
  0x00000001172ef2d4: cb91 c895 

  0x00000001172ef2d8: ;   {post_call_nop}
  0x00000001172ef2d8: 1f20 03d5 | 1f12 81f2 | 1f40 80f2 

  0x00000001172ef2e4: ; implicit exception: dispatches to 0x00000001172ef390
  0x00000001172ef2e4: 1f00 40f9 | 2e00 0014 

  0x00000001172ef2ec: ;   {metadata({method} {0x00003f800020d8d8} 'invokeExact_MT' '(Ljava/lang/Object;Ljava/lang/Object;Ljava/lang/Object;)Ljava/lang/Object;' in 'java/lang/invoke/Invokers$Holder')}
  0x00000001172ef2ec: 081b 9bd2 | 0804 a0f2 | 08f0 c7f2 | e807 00f9 | 0800 8092 | e803 00f9 

  0x00000001172ef304: ; ImmutableOopMap {c_rarg1=Oop rfp=Oop c_rarg3=Oop }
                      ;*synchronization entry
                      ; - java.lang.invoke.Invokers$Holder::invokeExact_MT@-1
                      ;   {runtime_call C1 Runtime counter_overflow_blob}
  0x00000001172ef304: dfe0 cb95 | 61fe ff17 | e803 01aa 

  0x00000001172ef310: ; ImmutableOopMap {rfp=Oop c_rarg3=Oop }
                      ;*checkcast {reexecute=0 rethrow=0 return_oop=0}
                      ; - java.lang.invoke.Invokers$Holder::invokeExact_MT@1
                      ;   {runtime_call C1 Runtime throw_class_cast_exception_blob}
  0x00000001172ef310: ecda cb95 | e803 03aa 

  0x00000001172ef318: ; ImmutableOopMap {rfp=Oop c_rarg0=Oop [64]=Oop }
                      ;*checkcast {reexecute=0 rethrow=0 return_oop=0}
                      ; - java.lang.invoke.Invokers$Holder::invokeExact_MT@7
                      ;   {runtime_call C1 Runtime throw_class_cast_exception_blob}
  0x00000001172ef318: eada cb95 

  0x00000001172ef31c: ;   {metadata({method} {0x00003f8000474608} 'checkExactType' '(Ljava/lang/invoke/MethodHandle;Ljava/lang/invoke/MethodType;)V' in 'java/lang/invoke/Invokers')}
  0x00000001172ef31c: 08c1 88d2 | e808 a0f2 | 08f0 c7f2 | e807 00f9 | 0800 8092 | e803 00f9 

  0x00000001172ef334: ; ImmutableOopMap {rfp=Oop c_rarg0=Oop c_rarg2=Oop [64]=Oop }
                      ;*synchronization entry
                      ; - java.lang.invoke.Invokers::checkExactType@-1 (line 529)
                      ; - java.lang.invoke.Invokers$Holder::invokeExact_MT@10
                      ;   {runtime_call C1 Runtime counter_overflow_blob}
  0x00000001172ef334: d3e0 cb95 | eafe ff17 

  0x00000001172ef33c: ; ImmutableOopMap {rfp=Oop c_rarg0=Oop c_rarg2=Oop [64]=Oop }
                      ;*invokevirtual type {reexecute=0 rethrow=0 return_oop=0}
                      ; - java.lang.invoke.Invokers::checkExactType@1 (line 529)
                      ; - java.lang.invoke.Invokers$Holder::invokeExact_MT@10
                      ;   {runtime_call C1 Runtime throw_null_pointer_exception_blob}
  0x00000001172ef33c: c1d5 cb95 

  0x00000001172ef340: ;   {metadata({method} {0x00003f8000474500} 'checkCustomized' '(Ljava/lang/invoke/MethodHandle;)V' in 'java/lang/invoke/Invokers')}
  0x00000001172ef340: 08a0 88d2 | e808 a0f2 | 08f0 c7f2 | e807 00f9 | 0800 8092 | e803 00f9 

  0x00000001172ef358: ; ImmutableOopMap {rfp=Oop c_rarg0=Oop [64]=Oop }
                      ;*synchronization entry
                      ; - java.lang.invoke.Invokers::checkCustomized@-1 (line 622)
                      ; - java.lang.invoke.Invokers$Holder::invokeExact_MT@14
                      ;   {runtime_call C1 Runtime counter_overflow_blob}
  0x00000001172ef358: cae0 cb95 | 3bff ff17 

  0x00000001172ef360: ;   {metadata({method} {0x00003f80001f9660} 'isCompileConstant' '(Ljava/lang/Object;)Z' in 'java/lang/invoke/MethodHandleImpl')}
  0x00000001172ef360: 08cc 92d2 | e803 a0f2 | 08f0 c7f2 | e807 00f9 | 0800 8092 | e803 00f9 

  0x00000001172ef378: ; ImmutableOopMap {rfp=Oop c_rarg0=Oop [64]=Oop }
                      ;*synchronization entry
                      ; - java.lang.invoke.MethodHandleImpl::isCompileConstant@-1 (line 625)
                      ; - java.lang.invoke.Invokers::checkCustomized@1 (line 622)
                      ; - java.lang.invoke.Invokers$Holder::invokeExact_MT@14
                      ;   {runtime_call C1 Runtime counter_overflow_blob}
  0x00000001172ef378: c2e0 cb95 | 42ff ff17 

  0x00000001172ef380: ; ImmutableOopMap {rfp=Oop c_rarg0=Oop [64]=Oop }
                      ;*getfield customized {reexecute=1 rethrow=0 return_oop=0}
                      ; - (reexecute) java.lang.invoke.Invokers::checkCustomized@12 (line 625)
                      ; - java.lang.invoke.Invokers$Holder::invokeExact_MT@14
                      ;   {runtime_call C1 Runtime throw_null_pointer_exception_blob}
  0x00000001172ef380: b0d5 cb95 

  0x00000001172ef384: ;   {internal_word}
  0x00000001172ef384: 48f9 ff10 | 8863 02f9 

  0x00000001172ef38c: ;   {runtime_call SafepointBlob}
  0x00000001172ef38c: 3d96 c815 

  0x00000001172ef390: ; ImmutableOopMap {rfp=Oop c_rarg0=Oop [64]=Oop }
                      ;*athrow {reexecute=1 rethrow=0 return_oop=0}
                      ; - (reexecute) java.lang.invoke.Invokers::checkExactType@15 (line 531)
                      ; - java.lang.invoke.Invokers$Holder::invokeExact_MT@10
                      ;   {runtime_call C1 Runtime throw_null_pointer_exception_blob}
  0x00000001172ef390: acd5 cb95 | 80b7 42f9 | 9fb7 02f9 | 9fbb 02f9 | fd7b 45a9 | ff83 0191 

  0x00000001172ef3a8: ;   {runtime_call C1 Runtime unwind_exception_blob}
  0x00000001172ef3a8: c6d3 cb15 | 0000 0000 
[Stub Code]
  0x00000001172ef3b0: ;   {trampoline_stub}
  0x00000001172ef3b0: 4800 0058 | 0001 1fd6 | 8057 1a17 | 0100 0000 

  0x00000001172ef3c0: ;   {trampoline_stub}
  0x00000001172ef3c0: 4800 0058 | 0001 1fd6 | 0033 a71e | 0100 0000 

  0x00000001172ef3d0: ;   {trampoline_stub}
  0x00000001172ef3d0: 4800 0058 | 0001 1fd6 | 003a 511e | 0100 0000 

  0x00000001172ef3e0: ;   {static_stub}
  0x00000001172ef3e0: df3f 03d5 

  0x00000001172ef3e4: ;   {metadata(nullptr)}
  0x00000001172ef3e4: 0c00 80d2 | 0c00 a0f2 | 0c00 c0f2 | 0800 80d2 | 0800 a0f2 | 0800 c0f2 | 0001 1fd6 

  0x00000001172ef400: ;   {static_stub}
  0x00000001172ef400: df3f 03d5 

  0x00000001172ef404: ;   {metadata(nullptr)}
  0x00000001172ef404: 0c00 80d2 | 0c00 a0f2 | 0c00 c0f2 | 0800 80d2 | 0800 a0f2 | 0800 c0f2 | 0001 1fd6 

  0x00000001172ef420: ;   {static_stub}
  0x00000001172ef420: df3f 03d5 

  0x00000001172ef424: ;   {metadata(nullptr)}
  0x00000001172ef424: 0c00 80d2 | 0c00 a0f2 | 0c00 c0f2 | 0800 80d2 | 0800 a0f2 | 0800 c0f2 | 0001 1fd6 
[Exception Handler]
  0x00000001172ef440: ;   {runtime_call C1 Runtime handle_exception_from_callee_blob}
  0x00000001172ef440: e0d9 cb95 

  0x00000001172ef444: ;   {external_word}
  0x00000001172ef444: c0d5 9dd2 | 00be a1f2 | 2000 c0f2 | c1d5 bbd4 
[Deopt Handler Code]
  0x00000001172ef454: 1e00 0010 

  0x00000001172ef458: ;   {runtime_call DeoptimizationBlob}
  0x00000001172ef458: 8a96 c815 
[Deopt MH Handler Code]
  0x00000001172ef45c: 1e00 0010 

  0x00000001172ef460: ;   {runtime_call DeoptimizationBlob}
  0x00000001172ef460: 8896 c815 | 0000 0000 
[/MachCode]


Compiled method (c1) 1218 3822       3       java.util.ArrayList::forEach (74 bytes)
 total in heap  [0x000000011757adc8,0x000000011757b4a0] = 1752
 main code      [0x000000011757aec0,0x000000011757b3f0] = 1328
 stub code      [0x000000011757b3f0,0x000000011757b4a0] = 176
 mutable data [0x0000000822d2e940,0x0000000822d2ea48] = 264
 relocation     [0x0000000822d2e940,0x0000000822d2ea00] = 192
 metadata       [0x0000000822d2ea00,0x0000000822d2ea48] = 72
 immutable data [0x0000000825af0000,0x0000000825af0220] = 544
 dependencies   [0x0000000825af0000,0x0000000825af0008] = 8
 nul chk table  [0x0000000825af0008,0x0000000825af0028] = 32
 scopes pcs     [0x0000000825af0028,0x0000000825af0148] = 288
 scopes data    [0x0000000825af0148,0x0000000825af0220] = 216

[Constant Pool (empty)]

[MachCode]
[Instructions begin]
  0x000000011757aec0: 1f20 03d5 | 1f20 03d5 | 1f20 03d5 | 1f20 03d5 | 1f20 03d5 | 1f20 03d5 | 1f20 03d5 | 1f20 03d5 
  0x000000011757aee0: 1f20 03d5 | 1f20 03d5 | 1f20 03d5 
[Entry Point]
  # {method} {0x00003f800021c4d0} 'forEach' '(Ljava/util/function/Consumer;)V' in 'java/util/ArrayList'
  # this:     c_rarg1:c_rarg1 
                        = 'java/util/ArrayList'
  # parm0:    c_rarg2:c_rarg2 
                        = 'java/util/function/Consumer'
  #           [sp+0x80]  (sp of caller)
  0x000000011757aeec: 2808 40b9 | 2a09 40b9 | 1f01 0a6b | 4000 0054 

  0x000000011757aefc: ;   {runtime_call Shared Runtime ic_miss_blob}
  0x000000011757aefc: 4161 be15 
[Verified Entry Point]
  0x000000011757af00: 1f20 03d5 | e953 40d1 | 3f01 00f9 | ff03 02d1 | fd7b 07a9 | 2801 0018 | 8923 40b9 | 1f01 09eb 
  0x000000011757af20: e000 0054 

  0x000000011757af24: ;   {runtime_call Stub::method_entry_barrier}
  0x000000011757af24: 0830 98d2 | 28ca a3f2 | 2800 c0f2 | 0001 3fd6 | 0200 0014 | 0300 0000 | fd03 01aa | fd8b 03a9 
  0x000000011757af44: ;   {metadata(method data for {method} {0x00003f800021c4d0} 'forEach' '(Ljava/util/function/Consumer;)V' in 'java/util/ArrayList')}
  0x000000011757af44: 01b1 97d2 | 6125 a5f2 | 2100 c0f2 | 2090 40b9 | 0008 0011 | 2090 00b9 | 0024 1f12 | 1f00 0071 
  0x000000011757af64: 801d 0054 

  0x000000011757af68: ;   {metadata(method data for {method} {0x00003f800021c4d0} 'forEach' '(Ljava/util/function/Consumer;)V' in 'java/util/ArrayList')}
  0x000000011757af68: 01b1 97d2 | 6125 a5f2 | 2100 c0f2 | 286c 40f9 | 0805 0091 | 286c 00f9 

  0x000000011757af80: ;   {metadata(method data for {method} {0x00003f800021dd98} 'requireNonNull' '(Ljava/lang/Object;)Ljava/lang/Object;' in 'java/util/Objects')}
  0x000000011757af80: 010f 8bd2 | 4100 a5f2 | 2100 c0f2 | 2090 40b9 | 0008 0011 | 2090 00b9 | 004c 1f12 | 1f00 0071 
  0x000000011757afa0: a01c 0054 | e103 1faa | 5f00 01eb 

  0x000000011757afac: ;   {metadata(method data for {method} {0x00003f800021dd98} 'requireNonNull' '(Ljava/lang/Object;)Ljava/lang/Object;' in 'java/util/Objects')}
  0x000000011757afac: 010f 8bd2 | 4100 a5f2 | 2100 c0f2 | 081d 80d2 | 091b 80d2 | 0001 899a | 2368 60f8 | 6304 0091 
  0x000000011757afcc: 2368 20f8 | 4016 0054 | a00f 40b9 | e04b 00b9 | a317 40b9 | 63f0 7dd3 | e32b 00f9 | a413 40b9 
  0x000000011757afec: e44f 00b9 | 0500 a052 | 6a00 0014 | bf00 046b 

  0x000000011757affc: ;   {metadata(method data for {method} {0x00003f800021c4d0} 'forEach' '(Ljava/util/function/Consumer;)V' in 'java/util/ArrayList')}
  0x000000011757affc: 06b1 97d2 | 6625 a5f2 | 2600 c0f2 | 0821 80d2 | 0923 80d2 | 07a1 899a | ca68 67f8 | 4a05 0091 
  0x000000011757b01c: ca68 27f8 | 6a0d 0054 

  0x000000011757b024: ;   {metadata(method data for {method} {0x00003f800021c4d0} 'forEach' '(Ljava/util/function/Consumer;)V' in 'java/util/ArrayList')}
  0x000000011757b024: 01b1 97d2 | 6125 a5f2 | 2100 c0f2 | 2894 40f9 | 0805 0091 | 2894 00f9 

  0x000000011757b03c: ;   {metadata(method data for {method} {0x00003f800021d4f8} 'elementAt' '([Ljava/lang/Object;I)Ljava/lang/Object;' in 'java/util/ArrayList')}
  0x000000011757b03c: 0149 90d2 | 6125 a5f2 | 2100 c0f2 | 2690 40b9 | c608 0011 | 2690 00b9 | c64c 1f12 | df00 0071 
  0x000000011757b05c: c017 0054 

  0x000000011757b060: ; implicit exception: dispatches to 0x000000011757b374
  0x000000011757b060: 610c 40b9 | bf00 016b | 8218 0054 | a17c 4093 | 21f4 7ed3 | 2140 0091 | 6168 61b8 | 21f0 7dd3 
  0x000000011757b080: ; implicit exception: dispatches to 0x000000011757b390
  0x000000011757b080: 5f00 40f9 | e603 02aa 

  0x000000011757b088: ;   {metadata(method data for {method} {0x00003f800021c4d0} 'forEach' '(Ljava/util/function/Consumer;)V' in 'java/util/ArrayList')}
  0x000000011757b088: 07b1 97d2 | 6725 a5f2 | 2700 c0f2 | c608 40b9 | c618 59d2 | e8a0 40f9 | df00 08eb | a100 0054 
  0x000000011757b0a8: e8a4 40f9 | 0805 0091 | e8a4 00f9 | 1700 0014 | e8a8 40f9 | df00 08eb | a100 0054 | e8ac 40f9 
  0x000000011757b0c8: 0805 0091 | e8ac 00f9 | 1000 0014 | e8a0 40f9 | a800 00b5 | e6a0 00f9 | e803 40b2 | e8a4 00f9 
  0x000000011757b0e8: 0a00 0014 | e8a8 40f9 | a800 00b5 | e6a8 00f9 | e803 40b2 | e8ac 00f9 | 0400 0014 | e89c 40f9 
  0x000000011757b108: 0805 0091 | e89c 00f9 | e603 02aa | e203 01aa | e103 06aa | fd03 05aa | 094e 86d2 | 29b0 a4f2 
  0x000000011757b128: 0901 c0f2 

  0x000000011757b12c: ; ImmutableOopMap {[56]=Oop [64]=Oop [80]=Oop }
                      ;*invokeinterface accept {reexecute=0 rethrow=0 return_oop=0}
                      ; - java.util.ArrayList::forEach@46 (line 1604)
                      ;   {virtual_call}
  0x000000011757b12c: 4be4 c195 

  0x000000011757b130: ;   {post_call_nop}
  0x000000011757b130: 1f20 03d5 | 1f6d 80f2 | 1f00 80f2 | a307 0011 

  0x000000011757b140: ;   {metadata(method data for {method} {0x00003f800021c4d0} 'forEach' '(Ljava/util/function/Consumer;)V' in 'java/util/ArrayList')}
  0x000000011757b140: 00b1 97d2 | 6025 a5f2 | 2000 c0f2 | 0494 40b9 | 8408 0011 | 0494 00b9 | 8430 1f12 | 9f00 0071 
  0x000000011757b160: a011 0054 

  0x000000011757b164: ; ImmutableOopMap {[56]=Oop [64]=Oop [80]=Oop }
                      ;*goto {reexecute=1 rethrow=0 return_oop=0}
                      ; - (reexecute) java.util.ArrayList::forEach@54 (line 1603)
  0x000000011757b164: 881b 40f9 

  0x000000011757b168: ;   {poll}
  0x000000011757b168: 1f01 40b9 

  0x000000011757b16c: ;   {metadata(method data for {method} {0x00003f800021c4d0} 'forEach' '(Ljava/util/function/Consumer;)V' in 'java/util/ArrayList')}
  0x000000011757b16c: 00b1 97d2 | 6025 a5f2 | 2000 c0f2 | 04b4 40f9 | 8404 0091 | 04b4 00f9 | fd03 03aa | e503 1daa 
  0x000000011757b18c: e44f 40b9 | e32b 40f9 | e04b 40b9 | fd8b 43a9 | a10f 40b9 | 3f00 006b 

  0x000000011757b1a4: ;   {metadata(method data for {method} {0x00003f800021c4d0} 'forEach' '(Ljava/util/function/Consumer;)V' in 'java/util/ArrayList')}
  0x000000011757b1a4: 06b1 97d2 | 6625 a5f2 | 2600 c0f2 | e813 7db2 | 091d 80d2 | 0701 899a | ca68 67f8 | 4a05 0091 
  0x000000011757b1c4: ca68 27f8 | 80f1 ff54 | 3f00 006b 

  0x000000011757b1d0: ;   {metadata(method data for {method} {0x00003f800021c4d0} 'forEach' '(Ljava/util/function/Consumer;)V' in 'java/util/ArrayList')}
  0x000000011757b1d0: 03b1 97d2 | 6325 a5f2 | 2300 c0f2 | 0832 80d2 | e907 79b2 | 0011 899a | 6468 60f8 | 8404 0091 
  0x000000011757b1f0: 6468 20f8 | e100 0054 | fd7b 47a9 | ff03 0291 

  0x000000011757b200: ;   {poll_return}
  0x000000011757b200: 8817 40f9 | ff63 28eb | 680d 0054 | c003 5fd6 

  0x000000011757b210: ; ImmutableOopMap {}
                      ;*new {reexecute=0 rethrow=0 return_oop=0}
                      ; - java.util.ArrayList::forEach@65 (line 1606)
                      ;   {runtime_call C1 Runtime load_mirror_patching_blob}
  0x000000011757b210: bcaf c195 | 68c0 0491 | 08fd df08 | 1f11 0071 

  0x000000011757b220: ; implicit exception: dispatches to 0x000000011757b3c0
  0x000000011757b220: 210d 0054 | 80e7 40f9 | 0ba0 0091 | 88ef 40f9 | 7f01 08eb | 880c 0054 | 8be7 00f9 | ea03 40b2 
  0x000000011757b240: 0a00 00f9 | 6a18 59d2 | 0a7c 0129 | 0a40 0091 | 5f01 00f9 | 5ffd 00a9 | bf3a 03d5 | fd03 00aa 
  0x000000011757b260: e103 1daa 

  0x000000011757b264: ;   {metadata(method data for {method} {0x00003f800021c4d0} 'forEach' '(Ljava/util/function/Consumer;)V' in 'java/util/ArrayList')}
  0x000000011757b264: 00b1 97d2 | 6025 a5f2 | 2000 c0f2 | 08d0 40f9 | 0805 0091 | 08d0 00f9 | e103 1daa 

  0x000000011757b280: ; ImmutableOopMap {rfp=Oop }
                      ;*invokespecial <init> {reexecute=0 rethrow=0 return_oop=0}
                      ; - java.util.ArrayList::forEach@69 (line 1606)
                      ;   {optimized virtual_call}
  0x000000011757b280: e060 be95 

  0x000000011757b284: ;   {post_call_nop}
  0x000000011757b284: 1f20 03d5 | 9f97 80f2 | 1f60 80f2 | e003 1daa | 5300 0014 | fd03 02aa 

  0x000000011757b29c: ; ImmutableOopMap {rfp=Oop [56]=Oop [64]=Oop }
                      ;*new {reexecute=0 rethrow=0 return_oop=0}
                      ; - java.util.Objects::requireNonNull@4 (line 220)
                      ; - java.util.ArrayList::forEach@1 (line 1599)
                      ;   {runtime_call C1 Runtime load_mirror_patching_blob}
  0x000000011757b29c: 99af c195 | 80e7 40f9 | 0bc0 0091 | 88ef 40f9 | 7f01 08eb | e808 0054 | 8be7 00f9 | ea03 40b2 
  0x000000011757b2bc: 0a00 00f9 | 6a18 59d2 | 0a7c 0129 | 0a40 0091 | 5f7d 00a9 | 5f7d 01a9 | bf3a 03d5 | e103 00aa 
  0x000000011757b2dc: ;   {metadata(method data for {method} {0x00003f800021dd98} 'requireNonNull' '(Ljava/lang/Object;)Ljava/lang/Object;' in 'java/util/Objects')}
  0x000000011757b2dc: 030f 8bd2 | 4300 a5f2 | 2300 c0f2 | 687c 40f9 | 0805 0091 | 687c 00f9 | e103 00aa | e02f 00f9 
  0x000000011757b2fc: ; ImmutableOopMap {rfp=Oop [56]=Oop [64]=Oop [88]=Oop }
                      ;*invokespecial <init> {reexecute=0 rethrow=0 return_oop=0}
                      ; - java.util.Objects::requireNonNull@8 (line 220)
                      ; - java.util.ArrayList::forEach@1 (line 1599)
                      ;   {optimized virtual_call}
  0x000000011757b2fc: c160 be95 

  0x000000011757b300: ;   {post_call_nop}
  0x000000011757b300: 1f20 03d5 | 1fa7 80f2 | 1fa0 80f2 | e02f 40f9 | 3400 0014 

  0x000000011757b314: ;   {metadata({method} {0x00003f800021c4d0} 'forEach' '(Ljava/util/function/Consumer;)V' in 'java/util/ArrayList')}
  0x000000011757b314: 089a 98d2 | 2804 a0f2 | 08f0 c7f2 | e807 00f9 | 0800 8092 | e803 00f9 

  0x000000011757b32c: ; ImmutableOopMap {rfp=Oop c_rarg2=Oop [56]=Oop [64]=Oop }
                      ;*synchronization entry
                      ; - java.util.ArrayList::forEach@-1 (line 1599)
                      ;   {runtime_call C1 Runtime counter_overflow_blob}
  0x000000011757b32c: d5b0 c195 | 0eff ff17 

  0x000000011757b334: ;   {metadata({method} {0x00003f800021dd98} 'requireNonNull' '(Ljava/lang/Object;)Ljava/lang/Object;' in 'java/util/Objects')}
  0x000000011757b334: 08b3 9bd2 | 2804 a0f2 | 08f0 c7f2 | e807 00f9 | 0800 8092 | e803 00f9 

  0x000000011757b34c: ; ImmutableOopMap {rfp=Oop c_rarg2=Oop [56]=Oop [64]=Oop }
                      ;*synchronization entry
                      ; - java.util.Objects::requireNonNull@-1 (line 219)
                      ; - java.util.ArrayList::forEach@1 (line 1599)
                      ;   {runtime_call C1 Runtime counter_overflow_blob}
  0x000000011757b34c: cdb0 c195 | 15ff ff17 

  0x000000011757b354: ;   {metadata({method} {0x00003f800021d4f8} 'elementAt' '([Ljava/lang/Object;I)Ljava/lang/Object;' in 'java/util/ArrayList')}
  0x000000011757b354: 089f 9ad2 | 2804 a0f2 | 08f0 c7f2 | e807 00f9 | 0800 8092 | e803 00f9 

  0x000000011757b36c: ; ImmutableOopMap {c_rarg2=Oop c_rarg3=Oop [56]=Oop [64]=Oop [80]=Oop }
                      ;*synchronization entry
                      ; - java.util.ArrayList::elementAt@-1 (line 417)
                      ; - java.util.ArrayList::forEach@43 (line 1604)
                      ;   {runtime_call C1 Runtime counter_overflow_blob}
  0x000000011757b36c: c5b0 c195 | 3cff ff17 

  0x000000011757b374: ; ImmutableOopMap {c_rarg2=Oop c_rarg3=Oop [56]=Oop [64]=Oop [80]=Oop }
                      ;*aaload {reexecute=0 rethrow=0 return_oop=0}
                      ; - java.util.ArrayList::elementAt@2 (line 417)
                      ; - java.util.ArrayList::forEach@43 (line 1604)
                      ;   {runtime_call C1 Runtime throw_null_pointer_exception_blob}
  0x000000011757b374: b3a5 c195 | e803 05aa | e903 03aa 

  0x000000011757b380: ;   {runtime_call C1 Runtime throw_range_check_failed_blob}
  0x000000011757b380: 1eb8 88d2 | decb a3f2 | 3e00 c0f2 

  0x000000011757b38c: ; ImmutableOopMap {c_rarg2=Oop c_rarg3=Oop [56]=Oop [64]=Oop [80]=Oop }
                      ;*aaload {reexecute=0 rethrow=0 return_oop=0}
                      ; - java.util.ArrayList::elementAt@2 (line 417)
                      ; - java.util.ArrayList::forEach@43 (line 1604)
  0x000000011757b38c: c003 3fd6 

  0x000000011757b390: ; ImmutableOopMap {c_rarg2=Oop c_rarg3=Oop c_rarg1=Oop [56]=Oop [64]=Oop [80]=Oop }
                      ;*invokeinterface accept {reexecute=0 rethrow=0 return_oop=0}
                      ; - java.util.ArrayList::forEach@46 (line 1604)
                      ;   {runtime_call C1 Runtime throw_null_pointer_exception_blob}
  0x000000011757b390: aca5 c195 

  0x000000011757b394: ;   {metadata({method} {0x00003f800021c4d0} 'forEach' '(Ljava/util/function/Consumer;)V' in 'java/util/ArrayList')}
  0x000000011757b394: 089a 98d2 | 2804 a0f2 | 08f0 c7f2 | e807 00f9 | c806 80d2 | e803 00f9 

  0x000000011757b3ac: ; ImmutableOopMap {[56]=Oop [64]=Oop [80]=Oop }
                      ;*goto {reexecute=1 rethrow=0 return_oop=0}
                      ; - (reexecute) java.util.ArrayList::forEach@54 (line 1603)
                      ;   {runtime_call C1 Runtime counter_overflow_blob}
  0x000000011757b3ac: b5b0 c195 | 6dff ff17 

  0x000000011757b3b4: ;   {internal_word}
  0x000000011757b3b4: 68f2 ff10 | 8863 02f9 

  0x000000011757b3bc: ;   {runtime_call SafepointBlob}
  0x000000011757b3bc: 3166 be15 

  0x000000011757b3c0: ; ImmutableOopMap {}
                      ;*new {reexecute=0 rethrow=0 return_oop=0}
                      ; - java.util.ArrayList::forEach@65 (line 1606)
                      ;   {runtime_call C1 Runtime throw_null_pointer_exception_blob}
  0x000000011757b3c0: a0a5 c195 

  0x000000011757b3c4: ; ImmutableOopMap {}
                      ;*new {reexecute=0 rethrow=0 return_oop=0}
                      ; - java.util.ArrayList::forEach@65 (line 1606)
                      ;   {runtime_call C1 Runtime fast_new_instance_init_check_blob}
  0x000000011757b3c4: 5fa7 c195 | a5ff ff17 

  0x000000011757b3cc: ; ImmutableOopMap {rfp=Oop [56]=Oop [64]=Oop }
                      ;*new {reexecute=0 rethrow=0 return_oop=0}
                      ; - java.util.Objects::requireNonNull@4 (line 220)
                      ; - java.util.ArrayList::forEach@1 (line 1599)
                      ;   {runtime_call C1 Runtime fast_new_instance_blob}
  0x000000011757b3cc: eda6 c195 | c2ff ff17 | 80b7 42f9 | 9fb7 02f9 | 9fbb 02f9 | fd7b 47a9 | ff03 0291 

  0x000000011757b3e8: ;   {runtime_call C1 Runtime unwind_exception_blob}
  0x000000011757b3e8: b6a3 c115 | 0000 0000 
[Stub Code]
  0x000000011757b3f0: ;   {static_stub}
  0x000000011757b3f0: df3f 03d5 

  0x000000011757b3f4: ;   {metadata(nullptr)}
  0x000000011757b3f4: 0c00 80d2 | 0c00 a0f2 | 0c00 c0f2 | 0800 80d2 | 0800 a0f2 | 0800 c0f2 | 0001 1fd6 

  0x000000011757b410: ;   {trampoline_stub}
  0x000000011757b410: 4800 0058 | 0001 1fd6 | 5842 5f1e | 0100 0000 

  0x000000011757b420: ;   {static_stub}
  0x000000011757b420: df3f 03d5 

  0x000000011757b424: ;   {metadata(nullptr)}
  0x000000011757b424: 0c00 80d2 | 0c00 a0f2 | 0c00 c0f2 | 0800 80d2 | 0800 a0f2 | 0800 c0f2 | 0001 1fd6 

  0x000000011757b440: ;   {trampoline_stub}
  0x000000011757b440: 4800 0058 | 0001 1fd6 | 0036 511e | 0100 0000 

  0x000000011757b450: ;   {trampoline_stub}
  0x000000011757b450: 4800 0058 | 0001 1fd6 | 0036 511e | 0100 0000 

  0x000000011757b460: ;   {static_stub}
  0x000000011757b460: df3f 03d5 

  0x000000011757b464: ;   {metadata(nullptr)}
  0x000000011757b464: 0c00 80d2 | 0c00 a0f2 | 0c00 c0f2 | 0800 80d2 | 0800 a0f2 | 0800 c0f2 | 0001 1fd6 
[Exception Handler]
  0x000000011757b480: ;   {runtime_call C1 Runtime handle_exception_from_callee_blob}
  0x000000011757b480: d0a9 c195 

  0x000000011757b484: ;   {external_word}
  0x000000011757b484: c0d5 9dd2 | 00be a1f2 | 2000 c0f2 | c1d5 bbd4 
[Deopt Handler Code]
  0x000000011757b494: 1e00 0010 

  0x000000011757b498: ;   {runtime_call DeoptimizationBlob}
  0x000000011757b498: 7a66 be15 | 0000 0000 
[/MachCode]


---------------  P R O C E S S  ---------------

Threads class SMR info:
_java_thread_list=0x0000000822c3d600, length=16, elements={
0x0000000100b5fe20, 0x0000000824ca0000, 0x0000000824ca0800, 0x0000000824ca1000,
0x0000000824ca1800, 0x0000000824ca2000, 0x000000082508e800, 0x000000082508f200,
0x0000000824ca2800, 0x0000000824ca3000, 0x0000000825f27200, 0x0000000824961800,
0x0000000824962800, 0x0000000824963000, 0x00000008262f4000, 0x0000000820de9800
}

Java Threads: ( => current thread )
=>0x0000000100b5fe20 JavaThread "Test worker"                       [_thread_in_native, id=6403, stack(0x000000016f86c000,0x000000016fa6f000) (2060K)]
  0x0000000824ca0000 JavaThread "Reference Handler"          daemon [_thread_blocked, id=25603, stack(0x00000001709e4000,0x0000000170be7000) (2060K)]
  0x0000000824ca0800 JavaThread "Finalizer"                  daemon [_thread_blocked, id=30467, stack(0x0000000170bf0000,0x0000000170df3000) (2060K)]
  0x0000000824ca1000 JavaThread "Signal Dispatcher"          daemon [_thread_blocked, id=29955, stack(0x0000000170dfc000,0x0000000170fff000) (2060K)]
  0x0000000824ca1800 JavaThread "Service Thread"             daemon [_thread_blocked, id=29443, stack(0x0000000171008000,0x000000017120b000) (2060K)]
  0x0000000824ca2000 JavaThread "Monitor Deflation Thread"   daemon [_thread_blocked, id=29187, stack(0x0000000171214000,0x0000000171417000) (2060K)]
  0x000000082508e800 JavaThread "C2 CompilerThread0"         daemon [_thread_blocked, id=26371, stack(0x0000000171420000,0x0000000171623000) (2060K)]
  0x000000082508f200 JavaThread "C1 CompilerThread0"         daemon [_thread_blocked, id=28675, stack(0x000000017162c000,0x000000017182f000) (2060K)]
  0x0000000824ca2800 JavaThread "Notification Thread"        daemon [_thread_blocked, id=27139, stack(0x0000000171838000,0x0000000171a3b000) (2060K)]
  0x0000000824ca3000 JavaThread "Common-Cleaner"             daemon [_thread_blocked, id=28163, stack(0x0000000171a44000,0x0000000171c47000) (2060K)]
  0x0000000825f27200 JavaThread "C2 CompilerThread1"         daemon [_thread_blocked, id=27651, stack(0x0000000171c50000,0x0000000171e53000) (2060K)]
  0x0000000824961800 JavaThread "/127.0.0.1:55025 to /127.0.0.1:55024 workers"        [_thread_blocked, id=32771, stack(0x0000000171e5c000,0x000000017205f000) (2060K)]
  0x0000000824962800 JavaThread "/127.0.0.1:55025 to /127.0.0.1:55024 workers Thread 2"        [_thread_blocked, id=43011, stack(0x0000000172068000,0x000000017226b000) (2060K)]
  0x0000000824963000 JavaThread "/127.0.0.1:55025 to /127.0.0.1:55024 workers Thread 3"        [_thread_in_native, id=33027, stack(0x0000000172274000,0x0000000172477000) (2060K)]
  0x00000008262f4000 JavaThread "C2 CompilerThread2"         daemon [_thread_blocked, id=35331, stack(0x00000001734e0000,0x00000001736e3000) (2060K)]
  0x0000000820de9800 JavaThread "Cleaner-0"                  daemon [_thread_blocked, id=64515, stack(0x0000000173f1c000,0x000000017411f000) (2060K)]
Total: 16

Other Threads:
  0x0000000824c81c00 VMThread "VM Thread"                           [id=18691, stack(0x00000001706c0000,0x00000001708c3000) (2060K)]
  0x0000000824c81800 WatcherThread "VM Periodic Task Thread"        [id=16911, stack(0x00000001704b4000,0x00000001706b7000) (2060K)]
  0x0000000100b69e10 WorkerThread "GC Thread#0"                     [id=13315, stack(0x000000016fa78000,0x000000016fc7b000) (2060K)]
  0x000000082614ed00 WorkerThread "GC Thread#1"                     [id=33539, stack(0x0000000172480000,0x0000000172683000) (2060K)]
  0x000000082614f200 WorkerThread "GC Thread#2"                     [id=42499, stack(0x000000017268c000,0x000000017288f000) (2060K)]
  0x000000082614f700 WorkerThread "GC Thread#3"                     [id=41987, stack(0x0000000172898000,0x0000000172a9b000) (2060K)]
  0x00000008262d4000 WorkerThread "GC Thread#4"                     [id=34307, stack(0x0000000172aa4000,0x0000000172ca7000) (2060K)]
  0x00000008262d4500 WorkerThread "GC Thread#5"                     [id=41475, stack(0x0000000172cb0000,0x0000000172eb3000) (2060K)]
  0x00000008262d4a00 WorkerThread "GC Thread#6"                     [id=34819, stack(0x0000000172ebc000,0x00000001730bf000) (2060K)]
  0x00000008262d4f00 WorkerThread "GC Thread#7"                     [id=40963, stack(0x00000001730c8000,0x00000001732cb000) (2060K)]
  0x00000008262d5400 WorkerThread "GC Thread#8"                     [id=35075, stack(0x00000001732d4000,0x00000001734d7000) (2060K)]
  0x0000000826f82300 WorkerThread "GC Thread#9"                     [id=36627, stack(0x00000001736ec000,0x00000001738ef000) (2060K)]
  0x0000000826f82800 WorkerThread "GC Thread#10"                    [id=36867, stack(0x00000001738f8000,0x0000000173afb000) (2060K)]
  0x0000000825094000 ConcurrentGCThread "G1 Main Marker"            [id=13059, stack(0x000000016fc84000,0x000000016fe87000) (2060K)]
  0x0000000825094500 WorkerThread "G1 Conc#0"                       [id=12547, stack(0x000000016fe90000,0x0000000170093000) (2060K)]
  0x0000000826f82d00 WorkerThread "G1 Conc#1"                       [id=65283, stack(0x0000000173b04000,0x0000000173d07000) (2060K)]
  0x0000000826f83200 WorkerThread "G1 Conc#2"                       [id=64771, stack(0x0000000173d10000,0x0000000173f13000) (2060K)]
  0x0000000825094a00 ConcurrentGCThread "G1 Refine#0"               [id=16643, stack(0x000000017009c000,0x000000017029f000) (2060K)]
  0x0000000825094f00 ConcurrentGCThread "G1 Service"                [id=21251, stack(0x00000001702a8000,0x00000001704ab000) (2060K)]
Total: 19

Threads with active compile tasks:
Total: 0

VM state: not at safepoint (normal execution)

VM Mutex/Monitor currently owned by a thread: None

Heap address: 0x0000000460000000, size: 512 MB, Compressed Oops mode: Zero based, Oop shift amount: 3

CDS archive(s) mapped at: [0x00003f8000000000-0x00003f8000d94000-0x00003f8000d94000), size 14237696, SharedBaseAddress: 0x00003f8000000000, ArchiveRelocationMode: 1.
Compressed class space mapped at: 0x00003f8001000000-0x00003f8041000000, reserved size: 1073741824
UseCompressedClassPointers 1, UseCompactObjectHeaders 0
Narrow klass pointer bits 32, Max shift 3
Narrow klass base: 0x00003f8000000000, Narrow klass shift: 0
Encoding Range: [0x00003f8000000000 - 0x00003f8100000000), (4294967296 bytes)
Klass Range:    [0x00003f8000004000 - 0x00003f8041000000), (1090502656 bytes)
Klass ID Range:  [16384 - 1090519033) (1090502649)
Protection zone: [0x00003f8000000000 - 0x00003f8000004000), (16384 bytes)

GC Precious Log:
 CardTable entry size: 512
 Card Set container configuration: InlinePtr #cards 5 size 8 Array Of Cards #cards 10 size 36 Howl #buckets 4 coarsen threshold 1843 Howl Bitmap #cards 512 size 80 coarsen threshold 460 Card regions per heap region 1 cards per card region 2048
 CPUs: 14 total, 14 available
 Memory: 24576M
 Large Page Support: Disabled
 NUMA Support: Disabled
 Compressed Oops: Enabled (Zero based)
 Heap Region Size: 1M
 Heap Min Capacity: 8M
 Heap Initial Capacity: 384M
 Heap Max Capacity: 512M
 Pre-touch: Disabled
 Parallel Workers: 11
 Concurrent Workers: 3
 Concurrent Refinement Workers: 11
 Periodic GC: Disabled

Heap:
 garbage-first heap   total reserved 524288K, committed 78848K, used 47722K [0x0000000460000000, 0x0000000480000000)
  region size 1024K, 37 young (37888K), 11 survivors (11264K)

Heap Regions: E=young(eden), S=young(survivor), O=old, HS=humongous(starts), HC=humongous(continues), CS=collection set, F=free, TAMS=top-at-mark-start, PB=parsable bottom
|   0|0x0000000460000000, 0x0000000460100000, 0x0000000460100000|100%|HS|  |TAMS 0x0000000460000000| PB 0x0000000460000000| Complete |  0
|   1|0x0000000460100000, 0x0000000460200000, 0x0000000460200000|100%|HS|  |TAMS 0x0000000460100000| PB 0x0000000460100000| Complete |  0
|   2|0x0000000460200000, 0x0000000460300000, 0x0000000460300000|100%|HC|  |TAMS 0x0000000460200000| PB 0x0000000460200000| Complete |  0
|   3|0x0000000460300000, 0x0000000460400000, 0x0000000460400000|100%|HS|  |TAMS 0x0000000460300000| PB 0x0000000460300000| Complete |  0
|   4|0x0000000460400000, 0x0000000460500000, 0x0000000460500000|100%|HC|  |TAMS 0x0000000460400000| PB 0x0000000460400000| Complete |  0
|   5|0x0000000460500000, 0x0000000460600000, 0x0000000460600000|100%|HC|  |TAMS 0x0000000460500000| PB 0x0000000460500000| Complete |  0
|   6|0x0000000460600000, 0x0000000460700000, 0x0000000460700000|100%|HC|  |TAMS 0x0000000460600000| PB 0x0000000460600000| Complete |  0
|   7|0x0000000460700000, 0x0000000460800000, 0x0000000460800000|100%| O|  |TAMS 0x0000000460700000| PB 0x0000000460700000| Untracked |  0
|   8|0x0000000460800000, 0x0000000460900000, 0x0000000460900000|100%| O|  |TAMS 0x0000000460800000| PB 0x0000000460800000| Untracked |  0
|   9|0x0000000460900000, 0x00000004609a2d28, 0x0000000460a00000| 63%| O|  |TAMS 0x0000000460900000| PB 0x0000000460900000| Untracked |  0
|  10|0x0000000460a00000, 0x0000000460a00000, 0x0000000460b00000|  0%| F|  |TAMS 0x0000000460a00000| PB 0x0000000460a00000| Untracked |  0
|  11|0x0000000460b00000, 0x0000000460b00000, 0x0000000460c00000|  0%| F|  |TAMS 0x0000000460b00000| PB 0x0000000460b00000| Untracked |  0
|  12|0x0000000460c00000, 0x0000000460c00000, 0x0000000460d00000|  0%| F|  |TAMS 0x0000000460c00000| PB 0x0000000460c00000| Untracked |  0
|  13|0x0000000460d00000, 0x0000000460d00000, 0x0000000460e00000|  0%| F|  |TAMS 0x0000000460d00000| PB 0x0000000460d00000| Untracked |  0
|  14|0x0000000460e00000, 0x0000000460e00000, 0x0000000460f00000|  0%| F|  |TAMS 0x0000000460e00000| PB 0x0000000460e00000| Untracked |  0
|  15|0x0000000460f00000, 0x0000000460f00000, 0x0000000461000000|  0%| F|  |TAMS 0x0000000460f00000| PB 0x0000000460f00000| Untracked |  0
|  16|0x0000000461000000, 0x0000000461000000, 0x0000000461100000|  0%| F|  |TAMS 0x0000000461000000| PB 0x0000000461000000| Untracked |  0
|  17|0x0000000461100000, 0x0000000461100000, 0x0000000461200000|  0%| F|  |TAMS 0x0000000461100000| PB 0x0000000461100000| Untracked |  0
|  18|0x0000000461200000, 0x0000000461200000, 0x0000000461300000|  0%| F|  |TAMS 0x0000000461200000| PB 0x0000000461200000| Untracked |  0
|  19|0x0000000461300000, 0x0000000461300000, 0x0000000461400000|  0%| F|  |TAMS 0x0000000461300000| PB 0x0000000461300000| Untracked |  0
|  20|0x0000000461400000, 0x0000000461400000, 0x0000000461500000|  0%| F|  |TAMS 0x0000000461400000| PB 0x0000000461400000| Untracked |  0
|  21|0x0000000461500000, 0x0000000461500000, 0x0000000461600000|  0%| F|  |TAMS 0x0000000461500000| PB 0x0000000461500000| Untracked |  0
|  22|0x0000000461600000, 0x0000000461600000, 0x0000000461700000|  0%| F|  |TAMS 0x0000000461600000| PB 0x0000000461600000| Untracked |  0
|  23|0x0000000461700000, 0x0000000461700000, 0x0000000461800000|  0%| F|  |TAMS 0x0000000461700000| PB 0x0000000461700000| Untracked |  0
|  24|0x0000000461800000, 0x0000000461800000, 0x0000000461900000|  0%| F|  |TAMS 0x0000000461800000| PB 0x0000000461800000| Untracked |  0
|  25|0x0000000461900000, 0x0000000461900000, 0x0000000461a00000|  0%| F|  |TAMS 0x0000000461900000| PB 0x0000000461900000| Untracked |  0
|  26|0x0000000461a00000, 0x0000000461a00000, 0x0000000461b00000|  0%| F|  |TAMS 0x0000000461a00000| PB 0x0000000461a00000| Untracked |  0
|  27|0x0000000461b00000, 0x0000000461b00000, 0x0000000461c00000|  0%| F|  |TAMS 0x0000000461b00000| PB 0x0000000461b00000| Untracked |  0
|  28|0x0000000461c00000, 0x0000000461c00000, 0x0000000461d00000|  0%| F|  |TAMS 0x0000000461c00000| PB 0x0000000461c00000| Untracked |  0
|  29|0x0000000461d00000, 0x0000000461d00000, 0x0000000461e00000|  0%| F|  |TAMS 0x0000000461d00000| PB 0x0000000461d00000| Untracked |  0
|  30|0x0000000461e00000, 0x0000000461e00000, 0x0000000461f00000|  0%| F|  |TAMS 0x0000000461e00000| PB 0x0000000461e00000| Untracked |  0
|  31|0x0000000461f00000, 0x0000000461f00000, 0x0000000462000000|  0%| F|  |TAMS 0x0000000461f00000| PB 0x0000000461f00000| Untracked |  0
|  32|0x0000000462000000, 0x0000000462000000, 0x0000000462100000|  0%| F|  |TAMS 0x0000000462000000| PB 0x0000000462000000| Untracked |  0
|  33|0x0000000462100000, 0x0000000462100000, 0x0000000462200000|  0%| F|  |TAMS 0x0000000462100000| PB 0x0000000462100000| Untracked |  0
|  34|0x0000000462200000, 0x0000000462200000, 0x0000000462300000|  0%| F|  |TAMS 0x0000000462200000| PB 0x0000000462200000| Untracked |  0
|  35|0x0000000462300000, 0x0000000462300000, 0x0000000462400000|  0%| F|  |TAMS 0x0000000462300000| PB 0x0000000462300000| Untracked |  0
|  36|0x0000000462400000, 0x0000000462400000, 0x0000000462500000|  0%| F|  |TAMS 0x0000000462400000| PB 0x0000000462400000| Untracked |  0
|  37|0x0000000462500000, 0x0000000462500000, 0x0000000462600000|  0%| F|  |TAMS 0x0000000462500000| PB 0x0000000462500000| Untracked |  0
|  38|0x0000000462600000, 0x0000000462700000, 0x0000000462700000|100%| E|  |TAMS 0x0000000462600000| PB 0x0000000462600000| Complete |  0
|  39|0x0000000462700000, 0x0000000462800000, 0x0000000462800000|100%| E|CS|TAMS 0x0000000462700000| PB 0x0000000462700000| Complete |  0
|  40|0x0000000462800000, 0x0000000462900000, 0x0000000462900000|100%| E|CS|TAMS 0x0000000462800000| PB 0x0000000462800000| Complete |  0
|  41|0x0000000462900000, 0x0000000462a00000, 0x0000000462a00000|100%| E|CS|TAMS 0x0000000462900000| PB 0x0000000462900000| Complete |  0
|  42|0x0000000462a00000, 0x0000000462b00000, 0x0000000462b00000|100%| E|CS|TAMS 0x0000000462a00000| PB 0x0000000462a00000| Complete |  0
|  43|0x0000000462b00000, 0x0000000462c00000, 0x0000000462c00000|100%| E|CS|TAMS 0x0000000462b00000| PB 0x0000000462b00000| Complete |  0
|  44|0x0000000462c00000, 0x0000000462d00000, 0x0000000462d00000|100%| E|CS|TAMS 0x0000000462c00000| PB 0x0000000462c00000| Complete |  0
|  45|0x0000000462d00000, 0x0000000462e00000, 0x0000000462e00000|100%| E|CS|TAMS 0x0000000462d00000| PB 0x0000000462d00000| Complete |  0
|  46|0x0000000462e00000, 0x0000000462f00000, 0x0000000462f00000|100%| E|CS|TAMS 0x0000000462e00000| PB 0x0000000462e00000| Complete |  0
|  47|0x0000000462f00000, 0x0000000463000000, 0x0000000463000000|100%| E|CS|TAMS 0x0000000462f00000| PB 0x0000000462f00000| Complete |  0
|  48|0x0000000463000000, 0x0000000463100000, 0x0000000463100000|100%| E|CS|TAMS 0x0000000463000000| PB 0x0000000463000000| Complete |  0
|  49|0x0000000463100000, 0x0000000463200000, 0x0000000463200000|100%| E|CS|TAMS 0x0000000463100000| PB 0x0000000463100000| Complete |  0
|  50|0x0000000463200000, 0x0000000463300000, 0x0000000463300000|100%| E|CS|TAMS 0x0000000463200000| PB 0x0000000463200000| Complete |  0
|  51|0x0000000463300000, 0x0000000463400000, 0x0000000463400000|100%| E|CS|TAMS 0x0000000463300000| PB 0x0000000463300000| Complete |  0
|  52|0x0000000463400000, 0x0000000463500000, 0x0000000463500000|100%| E|CS|TAMS 0x0000000463400000| PB 0x0000000463400000| Complete |  0
|  53|0x0000000463500000, 0x0000000463600000, 0x0000000463600000|100%| E|CS|TAMS 0x0000000463500000| PB 0x0000000463500000| Complete |  0
|  54|0x0000000463600000, 0x0000000463700000, 0x0000000463700000|100%| E|CS|TAMS 0x0000000463600000| PB 0x0000000463600000| Complete |  0
|  55|0x0000000463700000, 0x0000000463800000, 0x0000000463800000|100%| E|CS|TAMS 0x0000000463700000| PB 0x0000000463700000| Complete |  0
|  56|0x0000000463800000, 0x0000000463900000, 0x0000000463900000|100%| E|CS|TAMS 0x0000000463800000| PB 0x0000000463800000| Complete |  0
|  57|0x0000000463900000, 0x0000000463a00000, 0x0000000463a00000|100%| E|CS|TAMS 0x0000000463900000| PB 0x0000000463900000| Complete |  0
|  58|0x0000000463a00000, 0x0000000463b00000, 0x0000000463b00000|100%| E|CS|TAMS 0x0000000463a00000| PB 0x0000000463a00000| Complete |  0
|  59|0x0000000463b00000, 0x0000000463c00000, 0x0000000463c00000|100%| E|CS|TAMS 0x0000000463b00000| PB 0x0000000463b00000| Complete |  0
|  60|0x0000000463c00000, 0x0000000463d00000, 0x0000000463d00000|100%| E|CS|TAMS 0x0000000463c00000| PB 0x0000000463c00000| Complete |  0
|  61|0x0000000463d00000, 0x0000000463e00000, 0x0000000463e00000|100%| E|CS|TAMS 0x0000000463d00000| PB 0x0000000463d00000| Complete |  0
|  62|0x0000000463e00000, 0x0000000463f00000, 0x0000000463f00000|100%| E|CS|TAMS 0x0000000463e00000| PB 0x0000000463e00000| Complete |  0
| 323|0x0000000474300000, 0x00000004743d8270, 0x0000000474400000| 84%| S|CS|TAMS 0x0000000474300000| PB 0x0000000474300000| Complete |  0
| 324|0x0000000474400000, 0x0000000474500000, 0x0000000474500000|100%| S|CS|TAMS 0x0000000474400000| PB 0x0000000474400000| Complete |  0
| 325|0x0000000474500000, 0x0000000474600000, 0x0000000474600000|100%| S|CS|TAMS 0x0000000474500000| PB 0x0000000474500000| Complete |  0
| 326|0x0000000474600000, 0x0000000474700000, 0x0000000474700000|100%| S|CS|TAMS 0x0000000474600000| PB 0x0000000474600000| Complete |  0
| 327|0x0000000474700000, 0x0000000474800000, 0x0000000474800000|100%| S|CS|TAMS 0x0000000474700000| PB 0x0000000474700000| Complete |  0
| 328|0x0000000474800000, 0x0000000474900000, 0x0000000474900000|100%| S|CS|TAMS 0x0000000474800000| PB 0x0000000474800000| Complete |  0
| 329|0x0000000474900000, 0x0000000474a00000, 0x0000000474a00000|100%| S|CS|TAMS 0x0000000474900000| PB 0x0000000474900000| Complete |  0
| 330|0x0000000474a00000, 0x0000000474b00000, 0x0000000474b00000|100%| S|CS|TAMS 0x0000000474a00000| PB 0x0000000474a00000| Complete |  0
| 337|0x0000000475100000, 0x0000000475200000, 0x0000000475200000|100%| S|CS|TAMS 0x0000000475100000| PB 0x0000000475100000| Complete |  0
| 338|0x0000000475200000, 0x0000000475300000, 0x0000000475300000|100%| S|CS|TAMS 0x0000000475200000| PB 0x0000000475200000| Complete |  0
| 339|0x0000000475300000, 0x0000000475400000, 0x0000000475400000|100%| S|CS|TAMS 0x0000000475300000| PB 0x0000000475300000| Complete |  0
| 383|0x0000000477f00000, 0x0000000478000000, 0x0000000478000000|100%| E|CS|TAMS 0x0000000477f00000| PB 0x0000000477f00000| Complete |  0
| 510|0x000000047fe00000, 0x000000047ff00000, 0x000000047ff00000|100%| O|  |TAMS 0x000000047fe00000| PB 0x000000047fe00000| Untracked |  0
| 511|0x000000047ff00000, 0x000000047ff1f938, 0x0000000480000000| 12%| O|Cm|TAMS 0x000000047ff00000| PB 0x000000047ff00000| Complete |  0

Card table byte_map: [0x000000010c4b0000,0x000000010c5b0000] _byte_map_base: 0x000000010a1b0000

Marking Bits: (CMBitMap*) 0x0000000100b6a540
 Bits: [0x000000010c5b0000, 0x000000010cdb0000)

Polling page: 0x0000000100648000

Metaspace:
Metaspace        used 22896K, committed 23744K, reserved 1114112K
 class space     used 2835K, committed 3200K, reserved 1048576K

Usage:
  Non-class:     19.59 MB used.
      Class:      2.77 MB used.
       Both:     22.36 MB used.

Virtual space:
  Non-class space:       64.00 MB reserved,      20.06 MB ( 31%) committed,  1 nodes.
      Class space:        1.00 GB reserved,       3.12 MB ( <1%) committed,  1 nodes.
             Both:        1.06 GB reserved,      23.19 MB (  2%) committed. 

Chunk freelists:
   Non-Class:  11.69 MB
       Class:  12.78 MB
        Both:  24.47 MB

MaxMetaspaceSize: unlimited
CompressedClassSpaceSize: 1.00 GB
Initial GC threshold: 21.00 MB
Current GC threshold: 35.44 MB
CDS: on
 - commit_granule_bytes: 65536.
 - commit_granule_words: 8192.
 - virtual_space_node_default_size: 8388608.
 - enlarge_chunks_in_place: 1.
UseCompressedClassPointers 1, UseCompactObjectHeaders 0
Narrow klass pointer bits 32, Max shift 3
Narrow klass base: 0x00003f8000000000, Narrow klass shift: 0
Encoding Range: [0x00003f8000000000 - 0x00003f8100000000), (4294967296 bytes)
Klass Range:    [0x00003f8000004000 - 0x00003f8041000000), (1090502656 bytes)
Klass ID Range:  [16384 - 1090519033) (1090502649)
Protection zone: [0x00003f8000000000 - 0x00003f8000004000), (16384 bytes)


Internal statistics:

num_allocs_failed_limit: 3.
num_arena_births: 1246.
num_arena_deaths: 0.
num_vsnodes_births: 2.
num_vsnodes_deaths: 0.
num_space_committed: 371.
num_space_uncommitted: 0.
num_chunks_returned_to_freelist: 3.
num_chunks_taken_from_freelist: 2067.
num_chunk_merges: 0.
num_chunk_splits: 1391.
num_chunks_enlarged: 919.
num_inconsistent_stats: 0.

CodeHeap 'non-profiled nmethods': size=120032Kb used=1163Kb max_used=1163Kb free=118868Kb
 bounds [0x000000011ea6c000, 0x000000011ecdc000, 0x0000000125fa4000]
CodeHeap 'profiled nmethods': size=120032Kb used=6123Kb max_used=6123Kb free=113908Kb
 bounds [0x0000000116fa0000, 0x00000001175a0000, 0x000000011e4d8000]
CodeHeap 'non-nmethods': size=5712Kb used=2426Kb max_used=2444Kb free=3285Kb
 bounds [0x000000011e4d8000, 0x000000011e748000, 0x000000011ea6c000]
CodeCache: size=245776Kb, used=9712Kb, max_used=9730Kb, free=236061Kb
 total_blobs=5616, nmethods=3809, adapters=1689, full_count=0
Compilation: enabled, stopped_count=0, restarted_count=0

Compilation events (20 events):
Event: 1.202 Thread 0x000000082508f200 nmethod 3841 0x000000011757f908 code [0x000000011757fa00, 0x000000011757fb30]
Event: 1.202 Thread 0x000000082508f200 3842       3       org.gradle.internal.serialize.kryo.KryoBackedEncoder::writeSmallInt (11 bytes)
Event: 1.202 Thread 0x000000082508f200 nmethod 3842 0x000000011757fb48 code [0x000000011757fc40, 0x000000011757fe50]
Event: 1.202 Thread 0x000000082508f200 3843       3       com.esotericsoftware.kryo.io.Output::writeInt (7 bytes)
Event: 1.203 Thread 0x000000082508f200 nmethod 3843 0x000000011757fe88 code [0x000000011757ff80, 0x0000000117580108]
Event: 1.203 Thread 0x000000082508f200 3844       3       com.esotericsoftware.kryo.io.Output::writeVarInt (433 bytes)
Event: 1.203 Thread 0x000000082508f200 nmethod 3844 0x0000000117580148 code [0x0000000117580240, 0x0000000117580b28]
Event: 1.203 Thread 0x000000082508f200 3847       3       java.nio.ByteBuffer::array (35 bytes)
Event: 1.203 Thread 0x000000082508f200 nmethod 3847 0x0000000117580b48 code [0x0000000117580c40, 0x0000000117580f08]
Event: 1.203 Thread 0x000000082508f200 3845       3       java.lang.Thread::interrupted (7 bytes)
Event: 1.203 Thread 0x000000082508f200 nmethod 3845 0x0000000117580f48 code [0x0000000117581040, 0x00000001175812c0]
Event: 1.203 Thread 0x000000082508f200 3846       3       java.lang.Thread::getAndClearInterrupt (19 bytes)
Event: 1.203 Thread 0x000000082508f200 nmethod 3846 0x00000001175812c8 code [0x00000001175813c0, 0x0000000117581580]
Event: 1.203 Thread 0x000000082508f200 3848       3       org.lwjgl.system.CustomBuffer::remaining (10 bytes)
Event: 1.203 Thread 0x000000082508f200 nmethod 3848 0x0000000117581588 code [0x0000000117581680, 0x00000001175817a8]
Event: 1.203 Thread 0x000000082508f200 3849       3       org.lwjgl.system.MemoryUtil::strlen64NT1 (107 bytes)
Event: 1.206 Thread 0x000000082508e800 3859       4       java.util.ArrayList::grow (60 bytes)
Event: 1.206 Thread 0x00000008262f4000 3861       4       java.nio.Buffer$2::getBufferAddress (5 bytes)
Event: 1.206 Thread 0x00000008262f4000 nmethod 3861 0x000000011eb8da88 code [0x000000011eb8db80, 0x000000011eb8dc28]
Event: 1.206 Thread 0x0000000825f27200 3862       4       org.gradle.internal.io.LineBufferingOutputStream::write (59 bytes)

GC Heap Usage History (4 events):
Event: 0.477 {heap Before GC invocations=0 (full 0):
 garbage-first heap   total reserved 524288K, committed 395264K, used 56446K [0x0000000460000000, 0x0000000480000000)
  region size 1024K, 47 young (48128K), 0 survivors (0K)
}
Event: 0.480 {heap After GC invocations=1 (full 0):
 garbage-first heap   total reserved 524288K, committed 395264K, used 17161K [0x0000000460000000, 0x0000000480000000)
  region size 1024K, 6 young (6144K), 6 survivors (6144K)
}
Event: 0.952 {heap Before GC invocations=1 (full 0):
 garbage-first heap   total reserved 524288K, committed 395264K, used 61193K [0x0000000460000000, 0x0000000480000000)
  region size 1024K, 50 young (51200K), 6 survivors (6144K)
}
Event: 0.955 {heap After GC invocations=2 (full 0):
 garbage-first heap   total reserved 524288K, committed 395264K, used 22122K [0x0000000460000000, 0x0000000480000000)
  region size 1024K, 11 young (11264K), 11 survivors (11264K)
}

Metaspace Usage History (4 events):
Event: 0.477 {metaspace Before GC invocations=0 (full 0):
 Metaspace       used 10736K, committed 11008K, reserved 1114112K
  class space    used 1311K, committed 1408K, reserved 1048576K
}
Event: 0.480 {metaspace After GC invocations=1 (full 0):
 Metaspace       used 10736K, committed 11008K, reserved 1114112K
  class space    used 1311K, committed 1408K, reserved 1048576K
}
Event: 0.952 {metaspace Before GC invocations=1 (full 0):
 Metaspace       used 20895K, committed 21504K, reserved 1114112K
  class space    used 2559K, committed 2816K, reserved 1048576K
}
Event: 0.955 {metaspace After GC invocations=2 (full 0):
 Metaspace       used 20895K, committed 21504K, reserved 1114112K
  class space    used 2559K, committed 2816K, reserved 1048576K
}

Dll operation events (20 events):
Event: 0.004 Attempting to load shared library /Library/Java/JavaVirtualMachines/temurin-25.jdk/Contents/Home/lib/libjava.dylib
Event: 0.005 Loaded shared library /Library/Java/JavaVirtualMachines/temurin-25.jdk/Contents/Home/lib/libjava.dylib
Event: 0.028 Attempting to load shared library /Library/Java/JavaVirtualMachines/temurin-25.jdk/Contents/Home/lib/libnio.dylib
Event: 0.029 Loaded shared library /Library/Java/JavaVirtualMachines/temurin-25.jdk/Contents/Home/lib/libnio.dylib
Event: 0.031 Attempting to load shared library /Library/Java/JavaVirtualMachines/temurin-25.jdk/Contents/Home/lib/libzip.dylib
Event: 0.032 Loaded shared library /Library/Java/JavaVirtualMachines/temurin-25.jdk/Contents/Home/lib/libzip.dylib
Event: 0.061 Attempting to load shared library /Library/Java/JavaVirtualMachines/temurin-25.jdk/Contents/Home/lib/libjimage.dylib
Event: 0.061 Loaded shared library /Library/Java/JavaVirtualMachines/temurin-25.jdk/Contents/Home/lib/libjimage.dylib
Event: 0.083 Attempting to load shared library /Library/Java/JavaVirtualMachines/temurin-25.jdk/Contents/Home/lib/libnet.dylib
Event: 0.083 Loaded shared library /Library/Java/JavaVirtualMachines/temurin-25.jdk/Contents/Home/lib/libnet.dylib
Event: 0.218 Attempting to load shared library /Library/Java/JavaVirtualMachines/temurin-25.jdk/Contents/Home/lib/libextnet.dylib
Event: 0.219 Loaded shared library /Library/Java/JavaVirtualMachines/temurin-25.jdk/Contents/Home/lib/libextnet.dylib
Event: 0.247 Attempting to load shared library /Library/Java/JavaVirtualMachines/temurin-25.jdk/Contents/Home/lib/libverify.dylib
Event: 0.247 Loaded shared library /Library/Java/JavaVirtualMachines/temurin-25.jdk/Contents/Home/lib/libverify.dylib
Event: 0.413 Attempting to load shared library /private/var/folders/1x/f_ndm0515g5146jsxf_bqq600000gn/T/lwjgl_xyz/3.4.1+2/arm64/liblwjgl.dylib
Event: 0.413 Loaded shared library /private/var/folders/1x/f_ndm0515g5146jsxf_bqq600000gn/T/lwjgl_xyz/3.4.1+2/arm64/liblwjgl.dylib
Event: 0.794 Attempting to load shared library /Library/Java/JavaVirtualMachines/temurin-25.jdk/Contents/Home/lib/libmanagement.dylib
Event: 0.796 Loaded shared library /Library/Java/JavaVirtualMachines/temurin-25.jdk/Contents/Home/lib/libmanagement.dylib
Event: 0.796 Attempting to load shared library /Library/Java/JavaVirtualMachines/temurin-25.jdk/Contents/Home/lib/libmanagement_ext.dylib
Event: 0.797 Loaded shared library /Library/Java/JavaVirtualMachines/temurin-25.jdk/Contents/Home/lib/libmanagement_ext.dylib

Deoptimization events (20 events):
Event: 1.018 Thread 0x0000000100b5fe20 DEOPT PACKING pc=0x000000011702fc34 sp=0x000000016fa6b270
Event: 1.018 Thread 0x0000000100b5fe20 DEOPT UNPACKING pc=0x000000011e5150bc sp=0x000000016fa6af80 mode 3
Event: 1.020 Thread 0x0000000100b5fe20 DEOPT PACKING pc=0x000000011740fcb8 sp=0x000000016fa69e80
Event: 1.020 Thread 0x0000000100b5fe20 DEOPT UNPACKING pc=0x000000011e5150bc sp=0x000000016fa69b50 mode 3
Event: 1.040 Thread 0x0000000100b5fe20 DEOPT PACKING pc=0x00000001174bee04 sp=0x000000016fa6b1a0
Event: 1.040 Thread 0x0000000100b5fe20 DEOPT UNPACKING pc=0x000000011e5150bc sp=0x000000016fa6aeb0 mode 3
Event: 1.130 Thread 0x0000000100b5fe20 Uncommon trap: trap_request=0xffffff45 fr.pc=0x000000011eb3458c relative=0x0000000000000b4c
Event: 1.130 Thread 0x0000000100b5fe20 Uncommon trap: reason=unstable_if action=reinterpret pc=0x000000011eb3458c method=jdk.internal.classfile.impl.SplitConstantPool.maybeCloneUtf8Entry(Ljava/lang/classfile/constantpool/Utf8Entry;)Ljdk/internal/classfile/impl/AbstractPoolEntry$Utf8EntryImpl; 
Event: 1.130 Thread 0x0000000100b5fe20 DEOPT PACKING pc=0x000000011eb3458c sp=0x000000016fa69a60
Event: 1.130 Thread 0x0000000100b5fe20 DEOPT UNPACKING pc=0x000000011e5e875c sp=0x000000016fa69920 mode 2
Event: 1.130 Thread 0x0000000100b5fe20 Uncommon trap: trap_request=0xffffff45 fr.pc=0x000000011eae2dd4 relative=0x0000000000000214
Event: 1.130 Thread 0x0000000100b5fe20 Uncommon trap: reason=unstable_if action=reinterpret pc=0x000000011eae2dd4 method=jdk.internal.classfile.impl.SplitConstantPool.maybeCloneUtf8Entry(Ljava/lang/classfile/constantpool/Utf8Entry;)Ljdk/internal/classfile/impl/AbstractPoolEntry$Utf8EntryImpl; 
Event: 1.130 Thread 0x0000000100b5fe20 DEOPT PACKING pc=0x000000011eae2dd4 sp=0x000000016fa69960
Event: 1.130 Thread 0x0000000100b5fe20 DEOPT UNPACKING pc=0x000000011e5e875c sp=0x000000016fa698e0 mode 2
Event: 1.153 Thread 0x0000000100b5fe20 Uncommon trap: trap_request=0xffffff45 fr.pc=0x000000011eb3abcc relative=0x000000000000054c
Event: 1.153 Thread 0x0000000100b5fe20 Uncommon trap: reason=unstable_if action=reinterpret pc=0x000000011eb3abcc method=jdk.internal.classfile.impl.AttributeHolder.withAttribute(Ljava/lang/classfile/Attribute;)V @ 53 c2
Event: 1.153 Thread 0x0000000100b5fe20 DEOPT PACKING pc=0x000000011eb3abcc sp=0x000000016fa69510
Event: 1.153 Thread 0x0000000100b5fe20 DEOPT UNPACKING pc=0x000000011e5e875c sp=0x000000016fa69490 mode 2
Event: 1.189 Thread 0x0000000100b5fe20 DEOPT PACKING pc=0x00000001174e4e50 sp=0x000000016fa6b260
Event: 1.189 Thread 0x0000000100b5fe20 DEOPT UNPACKING pc=0x000000011e5150bc sp=0x000000016fa6af20 mode 0

Classes loaded (20 events):
Event: 0.978 Loading class sun/security/util/ManifestEntryVerifier$SunProviderHolder
Event: 0.978 Loading class sun/security/util/ManifestEntryVerifier$SunProviderHolder done
Event: 0.984 Loading class java/io/UncheckedIOException
Event: 0.984 Loading class java/io/UncheckedIOException done
Event: 0.990 Loading class java/util/concurrent/ConcurrentHashMap$EntrySpliterator
Event: 0.990 Loading class java/util/concurrent/ConcurrentHashMap$EntrySpliterator done
Event: 0.991 Loading class java/util/Collections$ReverseComparator
Event: 0.991 Loading class java/util/Collections$ReverseComparator done
Event: 0.991 Loading class java/util/Collections$ReverseComparator2
Event: 0.991 Loading class java/util/Collections$ReverseComparator2 done
Event: 1.017 Loading class java/util/TreeMap$Values
Event: 1.017 Loading class java/util/TreeMap$Values done
Event: 1.017 Loading class java/util/TreeMap$ValueIterator
Event: 1.017 Loading class java/util/TreeMap$ValueIterator done
Event: 1.022 Loading class java/lang/invoke/BoundMethodHandle$Species_LLLLLL
Event: 1.022 Loading class java/lang/invoke/BoundMethodHandle$Species_LLLLLL done
Event: 1.022 Loading class java/lang/invoke/BoundMethodHandle$Species_LLLLLLL
Event: 1.022 Loading class java/lang/invoke/BoundMethodHandle$Species_LLLLLLL done
Event: 1.132 Loading class jdk/internal/ref/CleanerImpl$InnocuousThreadFactory
Event: 1.132 Loading class jdk/internal/ref/CleanerImpl$InnocuousThreadFactory done

Classes unloaded (0 events):
No events

Classes redefined (0 events):
No events

Internal exceptions (20 events):
Event: 1.151 Thread 0x0000000100b5fe20 Exception <a 'java/lang/NoSuchMethodError'{0x0000000462d28d38}: 'void java.lang.invoke.DirectMethodHandle$Holder.invokeSpecial(java.lang.Object, java.lang.Object, java.lang.Object, long, int, long, int, long)'> (0x0000000462d28d38) 
thrown [src/hotspot/share/interpreter/linkResolver.cpp, line 804]
Event: 1.162 Thread 0x0000000100b5fe20 Exception <a 'java/lang/NoSuchMethodError'{0x0000000462c0b7b0}: 'void java.lang.invoke.DirectMethodHandle$Holder.invokeStaticInit(java.lang.Object, java.lang.Object, java.lang.Object, long, int, int, int, int, long, int, long, int, long)'> (0x0000000462c0b7b0) 
thrown [src/hotspot/share/interpreter/linkResolver.cpp, line 804]
Event: 1.163 Thread 0x0000000100b5fe20 Exception <a 'java/lang/NoSuchMethodError'{0x0000000462c1c718}: 'void java.lang.invoke.DelegatingMethodHandle$Holder.reinvoke_L(java.lang.Object, java.lang.Object, java.lang.Object, long, int, int, int, int, long, int, long, int, long)'> (0x0000000462c1c718) 
thrown [src/hotspot/share/interpreter/linkResolver.cpp, line 804]
Event: 1.164 Thread 0x0000000100b5fe20 Exception <a 'java/lang/NoSuchMethodError'{0x0000000462c3ff98}: 'void java.lang.invoke.DirectMethodHandle$Holder.invokeSpecial(java.lang.Object, java.lang.Object, java.lang.Object, long, int, int, int, int, long, int, long, int, long)'> (0x0000000462c3ff98) 
thrown [src/hotspot/share/interpreter/linkResolver.cpp, line 804]
Event: 1.165 Thread 0x0000000100b5fe20 Exception <a 'java/lang/NoSuchMethodError'{0x0000000462c7fb40}: 'void java.lang.invoke.DirectMethodHandle$Holder.invokeStaticInit(java.lang.Object, java.lang.Object, java.lang.Object, long, int, long)'> (0x0000000462c7fb40) 
thrown [src/hotspot/share/interpreter/linkResolver.cpp, line 804]
Event: 1.165 Thread 0x0000000100b5fe20 Exception <a 'java/lang/NoSuchMethodError'{0x0000000462c90920}: 'void java.lang.invoke.DelegatingMethodHandle$Holder.reinvoke_L(java.lang.Object, java.lang.Object, java.lang.Object, long, int, long)'> (0x0000000462c90920) 
thrown [src/hotspot/share/interpreter/linkResolver.cpp, line 804]
Event: 1.165 Thread 0x0000000100b5fe20 Exception <a 'java/lang/NoSuchMethodError'{0x0000000462cb1ed8}: 'void java.lang.invoke.DirectMethodHandle$Holder.invokeSpecial(java.lang.Object, java.lang.Object, java.lang.Object, long, int, long)'> (0x0000000462cb1ed8) 
thrown [src/hotspot/share/interpreter/linkResolver.cpp, line 804]
Event: 1.166 Thread 0x0000000100b5fe20 Exception <a 'java/lang/NoSuchMethodError'{0x0000000462cfcae0}: 'void java.lang.invoke.DirectMethodHandle$Holder.invokeStaticInit(java.lang.Object, java.lang.Object, java.lang.Object, long, int, long, int, int, long, int, long)'> (0x0000000462cfcae0) 
thrown [src/hotspot/share/interpreter/linkResolver.cpp, line 804]
Event: 1.166 Thread 0x0000000100b5fe20 Exception <a 'java/lang/NoSuchMethodError'{0x0000000462b0f0f0}: 'void java.lang.invoke.DelegatingMethodHandle$Holder.reinvoke_L(java.lang.Object, java.lang.Object, java.lang.Object, long, int, long, int, int, long, int, long)'> (0x0000000462b0f0f0) 
thrown [src/hotspot/share/interpreter/linkResolver.cpp, line 804]
Event: 1.166 Thread 0x0000000100b5fe20 Exception <a 'java/lang/NoSuchMethodError'{0x0000000462b31cd8}: 'void java.lang.invoke.DirectMethodHandle$Holder.invokeSpecial(java.lang.Object, java.lang.Object, java.lang.Object, long, int, long, int, int, long, int, long)'> (0x0000000462b31cd8) 
thrown [src/hotspot/share/interpreter/linkResolver.cpp, line 804]
Event: 1.167 Thread 0x0000000100b5fe20 Exception <a 'java/lang/NoSuchMethodError'{0x0000000462b76990}: 'void java.lang.invoke.DirectMethodHandle$Holder.invokeStaticInit(java.lang.Object, java.lang.Object, java.lang.Object, long, long, int, int, int, long)'> (0x0000000462b76990) 
thrown [src/hotspot/share/interpreter/linkResolver.cpp, line 804]
Event: 1.167 Thread 0x0000000100b5fe20 Exception <a 'java/lang/NoSuchMethodError'{0x0000000462b87ce8}: 'void java.lang.invoke.DelegatingMethodHandle$Holder.reinvoke_L(java.lang.Object, java.lang.Object, java.lang.Object, long, long, int, int, int, long)'> (0x0000000462b87ce8) 
thrown [src/hotspot/share/interpreter/linkResolver.cpp, line 804]
Event: 1.167 Thread 0x0000000100b5fe20 Exception <a 'java/lang/NoSuchMethodError'{0x0000000462baa0f8}: 'void java.lang.invoke.DirectMethodHandle$Holder.invokeSpecial(java.lang.Object, java.lang.Object, java.lang.Object, long, long, int, int, int, long)'> (0x0000000462baa0f8) 
thrown [src/hotspot/share/interpreter/linkResolver.cpp, line 804]
Event: 1.167 Thread 0x0000000100b5fe20 Exception <a 'java/lang/NoSuchMethodError'{0x0000000462be9468}: 'void java.lang.invoke.DirectMethodHandle$Holder.invokeStaticInit(java.lang.Object, java.lang.Object, java.lang.Object, long, int, int, int)'> (0x0000000462be9468) 
thrown [src/hotspot/share/interpreter/linkResolver.cpp, line 804]
Event: 1.168 Thread 0x0000000100b5fe20 Exception <a 'java/lang/NoSuchMethodError'{0x0000000462bf9eb0}: 'void java.lang.invoke.DelegatingMethodHandle$Holder.reinvoke_L(java.lang.Object, java.lang.Object, java.lang.Object, long, int, int, int)'> (0x0000000462bf9eb0) 
thrown [src/hotspot/share/interpreter/linkResolver.cpp, line 804]
Event: 1.168 Thread 0x0000000100b5fe20 Exception <a 'java/lang/NoSuchMethodError'{0x0000000462a1bb70}: 'void java.lang.invoke.DirectMethodHandle$Holder.invokeSpecial(java.lang.Object, java.lang.Object, java.lang.Object, long, int, int, int)'> (0x0000000462a1bb70) 
thrown [src/hotspot/share/interpreter/linkResolver.cpp, line 804]
Event: 1.181 Thread 0x0000000100b5fe20 Exception <a 'java/lang/IncompatibleClassChangeError'{0x0000000462a95ed0}: Found class java.lang.Object, but interface was expected> (0x0000000462a95ed0) 
thrown [src/hotspot/share/interpreter/linkResolver.cpp, line 871]
Event: 1.185 Thread 0x0000000100b5fe20 Exception <a 'java/lang/NoSuchMethodError'{0x0000000462adf0c8}: 'void java.lang.invoke.DirectMethodHandle$Holder.invokeStaticInit(java.lang.Object, java.lang.Object, java.lang.Object, long, long, int, long)'> (0x0000000462adf0c8) 
thrown [src/hotspot/share/interpreter/linkResolver.cpp, line 804]
Event: 1.185 Thread 0x0000000100b5fe20 Exception <a 'java/lang/NoSuchMethodError'{0x0000000462aefb80}: 'void java.lang.invoke.DelegatingMethodHandle$Holder.reinvoke_L(java.lang.Object, java.lang.Object, java.lang.Object, long, long, int, long)'> (0x0000000462aefb80) 
thrown [src/hotspot/share/interpreter/linkResolver.cpp, line 804]
Event: 1.185 Thread 0x0000000100b5fe20 Exception <a 'java/lang/NoSuchMethodError'{0x0000000462911888}: 'void java.lang.invoke.DirectMethodHandle$Holder.invokeSpecial(java.lang.Object, java.lang.Object, java.lang.Object, long, long, int, long)'> (0x0000000462911888) 
thrown [src/hotspot/share/interpreter/linkResolver.cpp, line 804]

VM Operations (20 events):
Event: 0.524 Executing non-safepoint VM operation: HandshakeAllThreads (Deoptimize)
Event: 0.524 Executing non-safepoint VM operation: HandshakeAllThreads (Deoptimize) done
Event: 0.532 Executing non-safepoint VM operation: HandshakeAllThreads (Deoptimize)
Event: 0.532 Executing non-safepoint VM operation: HandshakeAllThreads (Deoptimize) done
Event: 0.632 Executing non-safepoint VM operation: HandshakeAllThreads (Deoptimize)
Event: 0.632 Executing non-safepoint VM operation: HandshakeAllThreads (Deoptimize) done
Event: 0.645 Executing non-safepoint VM operation: HandshakeAllThreads (Deoptimize)
Event: 0.645 Executing non-safepoint VM operation: HandshakeAllThreads (Deoptimize) done
Event: 0.940 Executing non-safepoint VM operation: HandshakeAllThreads (Deoptimize)
Event: 0.940 Executing non-safepoint VM operation: HandshakeAllThreads (Deoptimize) done
Event: 0.941 Executing non-safepoint VM operation: HandshakeAllThreads (Deoptimize)
Event: 0.941 Executing non-safepoint VM operation: HandshakeAllThreads (Deoptimize) done
Event: 0.952 Executing safepoint VM operation: CollectForMetadataAllocation (Metadata GC Threshold)
Event: 0.955 Executing safepoint VM operation: CollectForMetadataAllocation (Metadata GC Threshold) done
Event: 0.960 Executing non-safepoint VM operation: HandshakeAllThreads (Deoptimize)
Event: 0.960 Executing non-safepoint VM operation: HandshakeAllThreads (Deoptimize) done
Event: 0.960 Executing safepoint VM operation: G1PauseRemark
Event: 0.962 Executing safepoint VM operation: G1PauseRemark done
Event: 0.964 Executing safepoint VM operation: G1PauseCleanup
Event: 0.964 Executing safepoint VM operation: G1PauseCleanup done

Memory protections (19 events):
Event: 0.004 Protecting memory [0x000000016f86c000,0x000000016f878000] with protection modes 0
Event: 0.008 Protecting memory [0x00003f8000000000,0x00003f8000004000] with protection modes 0
Event: 0.015 Protecting memory [0x00000001709e4000,0x00000001709f0000] with protection modes 0
Event: 0.015 Protecting memory [0x0000000170bf0000,0x0000000170bfc000] with protection modes 0
Event: 0.015 Protecting memory [0x0000000170dfc000,0x0000000170e08000] with protection modes 0
Event: 0.015 Protecting memory [0x0000000171008000,0x0000000171014000] with protection modes 0
Event: 0.015 Protecting memory [0x0000000171214000,0x0000000171220000] with protection modes 0
Event: 0.015 Protecting memory [0x0000000171420000,0x000000017142c000] with protection modes 0
Event: 0.015 Protecting memory [0x000000017162c000,0x0000000171638000] with protection modes 0
Event: 0.026 Protecting memory [0x0000000171838000,0x0000000171844000] with protection modes 0
Event: 0.027 Protecting memory [0x0000000171a44000,0x0000000171a50000] with protection modes 0
Event: 0.141 Protecting memory [0x0000000171c50000,0x0000000171c5c000] with protection modes 0
Event: 0.240 Protecting memory [0x0000000171e5c000,0x0000000171e68000] with protection modes 0
Event: 0.249 Protecting memory [0x0000000172068000,0x0000000172074000] with protection modes 0
Event: 0.249 Protecting memory [0x0000000172274000,0x0000000172280000] with protection modes 0
Event: 0.507 Protecting memory [0x00000001734e0000,0x00000001734ec000] with protection modes 0
Event: 0.811 Protecting memory [0x00000001736ec000,0x00000001736f8000] with protection modes 0
Event: 0.812 Protecting memory [0x00000001736ec000,0x00000001736f8000] with protection modes 3
Event: 1.133 Protecting memory [0x0000000173f1c000,0x0000000173f28000] with protection modes 0

Nmethod flushes (0 events):
No events

Events (20 events):
Event: 0.010 Thread 0x0000000100b5fe20 JVMTI - enter early start phase
Event: 0.015 Thread 0x0000000100b5fe20 Thread added: 0x0000000824ca0000
Event: 0.015 Thread 0x0000000100b5fe20 Thread added: 0x0000000824ca0800
Event: 0.015 Thread 0x0000000100b5fe20 Thread added: 0x0000000824ca1000
Event: 0.015 Thread 0x0000000100b5fe20 Thread added: 0x0000000824ca1800
Event: 0.015 Thread 0x0000000100b5fe20 Thread added: 0x0000000824ca2000
Event: 0.015 Thread 0x0000000100b5fe20 Thread added: 0x000000082508e800
Event: 0.015 Thread 0x0000000100b5fe20 Thread added: 0x000000082508f200
Event: 0.026 Thread 0x0000000100b5fe20 JVMTI - enter start phase
Event: 0.026 Thread 0x0000000100b5fe20 JVMTI - enter live phase
Event: 0.026 Thread 0x0000000100b5fe20 Thread added: 0x0000000824ca2800
Event: 0.027 Thread 0x0000000100b5fe20 Thread added: 0x0000000824ca3000
Event: 0.141 Thread 0x000000082508f200 Thread added: 0x0000000825f27200
Event: 0.240 Thread 0x0000000100b5fe20 Thread added: 0x0000000824961800
Event: 0.249 Thread 0x0000000100b5fe20 Thread added: 0x0000000824962800
Event: 0.249 Thread 0x0000000100b5fe20 Thread added: 0x0000000824963000
Event: 0.507 Thread 0x0000000825f27200 Thread added: 0x00000008262f4000
Event: 0.811 Thread 0x0000000100b5fe20 Thread added: 0x0000000820c84000
Event: 0.812 Thread 0x0000000820c84000 Thread exited: 0x0000000820c84000
Event: 1.133 Thread 0x0000000100b5fe20 Thread added: 0x0000000820de9800


Dynamic libraries:
0x000000010065c000 	/Library/Java/JavaVirtualMachines/temurin-25.jdk/Contents/Home/lib/libjli.dylib
0x00000001aad96000 	/System/Library/Frameworks/ApplicationServices.framework/Versions/A/ApplicationServices
0x0000000194f4c000 	/System/Library/Frameworks/CoreGraphics.framework/Versions/A/CoreGraphics
0x00000001910d0000 	/System/Library/Frameworks/CoreText.framework/Versions/A/CoreText
0x000000019b2e7000 	/System/Library/Frameworks/ImageIO.framework/Versions/A/ImageIO
0x00000001956a2000 	/System/Library/Frameworks/ColorSync.framework/Versions/A/ColorSync
0x00000001a21b5000 	/System/Library/Frameworks/ApplicationServices.framework/Versions/A/Frameworks/ATS.framework/Versions/A/ATS
0x00000001a66c9000 	/System/Library/Frameworks/CoreServices.framework/Versions/A/CoreServices
0x000000019584a000 	/System/Library/Frameworks/ApplicationServices.framework/Versions/A/Frameworks/HIServices.framework/Versions/A/HIServices
0x00000001a0886000 	/System/Library/Frameworks/ApplicationServices.framework/Versions/A/Frameworks/PrintCore.framework/Versions/A/PrintCore
0x00000001a2567000 	/System/Library/Frameworks/ApplicationServices.framework/Versions/A/Frameworks/QD.framework/Versions/A/QD
0x00000001a2562000 	/System/Library/Frameworks/ApplicationServices.framework/Versions/A/Frameworks/ColorSyncLegacy.framework/Versions/A/ColorSyncLegacy
0x00000001a2187000 	/System/Library/Frameworks/ApplicationServices.framework/Versions/A/Frameworks/SpeechSynthesis.framework/Versions/A/SpeechSynthesis
0x000000019dffc000 	/usr/lib/libSystem.B.dylib
0x0000000194995000 	/System/Library/PrivateFrameworks/SkyLight.framework/Versions/A/SkyLight
0x000000019608c000 	/System/Library/PrivateFrameworks/ProtocolBuffer.framework/Versions/A/ProtocolBuffer
0x000000019e000000 	/System/Library/PrivateFrameworks/SoftLinking.framework/Versions/A/SoftLinking
0x0000000191eae000 	/usr/lib/libicucore.A.dylib
0x0000000197d3e000 	/System/Library/PrivateFrameworks/CoreAnalytics.framework/Versions/A/CoreAnalytics
0x000000019acc2000 	/System/Library/PrivateFrameworks/FontServices.framework/libFontParser.dylib
0x00000001a6948000 	/System/Library/Frameworks/Accelerate.framework/Versions/A/Accelerate
0x000000019a7f4000 	/System/Library/Frameworks/IOSurface.framework/Versions/A/IOSurface
0x0000000198a82000 	/usr/lib/libxml2.2.dylib
0x0000000194506000 	/System/Library/Frameworks/CFNetwork.framework/Versions/A/CFNetwork
0x000000018e1ed000 	/System/Library/Frameworks/CoreFoundation.framework/Versions/A/CoreFoundation
0x000000018fa5a000 	/System/Library/Frameworks/Foundation.framework/Versions/C/Foundation
0x000000019df46000 	/usr/lib/libz.1.dylib
0x000000018dd48000 	/usr/lib/libobjc.A.dylib
0x000000018e0bd000 	/usr/lib/libc++.1.dylib
0x0000000191a8f000 	/System/Library/Frameworks/Security.framework/Versions/A/Security
0x0000000246a37000 	/System/Library/PrivateFrameworks/CollectionsInternal.framework/Versions/A/CollectionsInternal
0x00000001a186c000 	/usr/lib/swift/libswiftCore.dylib
0x00000001bb4ba000 	/usr/lib/swift/libswiftCoreFoundation.dylib
0x00000001a8435000 	/usr/lib/swift/libswiftDispatch.dylib
0x00000001bb51b000 	/usr/lib/swift/libswiftIOKit.dylib
0x00000001ab40d000 	/usr/lib/swift/libswiftObjectiveC.dylib
0x00000001bb4cd000 	/usr/lib/swift/libswiftXPC.dylib
0x0000000292b2e000 	/usr/lib/swift/libswift_Builtin_float.dylib
0x00000002436fe000 	/System/Library/PrivateFrameworks/BiomeLibrary.framework/Versions/A/BiomeLibrary
0x0000000196333000 	/System/Library/PrivateFrameworks/BaseBoard.framework/Versions/A/BaseBoard
0x00000001a8796000 	/System/Library/PrivateFrameworks/BoardServices.framework/Versions/A/BoardServices
0x00000001aa663000 	/System/Library/PrivateFrameworks/BackBoardServices.framework/Versions/A/BackBoardServices
0x0000000243603000 	/System/Library/PrivateFrameworks/BackBoardHIDEventFoundation.framework/Versions/A/BackBoardHIDEventFoundation
0x0000000198b69000 	/System/Library/Frameworks/CoreVideo.framework/Versions/A/CoreVideo
0x0000000197d6e000 	/usr/lib/libDiagnosticMessagesClient.dylib
0x0000000190bec000 	/System/Library/Frameworks/CoreDisplay.framework/Versions/A/CoreDisplay
0x000000019d253000 	/usr/lib/libbsm.0.dylib
0x00000001a01df000 	/System/Library/Frameworks/VideoToolbox.framework/Versions/A/VideoToolbox
0x000000019e21c000 	/System/Library/Frameworks/MetalPerformanceShaders.framework/Versions/A/MetalPerformanceShaders
0x000000019cf02000 	/System/Library/PrivateFrameworks/IOMobileFramebuffer.framework/Versions/A/IOMobileFramebuffer
0x0000000271840000 	/System/Library/PrivateFrameworks/ProDisplayLibrary.framework/Versions/A/ProDisplayLibrary
0x00000001ae494000 	/System/Library/PrivateFrameworks/IOSurfaceAccelerator.framework/Versions/A/IOSurfaceAccelerator
0x0000000196425000 	/System/Library/PrivateFrameworks/RunningBoardServices.framework/Versions/A/RunningBoardServices
0x000000018f6c9000 	/System/Library/Frameworks/SystemConfiguration.framework/Versions/A/SystemConfiguration
0x000000019a81c000 	/System/Library/Frameworks/Metal.framework/Versions/A/Metal
0x000000019a811000 	/System/Library/PrivateFrameworks/IOAccelerator.framework/Versions/A/IOAccelerator
0x000000019ab20000 	/System/Library/Frameworks/CoreMedia.framework/Versions/A/CoreMedia
0x0000000194971000 	/System/Library/PrivateFrameworks/TCC.framework/Versions/A/TCC
0x00000001948d9000 	/usr/lib/libMobileGestalt.dylib
0x00000001a0197000 	/System/Library/PrivateFrameworks/WatchdogClient.framework/Versions/A/WatchdogClient
0x0000000198298000 	/System/Library/Frameworks/QuartzCore.framework/Versions/A/QuartzCore
0x0000000192506000 	/System/Library/Frameworks/IOKit.framework/Versions/A/IOKit
0x000000019e224000 	/usr/lib/libcompression.dylib
0x00000001a0199000 	/System/Library/PrivateFrameworks/MultitouchSupport.framework/Versions/A/MultitouchSupport
0x00000001d32f2000 	/usr/lib/swift/libswiftAccelerate.dylib
0x00000001bb49a000 	/usr/lib/swift/libswiftCoreAudio.dylib
0x00000001d746d000 	/usr/lib/swift/libswiftCoreMedia.dylib
0x00000001c945b000 	/usr/lib/swift/libswiftMetal.dylib
0x00000001d8c20000 	/usr/lib/swift/libswiftOSLog.dylib
0x00000001ce84f000 	/usr/lib/swift/libswiftQuartzCore.dylib
0x00000001d32e2000 	/usr/lib/swift/libswiftUniformTypeIdentifiers.dylib
0x0000000292b16000 	/usr/lib/swift/libswiftVideoToolbox.dylib
0x00000001ab411000 	/usr/lib/swift/libswiftos.dylib
0x00000001bf00c000 	/usr/lib/swift/libswiftsimd.dylib
0x00000001ca4c6000 	/System/Library/PrivateFrameworks/BiomeStreams.framework/Versions/A/BiomeStreams
0x00000001d07a9000 	/System/Library/PrivateFrameworks/BiomeStorage.framework/Versions/A/BiomeStorage
0x00000001c652c000 	/System/Library/PrivateFrameworks/BiomeFoundation.framework/Versions/A/BiomeFoundation
0x000000025fd5d000 	/System/Library/PrivateFrameworks/IntelligencePlatformLibrary.framework/Versions/A/IntelligencePlatformLibrary
0x00000001960a8000 	/usr/lib/libsqlite3.dylib
0x0000000270604000 	/System/Library/PrivateFrameworks/PoirotSchematizer.framework/Versions/A/PoirotSchematizer
0x0000000243fb1000 	/System/Library/PrivateFrameworks/BiomeSync.framework/Versions/A/BiomeSync
0x00000002436e4000 	/System/Library/PrivateFrameworks/BiomeDSL.framework/Versions/A/BiomeDSL
0x00000001d0748000 	/System/Library/PrivateFrameworks/BiomePubSub.framework/Versions/A/BiomePubSub
0x00000001bb37c000 	/System/Library/PrivateFrameworks/LoggingSupport.framework/Versions/A/LoggingSupport
0x00000001ac378000 	/System/Library/PrivateFrameworks/ProactiveSupport.framework/Versions/A/ProactiveSupport
0x00000001e980c000 	/System/Library/PrivateFrameworks/FeatureFlags.framework/Versions/A/FeatureFlags
0x00000001e1643000 	/System/Library/PrivateFrameworks/InternalSwiftProtobuf.framework/Versions/A/InternalSwiftProtobuf
0x0000000270672000 	/System/Library/PrivateFrameworks/PoirotUDFs.framework/Versions/A/PoirotUDFs
0x0000000292c5f000 	/usr/lib/swift/libswift_StringProcessing.dylib
0x000000019dff6000 	/usr/lib/system/libcache.dylib
0x000000019dfb1000 	/usr/lib/system/libcommonCrypto.dylib
0x000000019dfdc000 	/usr/lib/system/libcompiler_rt.dylib
0x000000019dfd1000 	/usr/lib/system/libcopyfile.dylib
0x000000018def1000 	/usr/lib/system/libcorecrypto.dylib
0x000000018dff1000 	/usr/lib/system/libdispatch.dylib
0x000000018dd9b000 	/usr/lib/system/libdyld.dylib
0x000000019dfec000 	/usr/lib/system/libkeymgr.dylib
0x000000019df94000 	/usr/lib/system/libmacho.dylib
0x000000019d22b000 	/usr/lib/system/libquarantine.dylib
0x000000019dfe9000 	/usr/lib/system/libremovefile.dylib
0x0000000194959000 	/usr/lib/system/libsystem_asl.dylib
0x000000018de77000 	/usr/lib/system/libsystem_blocks.dylib
0x000000018e03c000 	/usr/lib/system/libsystem_c.dylib
0x000000019dfe0000 	/usr/lib/system/libsystem_collections.dylib
0x000000019bbcc000 	/usr/lib/system/libsystem_configuration.dylib
0x000000019a7bb000 	/usr/lib/system/libsystem_containermanager.dylib
0x000000019d9ca000 	/usr/lib/system/libsystem_coreservices.dylib
0x0000000192184000 	/usr/lib/system/libsystem_darwin.dylib
0x0000000292e50000 	/usr/lib/system/libsystem_darwindirectory.dylib
0x000000019dfed000 	/usr/lib/system/libsystem_dnssd.dylib
0x0000000292e54000 	/usr/lib/system/libsystem_eligibility.dylib
0x000000018e039000 	/usr/lib/system/libsystem_featureflags.dylib
0x000000018e1bd000 	/usr/lib/system/libsystem_info.dylib
0x000000019df55000 	/usr/lib/system/libsystem_m.dylib
0x000000018dfa0000 	/usr/lib/system/libsystem_malloc.dylib
0x00000001948bc000 	/usr/lib/system/libsystem_networkextension.dylib
0x00000001925ef000 	/usr/lib/system/libsystem_notify.dylib
0x000000019bbd1000 	/usr/lib/system/libsystem_sandbox.dylib
0x0000000292e5e000 	/usr/lib/system/libsystem_sanitizers.dylib
0x000000019dfe5000 	/usr/lib/system/libsystem_secinit.dylib
0x000000018e169000 	/usr/lib/system/libsystem_kernel.dylib
0x000000018e1b4000 	/usr/lib/system/libsystem_platform.dylib
0x000000018e1a7000 	/usr/lib/system/libsystem_pthread.dylib
0x0000000196517000 	/usr/lib/system/libsystem_symptoms.dylib
0x000000018ded0000 	/usr/lib/system/libsystem_trace.dylib
0x0000000292e66000 	/usr/lib/system/libsystem_trial.dylib
0x000000019dfbf000 	/usr/lib/system/libunwind.dylib
0x000000018de7b000 	/usr/lib/system/libxpc.dylib
0x000000018e14e000 	/usr/lib/libc++abi.dylib
0x0000000291233000 	/usr/lib/libRosetta.dylib
0x00000002926b9000 	/usr/lib/libswiftPrespecialized.dylib
0x0000000198a39000 	/System/Library/PrivateFrameworks/CoreAutoLayout.framework/Versions/A/CoreAutoLayout
0x000000019dffe000 	/usr/lib/libfakelink.dylib
0x0000000197e69000 	/System/Library/Frameworks/DiskArbitration.framework/Versions/A/DiskArbitration
0x000000019e051000 	/usr/lib/libarchive.2.dylib
0x000000019bbdf000 	/usr/lib/liblangid.dylib
0x00000001a4363000 	/System/Library/Frameworks/Combine.framework/Versions/A/Combine
0x0000000272936000 	/System/Library/PrivateFrameworks/ReflectionInternal.framework/Versions/A/ReflectionInternal
0x0000000273889000 	/System/Library/PrivateFrameworks/RuntimeInternal.framework/Versions/A/RuntimeInternal
0x00000001b8352000 	/usr/lib/swift/libswiftDarwin.dylib
0x0000000292afc000 	/usr/lib/swift/libswiftSystem.dylib
0x0000000292b2f000 	/usr/lib/swift/libswift_Concurrency.dylib
0x0000000292bbb000 	/usr/lib/swift/libswift_DarwinFoundation1.dylib
0x0000000192486000 	/System/Library/PrivateFrameworks/CoreServicesInternal.framework/Versions/A/CoreServicesInternal
0x000000019dfc9000 	/usr/lib/liboah.dylib
0x00000001aa841000 	/System/Library/PrivateFrameworks/DiskImages.framework/Versions/A/DiskImages
0x00000001b7df7000 	/System/Library/Frameworks/NetFS.framework/Versions/A/NetFS
0x00000001989fe000 	/System/Library/Frameworks/CoreServices.framework/Versions/A/Frameworks/FSEvents.framework/Versions/A/FSEvents
0x000000019218e000 	/System/Library/Frameworks/CoreServices.framework/Versions/A/Frameworks/CarbonCore.framework/Versions/A/CarbonCore
0x0000000197ddd000 	/System/Library/Frameworks/CoreServices.framework/Versions/A/Frameworks/Metadata.framework/Versions/A/Metadata
0x000000019d9d1000 	/System/Library/Frameworks/CoreServices.framework/Versions/A/Frameworks/OSServices.framework/Versions/A/OSServices
0x000000019e149000 	/System/Library/Frameworks/CoreServices.framework/Versions/A/Frameworks/SearchKit.framework/Versions/A/SearchKit
0x0000000196491000 	/System/Library/Frameworks/CoreServices.framework/Versions/A/Frameworks/AE.framework/Versions/A/AE
0x000000018e74c000 	/System/Library/Frameworks/CoreServices.framework/Versions/A/Frameworks/LaunchServices.framework/Versions/A/LaunchServices
0x000000019f4cf000 	/System/Library/Frameworks/CoreServices.framework/Versions/A/Frameworks/DictionaryServices.framework/Versions/A/DictionaryServices
0x0000000198a0b000 	/System/Library/Frameworks/CoreServices.framework/Versions/A/Frameworks/SharedFileList.framework/Versions/A/SharedFileList
0x000000019e1dc000 	/usr/lib/libapple_nghttp2.dylib
0x0000000196291000 	/System/Library/Frameworks/Accounts.framework/Versions/A/Accounts
0x00000001aaa83000 	/System/Library/PrivateFrameworks/AppSupport.framework/Versions/A/AppSupport
0x00000001ba27e000 	/System/Library/Frameworks/AVFoundation.framework/Versions/A/AVFoundation
0x00000001a259e000 	/System/Library/Frameworks/GSS.framework/Versions/A/GSS
0x00000001a0990000 	/System/Library/PrivateFrameworks/InternationalSupport.framework/Versions/A/InternationalSupport
0x00000001ab395000 	/System/Library/PrivateFrameworks/StreamingZip.framework/Versions/A/StreamingZip
0x00000001948d7000 	/usr/lib/libenergytrace.dylib
0x0000000196520000 	/System/Library/Frameworks/Network.framework/Versions/A/Network
0x000000019df98000 	/usr/lib/system/libkxld.dylib
0x0000000242017000 	/System/Library/PrivateFrameworks/AppleKeyStore.framework/Versions/A/AppleKeyStore
0x0000000290f35000 	/usr/lib/libCoreEntitlements.dylib
0x0000000267019000 	/System/Library/PrivateFrameworks/MessageSecurity.framework/Versions/A/MessageSecurity
0x00000001a7844000 	/System/Library/PrivateFrameworks/SymptomDiagnosticReporter.framework/Versions/A/SymptomDiagnosticReporter
0x000000019f714000 	/System/Library/PrivateFrameworks/CrashReporterSupport.framework/Versions/A/CrashReporterSupport
0x000000019d9b1000 	/System/Library/PrivateFrameworks/AppleFSCompression.framework/Versions/A/AppleFSCompression
0x000000019d23b000 	/usr/lib/libcoretls.dylib
0x000000019f545000 	/usr/lib/libcoretls_cfhelpers.dylib
0x000000019e21e000 	/usr/lib/libpam.2.dylib
0x000000019f5bb000 	/usr/lib/libxar.1.dylib
0x000000019f547000 	/System/Library/PrivateFrameworks/APFS.framework/Versions/A/APFS
0x000000027efb6000 	/System/Library/PrivateFrameworks/SwiftASN1Internal.framework/Versions/A/SwiftASN1Internal
0x000000019f5ca000 	/usr/lib/libutil.dylib
0x000000019bbda000 	/System/Library/PrivateFrameworks/AppleSystemInfo.framework/Versions/A/AppleSystemInfo
0x00000001aa1a1000 	/System/Library/PrivateFrameworks/CoreWiFi.framework/Versions/A/CoreWiFi
0x00000001a2601000 	/System/Library/PrivateFrameworks/MobileAsset.framework/Versions/A/MobileAsset
0x00000001a7854000 	/System/Library/PrivateFrameworks/PowerLog.framework/Versions/A/PowerLog
0x00000001a8d16000 	/System/Library/PrivateFrameworks/Rapport.framework/Versions/A/Rapport
0x000000023ac3a000 	/System/Library/Frameworks/SwiftData.framework/Versions/A/SwiftData
0x0000000193f3b000 	/System/Library/Frameworks/UniformTypeIdentifiers.framework/Versions/A/UniformTypeIdentifiers
0x0000000198c2b000 	/System/Library/PrivateFrameworks/UserManagement.framework/Versions/A/UserManagement
0x000000019442d000 	/usr/lib/libboringssl.dylib
0x0000000196505000 	/usr/lib/libdns_services.dylib
0x00000001ba3b2000 	/usr/lib/libquic.dylib
0x00000001a17fd000 	/usr/lib/libusrtcp.dylib
0x0000000242ed0000 	/System/Library/PrivateFrameworks/AtomicsInternal.framework/Versions/A/AtomicsInternal
0x0000000292983000 	/usr/lib/swift/libswiftDistributed.dylib
0x00000002929ac000 	/usr/lib/swift/libswiftObservation.dylib
0x0000000292ae8000 	/usr/lib/swift/libswiftSynchronization.dylib
0x000000019bbd8000 	/System/Library/PrivateFrameworks/AggregateDictionary.framework/Versions/A/AggregateDictionary
0x0000000195c9e000 	/System/Library/Frameworks/CoreData.framework/Versions/A/CoreData
0x000000023cc95000 	/System/Library/Frameworks/_LocationEssentials.framework/Versions/A/_LocationEssentials
0x000000019f526000 	/usr/lib/liblzma.5.dylib
0x000000019d134000 	/System/Library/PrivateFrameworks/MobileKeyBag.framework/Versions/A/MobileKeyBag
0x00000001aad97000 	/System/Library/PrivateFrameworks/InternationalTextSearch.framework/Versions/A/InternationalTextSearch
0x00000001c2a08000 	/System/Library/PrivateFrameworks/SoftwareUpdateCoreSupport.framework/Versions/A/SoftwareUpdateCoreSupport
0x00000001caf64000 	/System/Library/PrivateFrameworks/SoftwareUpdateCoreConnect.framework/Versions/A/SoftwareUpdateCoreConnect
0x00000001aa93b000 	/System/Library/PrivateFrameworks/RemoteServiceDiscovery.framework/Versions/A/RemoteServiceDiscovery
0x00000001c25e0000 	/System/Library/PrivateFrameworks/MSUDataAccessor.framework/Versions/A/MSUDataAccessor
0x00000001bd548000 	/usr/lib/libbootpolicy.dylib
0x00000001aa952000 	/System/Library/PrivateFrameworks/RemoteXPC.framework/Versions/A/RemoteXPC
0x00000001ca39a000 	/usr/lib/libFDR.dylib
0x00000001d034a000 	/usr/lib/libamsupport.dylib
0x000000029122b000 	/usr/lib/libReverseProxyDevice.dylib
0x0000000241887000 	/System/Library/PrivateFrameworks/AppleDeviceQuerySupport.framework/Versions/A/AppleDeviceQuerySupport
0x00000001d350c000 	/usr/lib/libpartition2_dynamic.dylib
0x000000019e1b8000 	/System/Library/PrivateFrameworks/AppleSauce.framework/Versions/A/AppleSauce
0x0000000290de0000 	/usr/lib/libAppleArchive.dylib
0x000000019d9bd000 	/usr/lib/libbz2.1.0.dylib
0x0000000197e73000 	/System/Library/Frameworks/Accelerate.framework/Versions/A/Frameworks/vImage.framework/Versions/A/vImage
0x00000001a66a4000 	/System/Library/Frameworks/Accelerate.framework/Versions/A/Frameworks/vecLib.framework/Versions/A/vecLib
0x000000019f601000 	/System/Library/Frameworks/Accelerate.framework/Versions/A/Frameworks/vecLib.framework/Versions/A/libvMisc.dylib
0x000000018ec50000 	/System/Library/Frameworks/Accelerate.framework/Versions/A/Frameworks/vecLib.framework/Versions/A/libBLAS.dylib
0x0000000233694000 	/System/Library/Frameworks/OpenGL.framework/Versions/A/OpenGL
0x0000000255a14000 	/System/Library/PrivateFrameworks/GPUCompiler.framework/Versions/32023/Libraries/libllvm-flatbuffers.dylib
0x0000000250473000 	/System/Library/PrivateFrameworks/FramePacing.framework/Versions/A/FramePacing
0x0000000233686000 	/System/Library/Frameworks/OpenGL.framework/Versions/A/Libraries/libCoreFSCache.dylib
0x00000002515a1000 	/System/Library/PrivateFrameworks/GPUCompiler.framework/Versions/32023/Libraries/libGPUCompilerUtils.dylib
0x00000002336e5000 	/System/Library/Frameworks/OpenGL.framework/Versions/A/Libraries/libGLU.dylib
0x00000002336a8000 	/System/Library/Frameworks/OpenGL.framework/Versions/A/Libraries/libGFXShared.dylib
0x0000000233875000 	/System/Library/Frameworks/OpenGL.framework/Versions/A/Libraries/libGL.dylib
0x00000002336b1000 	/System/Library/Frameworks/OpenGL.framework/Versions/A/Libraries/libGLImage.dylib
0x00000002336a5000 	/System/Library/Frameworks/OpenGL.framework/Versions/A/Libraries/libCVMSPluginSupport.dylib
0x000000023368e000 	/System/Library/Frameworks/OpenGL.framework/Versions/A/Libraries/libCoreVMClient.dylib
0x000000019cd90000 	/System/Library/Frameworks/Accelerate.framework/Versions/A/Frameworks/vecLib.framework/Versions/A/libvDSP.dylib
0x000000019e2fe000 	/System/Library/Frameworks/Accelerate.framework/Versions/A/Frameworks/vecLib.framework/Versions/A/libLAPACK.dylib
0x000000019d2c7000 	/System/Library/Frameworks/Accelerate.framework/Versions/A/Frameworks/vecLib.framework/Versions/A/libLinearAlgebra.dylib
0x000000019e1f5000 	/System/Library/Frameworks/Accelerate.framework/Versions/A/Frameworks/vecLib.framework/Versions/A/libSparseBLAS.dylib
0x000000019e2f9000 	/System/Library/Frameworks/Accelerate.framework/Versions/A/Frameworks/vecLib.framework/Versions/A/libQuadrature.dylib
0x000000019bd08000 	/System/Library/Frameworks/Accelerate.framework/Versions/A/Frameworks/vecLib.framework/Versions/A/libBNNS.dylib
0x000000018f55b000 	/System/Library/Frameworks/Accelerate.framework/Versions/A/Frameworks/vecLib.framework/Versions/A/libSparse.dylib
0x0000000261e0d000 	/System/Library/PrivateFrameworks/MIL.framework/Versions/A/MIL
0x00000001cd3b5000 	/System/Library/PrivateFrameworks/OSAnalytics.framework/Versions/A/OSAnalytics
0x000000024e0e0000 	/System/Library/PrivateFrameworks/DeviceRecovery.framework/Versions/A/DeviceRecovery
0x00000001a8bae000 	/System/Library/PrivateFrameworks/CoreSymbolication.framework/Versions/A/CoreSymbolication
0x00000001dccef000 	/System/Library/PrivateFrameworks/Symbolication.framework/Versions/A/Symbolication
0x00000001a8b8c000 	/System/Library/PrivateFrameworks/DebugSymbols.framework/Versions/A/DebugSymbols
0x00000001bb40b000 	/System/Library/PrivateFrameworks/MallocStackLogging.framework/Versions/A/MallocStackLogging
0x0000000292bc0000 	/usr/lib/swift/libswift_RegexParser.dylib
0x00000001a4457000 	/System/Library/PrivateFrameworks/GeoServices.framework/Versions/A/GeoServices
0x00000001a1e87000 	/System/Library/PrivateFrameworks/LocationSupport.framework/Versions/A/LocationSupport
0x00000001a7739000 	/System/Library/Frameworks/CoreBluetooth.framework/Versions/A/CoreBluetooth
0x0000000259567000 	/System/Library/PrivateFrameworks/GeoServicesCore.framework/Versions/A/GeoServicesCore
0x00000001b4240000 	/System/Library/PrivateFrameworks/PhoneNumbers.framework/Versions/A/PhoneNumbers
0x00000001a2778000 	/System/Library/PrivateFrameworks/CorePhoneNumbers.framework/Versions/A/CorePhoneNumbers
0x000000019e036000 	/usr/lib/libiconv.2.dylib
0x000000019df93000 	/usr/lib/libcharset.1.dylib
0x0000000235710000 	/System/Library/Frameworks/ExtensionFoundation.framework/Versions/A/ExtensionFoundation
0x000000019fbee000 	/System/Library/PrivateFrameworks/AppServerSupport.framework/Versions/A/AppServerSupport
0x000000026c07a000 	/System/Library/PrivateFrameworks/OSEligibility.framework/Versions/A/OSEligibility
0x000000019f9f1000 	/System/Library/PrivateFrameworks/IconServices.framework/Versions/A/IconServices
0x0000000236af4000 	/System/Library/Frameworks/LightweightCodeRequirements.framework/Versions/A/LightweightCodeRequirements
0x000000019f86b000 	/System/Library/PrivateFrameworks/PlugInKit.framework/Versions/A/PlugInKit
0x000000019d14c000 	/System/Library/PrivateFrameworks/AssertionServices.framework/Versions/A/AssertionServices
0x000000019ff91000 	/System/Library/PrivateFrameworks/AppleJPEG.framework/Versions/A/AppleJPEG
0x000000019f96b000 	/usr/lib/libexpat.1.dylib
0x00000001a075c000 	/System/Library/Frameworks/ImageIO.framework/Versions/A/Resources/libPng.dylib
0x00000001a0787000 	/System/Library/Frameworks/ImageIO.framework/Versions/A/Resources/libTIFF.dylib
0x00000001a086f000 	/System/Library/Frameworks/ImageIO.framework/Versions/A/Resources/libGIF.dylib
0x000000019ffd6000 	/System/Library/Frameworks/ImageIO.framework/Versions/A/Resources/libJP2.dylib
0x000000019f67b000 	/usr/lib/libate.dylib
0x00000001a0816000 	/System/Library/Frameworks/ImageIO.framework/Versions/A/Resources/libJPEG.dylib
0x00000001a080d000 	/System/Library/Frameworks/ImageIO.framework/Versions/A/Resources/libRadiance.dylib
0x0000000292bbe000 	/usr/lib/swift/libswift_DarwinFoundation2.dylib
0x0000000292bbf000 	/usr/lib/swift/libswift_DarwinFoundation3.dylib
0x000000019f990000 	/System/Library/PrivateFrameworks/IconFoundation.framework/Versions/A/IconFoundation
0x000000025c8eb000 	/System/Library/PrivateFrameworks/IconRendering.framework/Versions/A/IconRendering
0x0000000198700000 	/System/Library/PrivateFrameworks/CoreUI.framework/Versions/A/CoreUI
0x000000019b627000 	/System/Library/Frameworks/CoreImage.framework/Versions/A/CoreImage
0x0000000273a55000 	/System/Library/PrivateFrameworks/SFSymbols.framework/Versions/A/SFSymbols
0x00000002355c6000 	/System/Library/Frameworks/DeveloperToolsSupport.framework/Versions/A/DeveloperToolsSupport
0x00000001b2609000 	/System/Library/PrivateFrameworks/RenderBox.framework/Versions/A/RenderBox
0x000000019b2a9000 	/System/Library/PrivateFrameworks/CoreSVG.framework/Versions/A/CoreSVG
0x00000001a08f9000 	/System/Library/PrivateFrameworks/TextureIO.framework/Versions/A/TextureIO
0x00000001bb51a000 	/usr/lib/swift/libswiftCoreImage.dylib
0x000000019fb9e000 	/System/Library/PrivateFrameworks/GraphVisualizer.framework/Versions/A/GraphVisualizer
0x000000025037e000 	/System/Library/PrivateFrameworks/FontServices.framework/Versions/A/FontServices
0x000000019fbae000 	/System/Library/PrivateFrameworks/OTSVG.framework/Versions/A/OTSVG
0x00000001986ae000 	/System/Library/Frameworks/ApplicationServices.framework/Versions/A/Frameworks/ATS.framework/Versions/A/Resources/libFontRegistry.dylib
0x0000000291cf3000 	/usr/lib/libhvf.dylib
0x000000026cd06000 	/System/Library/PrivateFrameworks/ParsingInternal.framework/Versions/A/ParsingInternal
0x0000000250382000 	/System/Library/PrivateFrameworks/FontServices.framework/libXTFontStaticRegistryData.dylib
0x000000019bb12000 	/System/Library/Frameworks/MetalPerformanceShaders.framework/Versions/A/Frameworks/MPSCore.framework/Versions/A/MPSCore
0x000000019d91c000 	/System/Library/Frameworks/MetalPerformanceShaders.framework/Versions/A/Frameworks/MPSImage.framework/Versions/A/MPSImage
0x000000019d2db000 	/System/Library/Frameworks/MetalPerformanceShaders.framework/Versions/A/Frameworks/MPSNeuralNetwork.framework/Versions/A/MPSNeuralNetwork
0x000000019d71a000 	/System/Library/Frameworks/MetalPerformanceShaders.framework/Versions/A/Frameworks/MPSMatrix.framework/Versions/A/MPSMatrix
0x000000019d532000 	/System/Library/Frameworks/MetalPerformanceShaders.framework/Versions/A/Frameworks/MPSRayIntersector.framework/Versions/A/MPSRayIntersector
0x000000019d74c000 	/System/Library/Frameworks/MetalPerformanceShaders.framework/Versions/A/Frameworks/MPSNDArray.framework/Versions/A/MPSNDArray
0x0000000237979000 	/System/Library/Frameworks/MetalPerformanceShaders.framework/Versions/A/Frameworks/MPSFunctions.framework/Versions/A/MPSFunctions
0x000000023795a000 	/System/Library/Frameworks/MetalPerformanceShaders.framework/Versions/A/Frameworks/MPSBenchmarkLoop.framework/Versions/A/MPSBenchmarkLoop
0x000000023798d000 	/System/Library/Frameworks/MetalPerformanceShaders.framework/Versions/A/Frameworks/MPSHost.framework/Versions/A/MPSHost
0x000000018ea67000 	/System/Library/PrivateFrameworks/MetalTools.framework/Versions/A/MetalTools
0x00000001c0731000 	/System/Library/PrivateFrameworks/IOAccelMemoryInfo.framework/Versions/A/IOAccelMemoryInfo
0x00000001cec42000 	/System/Library/PrivateFrameworks/kperf.framework/Versions/A/kperf
0x00000001bb496000 	/System/Library/PrivateFrameworks/GPURawCounter.framework/Versions/A/GPURawCounter
0x00000001ac503000 	/System/Library/PrivateFrameworks/ASEProcessing.framework/Versions/A/ASEProcessing
0x00000002701b3000 	/System/Library/PrivateFrameworks/PhotosensitivityProcessing.framework/Versions/A/PhotosensitivityProcessing
0x0000000273adb000 	/System/Library/PrivateFrameworks/SILManager.framework/Versions/A/SILManager
0x0000000282409000 	/System/Library/PrivateFrameworks/Tightbeam.framework/Versions/A/Tightbeam
0x00000001c9469000 	/usr/lib/swift/libswiftCompression.dylib
0x00000001d3a79000 	/System/Library/PrivateFrameworks/AFKUser.framework/Versions/A/AFKUser
0x00000001a0841000 	/System/Library/Frameworks/ApplicationServices.framework/Versions/A/Frameworks/ATSUI.framework/Versions/A/ATSUI
0x00000001a1f17000 	/System/Library/Frameworks/AudioToolbox.framework/Versions/A/AudioToolbox
0x000000019dd8a000 	/System/Library/Frameworks/UserNotifications.framework/Versions/A/UserNotifications
0x00000001c0ec6000 	/System/Library/PrivateFrameworks/SiriInstrumentation.framework/Versions/A/SiriInstrumentation
0x0000000275f36000 	/System/Library/PrivateFrameworks/SiriAnalytics.framework/Versions/A/SiriAnalytics
0x00000001be62e000 	/System/Library/PrivateFrameworks/FeedbackLogger.framework/Versions/A/FeedbackLogger
0x00000001d8eb9000 	/usr/lib/swift/libswiftAVFoundation.dylib
0x0000000284c31000 	/System/Library/PrivateFrameworks/UnifiedAssetFramework.framework/Versions/A/UnifiedAssetFramework
0x0000000190d0d000 	/System/Library/PrivateFrameworks/AudioToolboxCore.framework/Versions/A/AudioToolboxCore
0x00000001a20ec000 	/System/Library/PrivateFrameworks/AudioSession.framework/Versions/A/AudioSession
0x00000001ad786000 	/System/Library/Frameworks/CoreMIDI.framework/Versions/A/CoreMIDI
0x00000001a216d000 	/usr/lib/libAudioStatistics.dylib
0x000000019aaf6000 	/System/Library/PrivateFrameworks/caulk.framework/Versions/A/caulk
0x00000001912f9000 	/System/Library/Frameworks/CoreAudio.framework/Versions/A/CoreAudio
0x00000001a0736000 	/usr/lib/libAudioToolboxUtility.dylib
0x00000001c1df4000 	/usr/lib/swift/libswiftCoreMIDI.dylib
0x00000001a2570000 	/System/Library/PrivateFrameworks/perfdata.framework/Versions/A/perfdata
0x00000001ba4a7000 	/System/Library/PrivateFrameworks/SystemPolicy.framework/Versions/A/SystemPolicy
0x00000001a2415000 	/usr/lib/libSMC.dylib
0x00000001a257e000 	/usr/lib/libperfcheck.dylib
0x0000000242f9f000 	/System/Library/PrivateFrameworks/AudioAnalytics.framework/Versions/A/AudioAnalytics
0x00000001e1331000 	/System/Library/Frameworks/OSLog.framework/Versions/A/OSLog
0x00000001bb43d000 	/usr/lib/libmis.dylib
0x00000001a8d0b000 	/System/Library/PrivateFrameworks/CoreTime.framework/Versions/A/CoreTime
0x000000019faaf000 	/System/Library/PrivateFrameworks/MediaExperience.framework/Versions/A/MediaExperience
0x00000001a1ec1000 	/System/Library/PrivateFrameworks/AudioSession.framework/libSessionUtility.dylib
0x00000001a0875000 	/System/Library/PrivateFrameworks/CMCaptureCore.framework/Versions/A/CMCaptureCore
0x000000019fbfb000 	/usr/lib/libspindump.dylib
0x000000019cfbf000 	/System/Library/PrivateFrameworks/CoreUtils.framework/Versions/A/CoreUtils
0x00000001b333c000 	/System/Library/PrivateFrameworks/HID.framework/Versions/A/HID
0x000000024cff9000 	/System/Library/PrivateFrameworks/CoreUtilsExtras.framework/Versions/A/CoreUtilsExtras
0x000000025c840000 	/System/Library/PrivateFrameworks/IO80211.framework/Versions/A/IO80211
0x00000001a40af000 	/System/Library/Frameworks/IOBluetooth.framework/Versions/A/IOBluetooth
0x00000002929cb000 	/usr/lib/swift/libswiftRegexBuilder.dylib
0x000000019f70b000 	/usr/lib/libIOReport.dylib
0x00000001e9890000 	/System/Library/PrivateFrameworks/WiFiPeerToPeer.framework/Versions/A/WiFiPeerToPeer
0x000000019d15b000 	/System/Library/Frameworks/SecurityFoundation.framework/Versions/A/SecurityFoundation
0x000000024569b000 	/System/Library/PrivateFrameworks/Centauri.framework/Versions/A/Centauri
0x000000018f44b000 	/System/Library/PrivateFrameworks/Lexicon.framework/Versions/A/Lexicon
0x0000000292143000 	/usr/lib/libmrc.dylib
0x000000025c8ab000 	/System/Library/PrivateFrameworks/IPConfiguration.framework/Versions/A/IPConfiguration
0x00000001dd4c6000 	/System/Library/PrivateFrameworks/Netrb.framework/Versions/A/Netrb
0x00000001a86bc000 	/System/Library/PrivateFrameworks/FrontBoardServices.framework/Versions/A/FrontBoardServices
0x000000019d2c4000 	/usr/lib/libgermantok.dylib
0x000000019bd01000 	/System/Library/PrivateFrameworks/LinguisticData.framework/Versions/A/LinguisticData
0x00000001a8863000 	/System/Library/PrivateFrameworks/GraphicsServices.framework/Versions/A/GraphicsServices
0x00000001a7942000 	/System/Library/PrivateFrameworks/MediaKit.framework/Versions/A/MediaKit
0x00000001a7890000 	/System/Library/Frameworks/DiscRecording.framework/Versions/A/DiscRecording
0x000000019f986000 	/usr/lib/libheimdal-asn1.dylib
0x00000001ab36b000 	/System/Library/Frameworks/AudioUnit.framework/Versions/A/AudioUnit
0x00000001989c6000 	/System/Library/Frameworks/OpenDirectory.framework/Versions/A/OpenDirectory
0x00000001989d4000 	/System/Library/Frameworks/OpenDirectory.framework/Versions/A/Frameworks/CFOpenDirectory.framework/Versions/A/CFOpenDirectory
0x0000000233c01000 	/System/Library/Frameworks/AVFAudio.framework/Versions/A/AVFAudio
0x0000000233d45000 	/System/Library/Frameworks/AVRouting.framework/Versions/A/AVRouting
0x00000001b4358000 	/usr/lib/libAccessibility.dylib
0x00000002606d9000 	/System/Library/PrivateFrameworks/IsolatedCoreAudioClient.framework/Versions/A/IsolatedCoreAudioClient
0x0000000248e31000 	/System/Library/PrivateFrameworks/CoreAudioOrchestration.framework/Versions/A/CoreAudioOrchestration
0x00000001a0d5d000 	/System/Library/Frameworks/MediaToolbox.framework/Versions/A/MediaToolbox
0x00000001a7a68000 	/System/Library/PrivateFrameworks/CoreAVCHD.framework/Versions/A/CoreAVCHD
0x00000001a6997000 	/System/Library/Frameworks/MediaAccessibility.framework/Versions/A/MediaAccessibility
0x00000001a7a64000 	/System/Library/PrivateFrameworks/Mangrove.framework/Versions/A/Mangrove
0x0000000244cd7000 	/System/Library/PrivateFrameworks/CMPhoto.framework/Versions/A/CMPhoto
0x00000001a8231000 	/System/Library/Frameworks/CoreTelephony.framework/Versions/A/CoreTelephony
0x00000001a7a57000 	/System/Library/PrivateFrameworks/CoreAUC.framework/Versions/A/CoreAUC
0x0000000241e48000 	/System/Library/PrivateFrameworks/AppleJPEGXL.framework/Versions/A/AppleJPEGXL
0x0000000286b79000 	/System/Library/PrivateFrameworks/VideoToolboxParavirtualizationSupport.framework/Versions/A/VideoToolboxParavirtualizationSupport
0x000000019f922000 	/System/Library/PrivateFrameworks/AppleVA.framework/Versions/A/AppleVA
0x00000001a2788000 	/usr/lib/libTelephonyUtilDynamic.dylib
0x00000001a0808000 	/System/Library/PrivateFrameworks/GPUWrangler.framework/Versions/A/GPUWrangler
0x00000001a07e8000 	/System/Library/PrivateFrameworks/IOPresentment.framework/Versions/A/IOPresentment
0x00000001a0810000 	/System/Library/PrivateFrameworks/DSExternalDisplay.framework/Versions/A/DSExternalDisplay
0x00000001e4422000 	/System/Library/Frameworks/CryptoKit.framework/Versions/A/CryptoKit
0x00000001ab366000 	/System/Library/PrivateFrameworks/CryptoKitCBridging.framework/Versions/A/CryptoKitCBridging
0x00000001a8875000 	/System/Library/Frameworks/CryptoTokenKit.framework/Versions/A/CryptoTokenKit
0x000000024db51000 	/System/Library/PrivateFrameworks/Dendrite.framework/Versions/A/Dendrite
0x00000001bb03e000 	/System/Library/Frameworks/NaturalLanguage.framework/Versions/A/NaturalLanguage
0x000000025926a000 	/System/Library/PrivateFrameworks/GenerativeModels.framework/Versions/A/GenerativeModels
0x00000001e9818000 	/usr/lib/swift/libswiftNaturalLanguage.dylib
0x00000002429be000 	/System/Library/PrivateFrameworks/AppleMobileFileIntegrity.framework/Versions/A/AppleMobileFileIntegrity
0x00000002912a2000 	/usr/lib/libTLE.dylib
0x00000001f2f1f000 	/System/Library/PrivateFrameworks/ConfigProfileHelper.framework/Versions/A/ConfigProfileHelper
0x00000001ab4f5000 	/System/Library/PrivateFrameworks/Espresso.framework/Versions/A/Espresso
0x0000000199155000 	/System/Library/Frameworks/CoreML.framework/Versions/A/CoreML
0x00000001e76d5000 	/usr/lib/libedit.3.dylib
0x0000000230a10000 	/System/Library/PrivateFrameworks/ANECompiler.framework/Versions/A/ANECompiler
0x00000001ad5ca000 	/System/Library/PrivateFrameworks/AppleNeuralEngine.framework/Versions/A/AppleNeuralEngine
0x0000000237993000 	/System/Library/Frameworks/MetalPerformanceShadersGraph.framework/Versions/A/MetalPerformanceShadersGraph
0x000000026257c000 	/System/Library/PrivateFrameworks/MLCompilerServices.framework/Versions/A/MLCompilerServices
0x00000001ac347000 	/System/Library/PrivateFrameworks/ANEServices.framework/Versions/A/ANEServices
0x00000001c06f4000 	/usr/lib/libncurses.5.4.dylib
0x0000000192602000 	/usr/lib/libsandbox.1.dylib
0x000000019f8ac000 	/usr/lib/libMatch.1.dylib
0x000000026bdfc000 	/System/Library/PrivateFrameworks/ODIE.framework/Versions/A/ODIE
0x0000000265209000 	/System/Library/PrivateFrameworks/MLModelAsset.framework/Versions/A/MLModelAsset
0x0000000262522000 	/System/Library/PrivateFrameworks/MLCompilerRuntime.framework/Versions/A/MLCompilerRuntime
0x000000019d587000 	/System/Library/Frameworks/MLCompute.framework/Versions/A/MLCompute
0x00000002624a4000 	/System/Library/PrivateFrameworks/MLAssetIO.framework/Versions/A/MLAssetIO
0x000000029299d000 	/usr/lib/swift/libswiftMLCompute.dylib
0x00000001a844c000 	/System/Library/PrivateFrameworks/AVFCore.framework/Versions/A/AVFCore
0x00000001b1c5a000 	/System/Library/PrivateFrameworks/AVFCapture.framework/Versions/A/AVFCapture
0x0000000244ace000 	/System/Library/PrivateFrameworks/CMImaging.framework/Versions/A/CMImaging
0x00000001b1e9c000 	/System/Library/PrivateFrameworks/Quagga.framework/Versions/A/Quagga
0x00000001b1fcd000 	/System/Library/PrivateFrameworks/CMCapture.framework/Versions/A/CMCapture
0x00000001a2312000 	/System/Library/Frameworks/CoreMediaIO.framework/Versions/A/CoreMediaIO
0x0000000244a09000 	/System/Library/PrivateFrameworks/CMCaptureDevice.framework/Versions/A/CMCaptureDevice
0x000000019fce7000 	/System/Library/PrivateFrameworks/CoreBrightness.framework/Versions/A/CoreBrightness
0x0000000245b92000 	/System/Library/PrivateFrameworks/CinematicFraming.framework/Versions/A/CinematicFraming
0x00000002682e4000 	/System/Library/PrivateFrameworks/ModelManagerServices.framework/Versions/A/ModelManagerServices
0x00000001d5f23000 	/System/Library/PrivateFrameworks/CPMS.framework/Versions/A/CPMS
0x000000027fb31000 	/System/Library/PrivateFrameworks/SystemStatus.framework/Versions/A/SystemStatus
0x00000001b9e7c000 	/System/Library/Frameworks/CoreMotion.framework/Versions/A/CoreMotion
0x00000001ca445000 	/System/Library/PrivateFrameworks/TimeSync.framework/Versions/A/TimeSync
0x000000024e517000 	/System/Library/PrivateFrameworks/DistributedSensing.framework/Versions/A/DistributedSensing
0x00000001c583c000 	/System/Library/PrivateFrameworks/MobileBluetooth.framework/Versions/A/MobileBluetooth
0x00000001cc102000 	/System/Library/PrivateFrameworks/IOKitten.framework/Versions/A/IOKitten
0x0000000261cef000 	/System/Library/PrivateFrameworks/LocationLogEncryption.framework/Versions/A/LocationLogEncryption
0x0000000241cc2000 	/System/Library/PrivateFrameworks/AppleIntelligenceReporting.framework/Versions/A/AppleIntelligenceReporting
0x00000002455e7000 	/System/Library/PrivateFrameworks/CascadeSets.framework/Versions/A/CascadeSets
0x000000019cece000 	/System/Library/PrivateFrameworks/CoreEmoji.framework/Versions/A/CoreEmoji
0x000000018f75d000 	/usr/lib/libCRFSuite.dylib
0x0000000190a3d000 	/System/Library/PrivateFrameworks/LanguageModeling.framework/Versions/A/LanguageModeling
0x000000019bbe1000 	/System/Library/PrivateFrameworks/CoreNLP.framework/Versions/A/CoreNLP
0x00000001959b3000 	/System/Library/PrivateFrameworks/Montreal.framework/Versions/A/Montreal
0x000000019e03e000 	/usr/lib/libcmph.dylib
0x000000019d265000 	/usr/lib/libmecab.dylib
0x000000019e1af000 	/usr/lib/libThaiTokenizer.dylib
0x000000025934c000 	/System/Library/PrivateFrameworks/GenerativeModelsFoundation.framework/Versions/A/GenerativeModelsFoundation
0x000000028290e000 	/System/Library/PrivateFrameworks/TokenGeneration.framework/Versions/A/TokenGeneration
0x0000000259120000 	/System/Library/PrivateFrameworks/GenerativeFunctions.framework/Versions/A/GenerativeFunctions
0x000000025916e000 	/System/Library/PrivateFrameworks/GenerativeFunctionsFoundation.framework/Versions/A/GenerativeFunctionsFoundation
0x0000000267faa000 	/System/Library/PrivateFrameworks/ModelCatalog.framework/Versions/A/ModelCatalog
0x0000000275150000 	/System/Library/PrivateFrameworks/SensitiveContentAnalysisML.framework/Versions/A/SensitiveContentAnalysisML
0x0000000259204000 	/System/Library/PrivateFrameworks/GenerativeFunctionsInstrumentation.framework/Versions/A/GenerativeFunctionsInstrumentation
0x0000000271fc8000 	/System/Library/PrivateFrameworks/PromptKit.framework/Versions/A/PromptKit
0x00000002719df000 	/System/Library/PrivateFrameworks/ProactiveDaemonSupport.framework/Versions/A/ProactiveDaemonSupport
0x0000000282b46000 	/System/Library/PrivateFrameworks/TokenGenerationCore.framework/Versions/A/TokenGenerationCore
0x00000001bbf09000 	/System/Library/PrivateFrameworks/Trial.framework/Versions/A/Trial
0x00000001bbe8a000 	/System/Library/PrivateFrameworks/TrialProto.framework/Versions/A/TrialProto
0x00000002418ee000 	/System/Library/PrivateFrameworks/AppleFlatBuffers.framework/Versions/A/AppleFlatBuffers
0x0000000275420000 	/System/Library/PrivateFrameworks/SentencePieceInternal.framework/Versions/A/SentencePieceInternal
0x00000001a69f1000 	/System/Library/Frameworks/Vision.framework/Versions/A/Vision
0x000000024ccdb000 	/System/Library/PrivateFrameworks/CoreSceneUnderstanding.framework/Versions/A/CoreSceneUnderstanding
0x0000000287786000 	/System/Library/PrivateFrameworks/VisionCore.framework/Versions/A/VisionCore
0x00000001a0c9a000 	/System/Library/PrivateFrameworks/DataDetectorsCore.framework/Versions/A/DataDetectorsCore
0x00000001c47ca000 	/System/Library/Frameworks/Vision.framework/libfaceCore.dylib
0x00000001c52e4000 	/System/Library/PrivateFrameworks/Futhark.framework/Versions/A/Futhark
0x00000001c9222000 	/System/Library/PrivateFrameworks/InertiaCam.framework/Versions/A/InertiaCam
0x00000001c5071000 	/System/Library/PrivateFrameworks/TextRecognition.framework/Versions/A/TextRecognition
0x00000002355af000 	/System/Library/Frameworks/DataDetection.framework/Versions/A/DataDetection
0x00000001bf29a000 	/System/Library/PrivateFrameworks/TextInput.framework/Versions/A/TextInput
0x000000019f749000 	/System/Library/PrivateFrameworks/CVNLP.framework/Versions/A/CVNLP
0x0000000235094000 	/System/Library/Frameworks/CoreTransferable.framework/Versions/A/CoreTransferable
0x00000001a2555000 	/System/Library/PrivateFrameworks/NetAuth.framework/Versions/A/NetAuth
0x0000000198bea000 	/System/Library/PrivateFrameworks/login.framework/Versions/A/Frameworks/loginsupport.framework/Versions/A/loginsupport
0x0000000193d82000 	/System/Library/PrivateFrameworks/UIFoundation.framework/Versions/A/UIFoundation
0x000000019fc02000 	/System/Library/PrivateFrameworks/Heimdal.framework/Versions/A/Heimdal
0x00000001a21fd000 	/usr/lib/libresolv.9.dylib
0x00000001a25f0000 	/System/Library/PrivateFrameworks/CommonAuth.framework/Versions/A/CommonAuth
0x000000019d22f000 	/usr/lib/libCheckFix.dylib
0x0000000197d70000 	/System/Library/PrivateFrameworks/MetadataUtilities.framework/Versions/A/MetadataUtilities
0x000000025d332000 	/System/Library/PrivateFrameworks/InstalledContentLibrary.framework/Versions/A/InstalledContentLibrary
0x00000001924c6000 	/System/Library/PrivateFrameworks/CoreServicesStore.framework/Versions/A/CoreServicesStore
0x0000000198a35000 	/usr/lib/libapp_launch_measurement.dylib
0x00000001ced59000 	/System/Library/PrivateFrameworks/MobileSystemServices.framework/Versions/A/MobileSystemServices
0x000000019f5ce000 	/usr/lib/libxslt.1.dylib
0x000000019d1ee000 	/System/Library/PrivateFrameworks/BackgroundTaskManagement.framework/Versions/A/BackgroundTaskManagement
0x00000001aa9fc000 	/usr/lib/libcurl.4.dylib
0x0000000291aa7000 	/usr/lib/libcrypto.46.dylib
0x0000000292646000 	/usr/lib/libssl.48.dylib
0x00000001aa6d6000 	/System/Library/Frameworks/LDAP.framework/Versions/A/LDAP
0x00000001a258c000 	/System/Library/Frameworks/Kerberos.framework/Versions/A/Kerberos
0x00000001aa712000 	/System/Library/PrivateFrameworks/TrustEvaluationAgent.framework/Versions/A/TrustEvaluationAgent
0x00000001a221a000 	/usr/lib/libsasl2.2.dylib
0x00000001ab36a000 	/System/Library/Frameworks/Kerberos.framework/Versions/A/Libraries/libHeimdalProxy.dylib
0x00000002705c7000 	/System/Library/PrivateFrameworks/PoirotSQLite.framework/Versions/A/PoirotSQLite
0x00000001e181a000 	/System/Library/PrivateFrameworks/HIDDisplay.framework/Versions/A/HIDDisplay
0x00000001a24f6000 	/usr/lib/libcups.2.dylib
0x00000001b424c000 	/System/Library/PrivateFrameworks/AXCoreUtilities.framework/Versions/A/AXCoreUtilities
0x00000001c4615000 	/System/Library/PrivateFrameworks/AttributeGraph.framework/Versions/A/AttributeGraph
0x0000000290da3000 	/usr/lib/libAXSafeCategoryBundle.dylib
0x000000023bd1e000 	/System/Library/Frameworks/TabularData.framework/Versions/A/TabularData
0x0000000242b6e000 	/System/Library/PrivateFrameworks/ArgumentParserInternal.framework/Versions/A/ArgumentParserInternal
0x00000001ad979000 	/System/Library/Frameworks/Cocoa.framework/Versions/A/Cocoa
0x000000019265f000 	/System/Library/Frameworks/AppKit.framework/Versions/C/AppKit
0x0000000246a12000 	/System/Library/PrivateFrameworks/CollectionViewCore.framework/Versions/A/CollectionViewCore
0x000000019b2a3000 	/System/Library/PrivateFrameworks/XCTTargetBootstrap.framework/Versions/A/XCTTargetBootstrap
0x00000001a0cec000 	/System/Library/PrivateFrameworks/UserActivity.framework/Versions/A/UserActivity
0x0000000250480000 	/System/Library/PrivateFrameworks/FrontBoard.framework/Versions/A/FrontBoard
0x0000000284556000 	/System/Library/PrivateFrameworks/UIIntelligenceSupport.framework/Versions/A/UIIntelligenceSupport
0x000000023ada7000 	/System/Library/Frameworks/SwiftUICore.framework/Versions/A/SwiftUICore
0x000000028b0eb000 	/System/Library/PrivateFrameworks/WritingTools.framework/Versions/A/WritingTools
0x0000000289ee6000 	/System/Library/PrivateFrameworks/WindowManagement.framework/Versions/A/WindowManagement
0x00000002501b5000 	/System/Library/PrivateFrameworks/FocusEngine.framework/Versions/A/FocusEngine
0x000000024dbc1000 	/System/Library/PrivateFrameworks/DesignLibrary.framework/Versions/A/DesignLibrary
0x000000019b28e000 	/System/Library/PrivateFrameworks/DFRFoundation.framework/Versions/A/DFRFoundation
0x000000028549f000 	/System/Library/PrivateFrameworks/UpdateCycle.framework/Versions/A/UpdateCycle
0x000000019af92000 	/System/Library/Frameworks/Carbon.framework/Versions/A/Frameworks/HIToolbox.framework/Versions/A/HIToolbox
0x00000001a62b7000 	/System/Library/Frameworks/Carbon.framework/Versions/A/Frameworks/SpeechRecognition.framework/Versions/A/SpeechRecognition
0x00000001989bc000 	/System/Library/PrivateFrameworks/PerformanceAnalysis.framework/Versions/A/PerformanceAnalysis
0x00000001a6647000 	/System/Library/Frameworks/Accessibility.framework/Versions/A/Accessibility
0x000000023bd04000 	/System/Library/Frameworks/Symbols.framework/Versions/A/Symbols
0x0000000259715000 	/System/Library/PrivateFrameworks/Gestures.framework/Versions/A/Gestures
0x0000000292a6e000 	/usr/lib/swift/libswiftSpatial.dylib
0x00000001b8351000 	/usr/lib/swift/libswiftCoreGraphics.dylib
0x00000001a708b000 	/usr/lib/swift/libswiftFoundation.dylib
0x00000001f28c3000 	/usr/lib/swift/libswiftSwiftOnoneSupport.dylib
0x0000000292cf4000 	/usr/lib/swift/libswiftsys_time.dylib
0x00000001dd504000 	/System/Library/PrivateFrameworks/CoreMaterial.framework/Versions/A/CoreMaterial
0x000000029129f000 	/usr/lib/libSpatial.dylib
0x0000000290cc0000 	/System/Library/SubFrameworks/UIUtilities.framework/Versions/A/UIUtilities
0x000000010d2a0000 	/Library/Java/JavaVirtualMachines/temurin-25.jdk/Contents/Home/lib/server/libjvm.dylib
0x00000001008b0000 	/Library/Java/JavaVirtualMachines/temurin-25.jdk/Contents/Home/lib/libjimage.dylib
0x0000000104fb0000 	/Library/Java/JavaVirtualMachines/temurin-25.jdk/Contents/Home/lib/libjava.dylib
0x0000000104fe0000 	/Library/Java/JavaVirtualMachines/temurin-25.jdk/Contents/Home/lib/libnio.dylib
0x0000000104f98000 	/Library/Java/JavaVirtualMachines/temurin-25.jdk/Contents/Home/lib/libnet.dylib
0x000000010ce04000 	/Library/Java/JavaVirtualMachines/temurin-25.jdk/Contents/Home/lib/libzip.dylib
0x0000000104f80000 	/Library/Java/JavaVirtualMachines/temurin-25.jdk/Contents/Home/lib/libextnet.dylib
0x000000010ce24000 	/Library/Java/JavaVirtualMachines/temurin-25.jdk/Contents/Home/lib/libverify.dylib
0x000000010ce8c000 	/private/var/folders/1x/f_ndm0515g5146jsxf_bqq600000gn/T/lwjgl_xyz/3.4.1+2/arm64/liblwjgl.dylib
0x000000012e1d0000 	/private/var/folders/1x/f_ndm0515g5146jsxf_bqq600000gn/T/lwjgl_xyz/3.4.1+2/arm64/libMoltenVK.dylib
0x000000012fd78000 	/System/Library/Extensions/AGXMetalG16X.bundle/Contents/MacOS/AGXMetalG16X
0x00000001b3350000 	/System/Library/PrivateFrameworks/IOGPU.framework/Versions/A/IOGPU
0x000000010cfb0000 	/private/var/folders/1x/f_ndm0515g5146jsxf_bqq600000gn/T/lwjgl_xyz/3.4.1+2/arm64/libjemalloc.dylib
0x000000010cf9c000 	/Library/Java/JavaVirtualMachines/temurin-25.jdk/Contents/Home/lib/libmanagement.dylib
0x000000010d19c000 	/Library/Java/JavaVirtualMachines/temurin-25.jdk/Contents/Home/lib/libmanagement_ext.dylib
0x000000012efbc000 	/private/var/folders/1x/f_ndm0515g5146jsxf_bqq600000gn/T/lwjgl_xyz/3.4.1+2/arm64/libshaderc.dylib

JVMTI agents: none


VM Arguments:
jvm_args: -Dorg.gradle.internal.worker.tmpdir=/Users/xyz/dev/voxy/build/tmp/test/work -Dvoxy.test.os=Mac OS X/aarch64 --enable-native-access=ALL-UNNAMED -Xmx512m -Dfile.encoding=UTF-8 -Duser.country=JP -Duser.language=en -Duser.variant -ea 
java_command: worker.org.gradle.process.internal.worker.GradleWorkerMain 'Gradle Test Executor 1'
java_class_path (initial): /Users/xyz/.gradle/caches/9.6.0/workerMain/gradle-worker.jar:/Users/xyz/dev/voxy/build/classes/java/test:/Users/xyz/dev/voxy/build/classes/java/main:/Users/xyz/dev/voxy/build/resources/main:/Users/xyz/.gradle/caches/modules-2/files-2.1/net.fabricmc/fabric-loader/0.19.3/354dfaa02d0552e11867f85dff7cdbfaf813ba3e/fabric-loader-0.19.3.jar:/Users/xyz/.gradle/caches/modules-2/files-2.1/net.fabricmc.fabric-api/fabric-api/0.152.2+26.2/484396ad53550c267dfe577332e6a56a9cbe9612/fabric-api-0.152.2+26.2.jar:/Users/xyz/.gradle/caches/modules-2/files-2.1/maven.modrinth/sodium/mc26.2-0.9.2-alpha.3-fabric/1ab279207695910a7f252bbc1d3109097deae39c/sodium-mc26.2-0.9.2-alpha.3-fabric.jar:/Users/xyz/.gradle/caches/modules-2/files-2.1/maven.modrinth/modmenu/20.0.0/23bcb509fb58930aae99ab24493ebbba8b0f45d/modmenu-20.0.0.jar:/Users/xyz/.gradle/caches/modules-2/files-2.1/maven.modrinth/lithium/mc26.2-0.25.1-fabric/7307306a67fcbb8b4bb324387074425e5df753cc/lithium-mc26.2-0.25.1-fabric.jar:/Users/xyz/.gradle/caches/modules-2/files-2.1/org.lwjgl/lwjgl-lmdb/3.4.1/1826c2c9cc3efc1109bb1293b6780281c337393e/lwjgl-lmdb-3.4.1.jar:/Users/xyz/.gradle/caches/modules-2/files-2.1/org.lwjgl/lwjgl-lmdb/3.4.1/d6345d872ffeb6b16c84416224dcb974737df98a/lwjgl-lmdb-3.4.1-natives-windows.jar:/Users/xyz/.gradle/caches/modules-2/files-2.1/org.lwjgl/lwjgl-lmdb/3.4.1/226741b2bb1e9e2c99e3055edb29c316d979f907/lwjgl-lmdb-3.4.1-natives-linux.jar:/Users/xyz/.gradle/caches/modules-2/files-2.1/org.lwjgl/lwjgl-lmdb/3.4.1/87bef444632afd084dd8931b1c5aaa438e062123/lwjgl-lmdb-3.4.1-natives-macos-arm64.jar:/Users/xyz/.gradle/caches/modules-2/files-2.1/org.lwjgl/lwjgl-zstd/3.4.1/5a5b5868cf09ca3315ec572a3e3ba8cb0a942686/lwjgl-zstd-3.4.1.jar:/Users/xyz/.gradle/caches/modules-2/files-2.1/org.lwjgl/lwjgl-zstd/3.4.1/7e5cdcb30b678d73379e61ee5e3f7b864717ba0f/lwjgl-zstd-3.4.1-natives-windows.jar:/Users/xyz/.gradle/caches/modules-2/files-2.1/org.lwjgl/lwjgl-zstd/3.4.1/dcc3b6b44b14a8c97b4f3bedd2e2f605045eef41/lwjgl-zstd-3.4.1-natives-linux.jar:/Users/xyz/.gradle/caches/modules-2/files-2.1/org.lwjgl/lwjgl-zstd/3.4.1/a66b7a85038635779b7e4ae4f1096180014a5dc8/lwjgl-zstd-3.4.1-natives-macos-arm64.jar:/Users/xyz/.gradle/caches/modules-2/files-2.1/org.lwjgl/lwjgl-vulkan/3.4.1/d0601fdc38890755e5638048c14cc0f7b990964b/lwjgl-vulkan-3.4.1.jar:/Users/xyz/.gradle/caches/modules-2/files-2.1/org.lwjgl/lwjgl-vulkan/3.4.1/140c7fd3e0fdbcc625c92be9328301c555035905/lwjgl-vulkan-3.4.1-natives-macos.jar:/Users/xyz/.gradle/caches/modules-2/files-2.1/org.lwjgl/lwjgl-vulkan/3.4.1/2c933bf617cb8a174af26585efda4778b59e6d44/lwjgl-vulkan-3.4.1-natives-macos-arm64.jar:/Users/xyz/.gradle/caches/modules-2/files-2.1/org.lwjgl/lwjgl-shaderc/3.4.1/5c02c88f0d879529014c78463b76f43fdecfd272/lwjgl-shaderc-3.4.1.jar:/Users/xyz/.gradle/caches/modules-2/files-2.1/org.lwjgl/lwjgl-shaderc/3.4.1/1d7bbdba70cf29c42978f6c0c1bdef945b922072/lwjgl-shaderc-3.4.1-natives-macos.jar:/Users/xyz/.gradle/caches/modules-2/files-2.1/org.lwjgl/lwjgl-shaderc/3.4.1/48aa2727e8616154d399d4dab0d8e8479741fa4f/lwjgl-shaderc-3.4.1-natives-macos-arm64.jar:/Users/xyz/.gradle/caches/modules-2/files-2.1/org.lwjgl/lwjgl-shaderc/3.4.1/daacbaeb2c1dfd00db83f4b7cc2c76901eb297bd/lwjgl-shaderc-3.4.1-natives-windows.jar:/Users/xyz/.gradle/caches/modules-2/files-2.1/org.lwjgl/lwjgl-shaderc/3.4.1/4289bdfa998c4afcdfa7c6925baf50e938113188/lwjgl-shaderc-3.4.1-natives-linux.jar:/Users/xyz/.gradle/caches/modules-2/files-2.1/org.lwjgl/lwjgl/3.4.1/6105690714874b995aa7812e4f7732a21109276c/lwjgl-3.4.1.jar:/Users/xyz/.gradle/caches/modules-2/files-2.1/org.lwjgl/lwjgl/3.4.1/129e06a04f93992cb2a45172435b21fc4b60dd7d/lwjgl-3.4.1-unsafe.jar:/Users/xyz/.gradle/caches/modules-2/files-2.1/org.lwjgl/lwjgl/3.4.1/b034fd9a67cb8646c01af7efcefcb93be835542b/lwjgl-3.4.1-natives-macos.jar:/Users/xyz/.gradle/caches/modules-2/files-2.1/org.lwjgl/lwjgl/3.4.1/b4cbdef4818abd714ee66985344c0949fd1cd6d6/lwjgl-3.4.1-natives-macos-arm64.jar:/Users/xyz/.gradle/caches/modules-2/files-2.1/org.lwjgl/lwjgl/3.4.1/96a217f0428ab73487f114a54179a4f41e851a04/lwjgl-3.4.1-natives-windows.jar:/Users/xyz/.gradle/caches/modules-2/files-2.1/org.lwjgl/lwjgl/3.4.1/2734e106bd95db49fe0da8cf8bf7fd96475c436c/lwjgl-3.4.1-natives-linux.jar:/Users/xyz/.gradle/caches/modules-2/files-2.1/redis.clients/jedis/5.1.0/2d0489afae48292829951cb21fecb9fffdccc22e/jedis-5.1.0.jar:/Users/xyz/.gradle/caches/modules-2/files-2.1/org.rocksdb/rocksdbjni/10.2.1/381243de9230cb91a1c9d62e55003fe60dd23097/rocksdbjni-10.2.1.jar:/Users/xyz/.gradle/caches/modules-2/files-2.1/org.apache.commons/commons-pool2/2.12.0/458563f69fbdaebf7daadfe10dc3a22e42a7de50/commons-pool2-2.12.0.jar:/Users/xyz/.gradle/caches/modules-2/files-2.1/org.lz4/lz4-java/1.8.0/4b986a99445e49ea5fbf5d149c4b63f6ed6c6780/lz4-java-1.8.0.jar:/Users/xyz/.gradle/caches/modules-2/files-2.1/org.tukaani/xz/1.10/1be8166f89e035a56c6bfc67dbc423996fe577e2/xz-1.10.jar:/Users/xyz/.gradle/caches/modules-2/files-2.1/org.ow2.asm/asm/9.10.1/ada2141c0cc52ee8f5c48cd5fa4ce0e794f22236/asm-9.10.1.jar:/Users/xyz/.gradle/caches/modules-2/files-2.1/org.ow2.asm/asm-analysis/9.10.1/8d49f14d51f632cb1d87c88d1ceaf50db0d8af1b/asm-analysis-9.10.1.jar:/Users/xyz/.gradle/caches/modules-2/files-2.1/org.ow2.asm/asm-commons/9.10.1/4229e4c55fd8e01c23f9fe9884075cc628aacc50/asm-commons-9.10.1.jar:/Users/xyz/.gradle/caches/modules-2/files-2.1/org.ow2.asm/asm-tree/9.10.1/e244332a17564c1d1572449399a842de35881be2/asm-tree-9.10.1.jar:/Users/xyz/.gradle/caches/modules-2/files-2.1/org.ow2.asm/asm-util/9.10.1/7bb9d450e8d4cbf9f9e04096c44bbfe7fba80b15/asm-util-9.10.1.jar:/Users/xyz/.gradle/caches/modules-2/files-2.1/net.fabricmc/sponge-mixin/0.17.3+mixin.0.8.7/41c4a3984a80f4679e759fb9f495587acc5cdac7/sponge-mixin-0.17.3+mixin.0.8.7.jar:/Users/xyz/.gradle/caches/modules-2/files-2.1/io.github.llamalad7/mixinextras-fabric/0.5.4/5e167154bcb9942111313a5e186e16cd7265f858/mixinextras-fabric-0.5.4.jar:/Users/xyz/.gradle/caches/modules-2/files-2.1/net.fabricmc/dev-launch-injector/0.2.1+build.8/da8bef7e6e2f952da707f282bdb46882a0fce5e3/dev-launch-injector-0.2.1+build.8.jar:/Users/xyz/.gradle/caches/modules-2/files-2.1/net.fabricmc/fabric-log4j-util/1.0.2/ef0b3fb613356feb75a67d54f2fad6f03a006648/fabric-log4j-util-1.0.2.jar:/Users/xyz/.gradle/caches/modules-2/files-2.1/at.yawk.lz4/lz4-java/1.10.1/f541d7f910fe3d76f38f799c507c48cc81b12ecb/lz4-java-1.10.1.jar:/Users/xyz/.gradle/caches/modules-2/files-2.1/ca.weblite/java-objc-bridge/1.1/1227f9e0666314f9de41477e3ec277e542ed7f7b/java-objc-bridge-1.1.jar:/Users/xyz/.gradle/caches/modules-2/files-2.1/com.azure/azure-json/1.4.0/fcc1d354dbc3e0300e5276b1bf124d0247799cd8/azure-json-1.4.0.jar:/Users/xyz/.gradle/caches/modules-2/files-2.1/com.github.oshi/oshi-core/6.9.0/3224870731860cfcd7744581a05b559e94291e7/oshi-core-6.9.0.jar:/Users/xyz/.gradle/caches/modules-2/files-2.1/com.google.code.gson/gson/2.14.0/efc0e34ede4e3204eaefb84a00e55e8c86634382/gson-2.14.0.jar:/Users/xyz/.gradle/caches/modules-2/files-2.1/com.google.guava/failureaccess/1.0.3/aeaffd00d57023a2c947393ed251f0354f0985fc/failureaccess-1.0.3.jar:/Users/xyz/.gradle/caches/modules-2/files-2.1/com.google.guava/guava/33.6.0-jre/c376b13067cc99a5774403530953f7b05a91e218/guava-33.6.0-jre.jar:/Users/xyz/.gradle/caches/modules-2/files-2.1/com.ibm.icu/icu4j/78.3/6a851a53bb1f25689fc418dcc8935b0d93580adf/icu4j-78.3.jar:/Users/xyz/.gradle/caches/modules-2/files-2.1/com.microsoft.azure/msal4j/1.24.1/c233f2d047b9755f7041adf21a858c680e4c9242/msal4j-1.24.1.jar:/Users/xyz/.gradle/caches/modules-2/files-2.1/com.mojang/authlib/9.0.75/d61056a234d5e4b272e09d59b0713f80d6c0b6af/authlib-9.0.75.jar:/Users/xyz/.gradle/caches/modules-2/files-2.1/com.mojang/blocklist/1.0.10/5c685c5ffa94c4cd39496c7184c1d122e515ecef/blocklist-1.0.10.jar:/Users/xyz/.gradle/caches/modules-2/files-2.1/com.mojang/brigadier/1.3.10/d15b53a14cf20fdcaa98f731af5dda654452c010/brigadier-1.3.10.jar:/Users/xyz/.gradle/caches/modules-2/files-2.1/com.mojang/datafixerupper/10.0.21/b6b2ae770c02e0c1eb90f9985b151e9085a38d0b/datafixerupper-10.0.21.jar:/Users/xyz/.gradle/caches/modules-2/files-2.1/com.mojang/jtracy/1.0.37/a3fb649b2e2b2288d2978f0b0bc3d83f62809d1e/jtracy-1.0.37.jar:/Users/xyz/.gradle/caches/modules-2/files-2.1/com.mojang/jtracy/1.0.37/a99fcb63b72fb623534d0ceb71bda4bed9b55b4c/jtracy-1.0.37-natives-macos.jar:/Users/xyz/.gradle/caches/modules-2/files-2.1/com.mojang/jtracy/1.0.37/c8e971da5150aa33283c5bf4097154c0da554fb9/jtracy-1.0.37-natives-macos-arm64.jar:/Users/xyz/.gradle/caches/modules-2/files-2.1/com.mojang/logging/1.7.12/351cea64a5233361327d8d54c44277041beed97f/logging-1.7.12.jar:/Users/xyz/.gradle/caches/modules-2/files-2.1/com.mojang/patchy/2.2.10/da05971b07cbb379d002cf7eaec6a2048211fefc/patchy-2.2.10.jar:/Users/xyz/.gradle/caches/modules-2/files-2.1/com.mojang/text2speech/1.19.12/2e517a75c79d34d32de2b5d68422150836c2133e/text2speech-1.19.12.jar:/Users/xyz/.gradle/caches/modules-2/files-2.1/commons-codec/commons-codec/1.22.0/6b3eb4beb7058c2a638f5f17bcb388649fd339dd/commons-codec-1.22.0.jar:/Users/xyz/.gradle/caches/modules-2/files-2.1/commons-io/commons-io/2.20.0/36f3474daec2849c149e877614e7f979b2082cd2/commons-io-2.20.0.jar:/Users/xyz/.gradle/caches/modules-2/files-2.1/io.netty/netty-buffer/4.2.15.Final/2beb620803bf871cda2dd5d46b8f831e8015dd34/netty-buffer-4.2.15.Final.jar:/Users/xyz/.gradle/caches/modules-2/files-2.1/io.netty/netty-codec-base/4.2.15.Final/e97149fdd5fb04858efa90e314651c8d700dc68b/netty-codec-base-4.2.15.Final.jar:/Users/xyz/.gradle/caches/modules-2/files-2.1/io.netty/netty-codec-compression/4.2.15.Final/89fc4a20b7ae6af974304b1695405e62c4f9b16d/netty-codec-compression-4.2.15.Final.jar:/Users/xyz/.gradle/caches/modules-2/files-2.1/io.netty/netty-codec-http/4.2.15.Final/e611826aa054371bb9a17f27bdb05755a4cac5f0/netty-codec-http-4.2.15.Final.jar:/Users/xyz/.gradle/caches/modules-2/files-2.1/io.netty/netty-common/4.2.15.Final/7222492c1af9c2d4d78d521eea340a619e242fda/netty-common-4.2.15.Final.jar:/Users/xyz/.gradle/caches/modules-2/files-2.1/io.netty/netty-handler/4.2.15.Final/d5344afd1148e3b9927a74be019605ebb0937a93/netty-handler-4.2.15.Final.jar:/Users/xyz/.gradle/caches/modules-2/files-2.1/io.netty/netty-resolver/4.2.15.Final/b961a16d379b508b473e064ba06842bba280f4e3/netty-resolver-4.2.15.Final.jar:/Users/xyz/.gradle/caches/modules-2/files-2.1/io.netty/netty-transport-classes-epoll/4.2.15.Final/44bafba9c9993800e955b365bba4981326f3f3b1/netty-transport-classes-epoll-4.2.15.Final.jar:/Users/xyz/.gradle/caches/modules-2/files-2.1/io.netty/netty-transport-classes-kqueue/4.2.15.Final/f248656bb907607c5a41c7b61fd918a97db79250/netty-transport-classes-kqueue-4.2.15.Final.jar:/Users/xyz/.gradle/caches/modules-2/files-2.1/io.netty/netty-transport-native-kqueue/4.2.15.Final/8ea0ef3eb716d821332e4b4926825a4b7c1a6d38/netty-transport-native-kqueue-4.2.15.Final-osx-aarch_64.jar:/Users/xyz/.gradle/caches/modules-2/files-2.1/io.netty/netty-transport-native-kqueue/4.2.15.Final/4245380831515fb4eca18d32477a27fbb8f7b8f4/netty-transport-native-kqueue-4.2.15.Final-osx-x86_64.jar:/Users/xyz/.gradle/caches/modules-2/files-2.1/io.netty/netty-transport-native-unix-common/4.2.15.Final/efb6943b4de9e0226a5ac35330f232605424af02/netty-transport-native-unix-common-4.2.15.Final.jar:/Users/xyz/.gradle/caches/modules-2/files-2.1/io.netty/netty-transport/4.2.15.Final/a000c3a6196ee40207b73ac619dcb339409dd62f/netty-transport-4.2.15.Final.jar:/Users/xyz/.gradle/caches/modules-2/files-2.1/it.unimi.dsi/fastutil/8.5.18/a6cff377eecc19c2037bf31568a6d7106b50ba1f/fastutil-8.5.18.jar:/Users/xyz/.gradle/caches/modules-2/files-2.1/net.java.dev.jna/jna-platform/5.17.0/a4934c44d25a9d8c2ddf4203affd20330cb3426f/jna-platform-5.17.0.jar:/Users/xyz/.gradle/caches/modules-2/files-2.1/net.java.dev.jna/jna/5.17.0/33d12735bef894440780fce64f9758d420c7bae2/jna-5.17.0.jar:/Users/xyz/.gradle/caches/modules-2/files-2.1/net.sf.jopt-simple/jopt-simple/5.0.4/4fdac2fbe92dfad86aa6e9301736f6b4342a3f5c/jopt-simple-5.0.4.jar:/Users/xyz/.gradle/caches/modules-2/files-2.1/org.apache.commons/commons-compress/1.28.0/e482f2c7a88dac3c497e96aa420b6a769f59c8d7/commons-compress-1.28.0.jar:/Users/xyz/.gradle/caches/modules-2/files-2.1/org.apache.commons/commons-lang3/3.20.0/65897b3e5731220962e659e001904af3c3cbeba9/commons-lang3-3.20.0.jar:/Users/xyz/.gradle/caches/modules-2/files-2.1/org.apache.logging.log4j/log4j-api/2.26.0/ad52af0ecf054a7e3f275a2e180ee06d9c490951/log4j-api-2.26.0.jar:/Users/xyz/.gradle/caches/modules-2/files-2.1/org.apache.logging.log4j/log4j-core/2.26.0/d267ca60b27ddb075e0b4e75e7875859717bf85f/log4j-core-2.26.0.jar:/Users/xyz/.gradle/caches/modules-2/files-2.1/org.apache.logging.log4j/log4j-slf4j2-impl/2.26.0/668c0f0e813d83f00a7182533aa658ec7e7a0a0d/log4j-slf4j2-impl-2.26.0.jar:/Users/xyz/.gradle/caches/modules-2/files-2.1/org.jcraft/jorbis/0.0.17/8872d22b293e8f5d7d56ff92be966e6dc28ebdc6/jorbis-0.0.17.jar:/Users/xyz/.gradle/caches/modules-2/files-2.1/org.joml/joml/1.10.8/fc0a71dad90a2cf41d82a76156a0e700af8e4f8d/joml-1.10.8.jar:/Users/xyz/.gradle/caches/modules-2/files-2.1/org.jspecify/jspecify/1.0.0/7425a601c1c7ec76645a78d22b8c6a627edee507/jspecify-1.0.0.jar:/Users/xyz/.gradle/caches/modules-2/files-2.1/org.lwjgl/lwjgl-freetype/3.4.1/caa75a37e857efc9b0686e434d708d6420c5b6ea/lwjgl-freetype-3.4.1.jar:/Users/xyz/.gradle/caches/modules-2/files-2.1/org.lwjgl/lwjgl-freetype/3.4.1/61cb2d85e1838bca1a0b664f54e818bc68deb2ef/lwjgl-freetype-3.4.1-natives-macos.jar:/Users/xyz/.gradle/caches/modules-2/files-2.1/org.lwjgl/lwjgl-freetype/3.4.1/cce5a86b4a7d17817fe8ea0296302a4353acf2d5/lwjgl-freetype-3.4.1-natives-macos-arm64.jar:/Users/xyz/.gradle/caches/modules-2/files-2.1/org.lwjgl/lwjgl-glfw/3.4.1/a782b1ddd175c9107bf300fd92920579ea65e2a4/lwjgl-glfw-3.4.1.jar:/Users/xyz/.gradle/caches/modules-2/files-2.1/org.lwjgl/lwjgl-glfw/3.4.1/3c8538942f58377d59cd7be2dc164ba71a53868a/lwjgl-glfw-3.4.1-natives-macos.jar:/Users/xyz/.gradle/caches/modules-2/files-2.1/org.lwjgl/lwjgl-glfw/3.4.1/ef1f8efca5a60ba3512bc4982b88e446ecc43378/lwjgl-glfw-3.4.1-natives-macos-arm64.jar:/Users/xyz/.gradle/caches/modules-2/files-2.1/org.lwjgl/lwjgl-jemalloc/3.4.1/16b663092854fc6adfe0a941e61cae2bb2e437b6/lwjgl-jemalloc-3.4.1.jar:/Users/xyz/.gradle/caches/modules-2/files-2.1/org.lwjgl/lwjgl-jemalloc/3.4.1/581b4d542e841015ce3265eed0495e2cde15b1d0/lwjgl-jemalloc-3.4.1-natives-macos.jar:/Users/xyz/.gradle/caches/modules-2/files-2.1/org.lwjgl/lwjgl-jemalloc/3.4.1/dcd7e3f9a2ca386e8c5b8f508a8511d9dd63bab0/lwjgl-jemalloc-3.4.1-natives-macos-arm64.jar:/Users/xyz/.gradle/caches/modules-2/files-2.1/org.lwjgl/lwjgl-openal/3.4.1/8508bd60589de0539aa465b78fcf838efd07ae9a/lwjgl-openal-3.4.1.jar:/Users/xyz/.gradle/caches/modules-2/files-2.1/org.lwjgl/lwjgl-openal/3.4.1/a4dc57b7b0880d3fffb4d0b61649f45712bccc93/lwjgl-openal-3.4.1-natives-macos.jar:/Users/xyz/.gradle/caches/modules-2/files-2.1/org.lwjgl/lwjgl-openal/3.4.1/1c709a38c4a0e86aae96db7b8c78432307f2322a/lwjgl-openal-3.4.1-natives-macos-arm64.jar:/Users/xyz/.gradle/caches/modules-2/files-2.1/org.lwjgl/lwjgl-opengl/3.4.1/830412cab823c029cda6b9729f9d2ed36cf79959/lwjgl-opengl-3.4.1.jar:/Users/xyz/.gradle/caches/modules-2/files-2.1/org.lwjgl/lwjgl-opengl/3.4.1/ba18fc6012b88494ee893506934b92b01c4ef14b/lwjgl-opengl-3.4.1-natives-macos.jar:/Users/xyz/.gradle/caches/modules-2/files-2.1/org.lwjgl/lwjgl-opengl/3.4.1/35b5550058de4960525f465243bd01805f04fd8b/lwjgl-opengl-3.4.1-natives-macos-arm64.jar:/Users/xyz/.gradle/caches/modules-2/files-2.1/org.lwjgl/lwjgl-spvc/3.4.1/188553592e97b5ab2dba54a1b403ee80b48dad4c/lwjgl-spvc-3.4.1.jar:/Users/xyz/.gradle/caches/modules-2/files-2.1/org.lwjgl/lwjgl-spvc/3.4.1/2eeebd6d5bae966bfffda9747eba744cfe839ae1/lwjgl-spvc-3.4.1-natives-macos.jar:/Users/xyz/.gradle/caches/modules-2/files-2.1/org.lwjgl/lwjgl-spvc/3.4.1/a4f66638d28129eba0babd8fdc4385427a5ea83e/lwjgl-spvc-3.4.1-natives-macos-arm64.jar:/Users/xyz/.gradle/caches/modules-2/files-2.1/org.lwjgl/lwjgl-stb/3.4.1/f077c3dafc31924fbe8acb0b913f08977ba27f8e/lwjgl-stb-3.4.1.jar:/Users/xyz/.gradle/caches/modules-2/files-2.1/org.lwjgl/lwjgl-stb/3.4.1/fd1ea36b717b0832babca09324a6cfc43906e2aa/lwjgl-stb-3.4.1-natives-macos.jar:/Users/xyz/.gradle/caches/modules-2/files-2.1/org.lwjgl/lwjgl-stb/3.4.1/da554e04f819f09b0f3473bd931628ebf557965e/lwjgl-stb-3.4.1-natives-macos-arm64.jar:/Users/xyz/.gradle/caches/modules-2/files-2.1/org.lwjgl/lwjgl-tinyfd/3.4.1/562697d40dbd2ed0424bf24dcf65d51170f81adf/lwjgl-tinyfd-3.4.1.jar:/Users/xyz/.gradle/caches/modules-2/files-2.1/org.lwjgl/lwjgl-tinyfd/3.4.1/211ae9e8720e8f10f2ce85a118fa7bd5ee71584b/lwjgl-tinyfd-3.4.1-natives-macos.jar:/Users/xyz/.gradle/caches/modules-2/files-2.1/org.lwjgl/lwjgl-tinyfd/3.4.1/7bcde70f6164b2e72f84cac5257b7e9877b88510/lwjgl-tinyfd-3.4.1-natives-macos-arm64.jar:/Users/xyz/.gradle/caches/modules-2/files-2.1/org.lwjgl/lwjgl-vma/3.4.1/2c54ce10154feb1ede4d23c5947438cdbfdcc003/lwjgl-vma-3.4.1.jar:/Users/xyz/.gradle/caches/modules-2/files-2.1/org.lwjgl/lwjgl-vma/3.4.1/a130a9e4f96c83063f749e1dcc7065e0dffb3936/lwjgl-vma-3.4.1-natives-macos.jar:/Users/xyz/.gradle/caches/modules-2/files-2.1/org.lwjgl/lwjgl-vma/3.4.1/9451dc1067716bc4125cdba65a7096e465f4d0e5/lwjgl-vma-3.4.1-natives-macos-arm64.jar:/Users/xyz/.gradle/caches/modules-2/files-2.1/org.slf4j/slf4j-api/2.0.17/d9e58ac9c7779ba3bf8142aff6c830617a7fe60f/slf4j-api-2.0.17.jar:/Users/xyz/dev/voxy/.gradle/loom-cache/minecraftMaven/net/minecraft/minecraft-merged-6a367a20d8/26.2/minecraft-merged-6a367a20d8-26.2.jar:/Users/xyz/.gradle/caches/modules-2/files-2.1/org.xerial/sqlite-jdbc/3.49.1.0/145d3a6819b86f3618728273329392269104c8c7/sqlite-jdbc-3.49.1.0.jar:/Users/xyz/.gradle/caches/modules-2/files-2.1/io.netty/netty-transport-native-epoll/4.2.15.Final/ce256127f8ed3f076756f1f4dcb5877d65d1f1c2/netty-transport-native-epoll-4.2.15.Final-linux-x86_64.jar:/Users/xyz/.gradle/caches/modules-2/files-2.1/io.netty/netty-transport-native-epoll/4.2.15.Final/cccd31f2c8e966ab1e7a4d2293c8a3965628fe73/netty-transport-native-epoll-4.2.15.Final-linux-aarch_64.jar:/Users/xyz/.gradle/caches/modules-2/files-2.1/net.fabricmc.fabric-api/fabric-transfer-api-v1/8.0.11+39b5a3929e/5a77985888494d158a4d1b11481c6ed1daf2587d/fabric-transfer-api-v1-8.0.11+39b5a3929e.jar:/Users/xyz/.gradle/caches/modules-2/files-2.1/net.fabricmc.fabric-api/fabric-rendering-fluids-v1/6.0.4+06488ac19e/9ded3bc73b5ff3c441075d0c8eca988aacce1f1f/fabric-rendering-fluids-v1-6.0.4+06488ac19e.jar:/Users/xyz/.gradle/caches/modules-2/files-2.1/net.fabricmc.fabric-api/fabric-resource-loader-v0/3.3.20+4fc5413f9e/c6551ab905383f3c8e046a403a78a25bebabaff0/fabric-resource-loader-v0-3.3.20+4fc5413f9e.jar:/Users/xyz/.gradle/caches/modules-2/files-2.1/net.fabricmc.fabric-api/fabric-command-api-v2/3.1.0+00cb03469e/b144d197307c39c1bc516c274d9460f0116131a3/fabric-command-api-v2-3.1.0+00cb03469e.jar:/Users/xyz/.gradle/caches/modules-2/files-2.1/net.fabricmc.fabric-api/fabric-api-lookup-api-v1/2.0.17+11e1c9a39e/491ba67a029a00c00912050d9ef6875bf78ecaef/fabric-api-lookup-api-v1-2.0.17+11e1c9a39e.jar:/Users/xyz/.gradle/caches/modules-2/files-2.1/net.fabricmc.fabric-api/fabric-content-registries-v0/11.2.2+b7a678a99e/e5a4d7c5cab1d185c21b4ac5507d9f755a2ce772/fabric-content-registries-v0-11.2.2+b7a678a99e.jar:/Users/xyz/.gradle/caches/modules-2/files-2.1/net.fabricmc.fabric-api/fabric-data-generation-api-v1/25.4.2+5e56e5409e/815f036e50d8e5c18d63f32a3dd69c110c25e5f4/fabric-data-generation-api-v1-25.4.2+5e56e5409e.jar:/Users/xyz/.gradle/caches/modules-2/files-2.1/net.fabricmc.fabric-api/fabric-convention-tags-v2/4.6.4+2aae60389e/8bbbf4269a17573ef4250f6286a03213bd7c5a32/fabric-convention-tags-v2-4.6.4+2aae60389e.jar:/Users/xyz/.gradle/caches/modules-2/files-2.1/net.fabricmc.fabric-api/fabric-creative-tab-api-v1/5.0.14+d871b99e9e/6730a71041da25b25aed75b88eb4cb1eb971f4f0/fabric-creative-tab-api-v1-5.0.14+d871b99e9e.jar:/Users/xyz/.gradle/caches/modules-2/files-2.1/net.fabricmc.fabric-api/fabric-data-attachment-api-v1/2.2.16+aa0fd6fe9e/7a752ae1e0cbc8d30dd6c883e512bc82992c7378/fabric-data-attachment-api-v1-2.2.16+aa0fd6fe9e.jar:/Users/xyz/.gradle/caches/modules-2/files-2.1/net.fabricmc.fabric-api/fabric-debug-api-v1/1.0.2+c792624d9e/9f0581bb985edf22a0d812dbe67178bd2849286/fabric-debug-api-v1-1.0.2+c792624d9e.jar:/Users/xyz/.gradle/caches/modules-2/files-2.1/net.fabricmc.fabric-api/fabric-dimensions-v1/5.1.9+9cbf5da59e/3e9d8215721a157936b199cb26f1676c31119634/fabric-dimensions-v1-5.1.9+9cbf5da59e.jar:/Users/xyz/.gradle/caches/modules-2/files-2.1/net.fabricmc.fabric-api/fabric-entity-events-v1/5.0.5+06488ac19e/5cbecb675b91d0ebfe2ef3f20339e1a2c76c435/fabric-entity-events-v1-5.0.5+06488ac19e.jar:/Users/xyz/.gradle/caches/modules-2/files-2.1/net.fabricmc.fabric-api/fabric-events-interaction-v0/5.2.6+8f57f7ee9e/3acc28a9b6d52c82d653d40961d9b190c2de1f73/fabric-events-interaction-v0-5.2.6+8f57f7ee9e.jar:/Users/xyz/.gradle/caches/modules-2/files-2.1/net.fabricmc.fabric-api/fabric-game-rule-api-v1/4.0.8+46a6d00c9e/886816530fb79c925eb1bc6c34dd4d9d82e71d49/fabric-game-rule-api-v1-4.0.8+46a6d00c9e.jar:/Users/xyz/.gradle/caches/modules-2/files-2.1/net.fabricmc.fabric-api/fabric-gametest-api-v1/4.0.21+4a7fa0819e/e211272a2b116eaed8a2b05170c14af84250ea6b/fabric-gametest-api-v1-4.0.21+4a7fa0819e.jar:/Users/xyz/.gradle/caches/modules-2/files-2.1/net.fabricmc.fabric-api/fabric-item-api-v1/14.1.6+0ecb053f9e/467b36296acec3b21e332eca9a1dcca5b4e09f8d/fabric-item-api-v1-14.1.6+0ecb053f9e.jar:/Users/xyz/.gradle/caches/modules-2/files-2.1/net.fabricmc.fabric-api/fabric-recipe-api-v1/9.0.20+11e1c9a39e/c2540b28f851487fa5247fb3c7eb7fd0d58ee240/fabric-recipe-api-v1-9.0.20+11e1c9a39e.jar:/Users/xyz/.gradle/caches/modules-2/files-2.1/net.fabricmc.fabric-api/fabric-model-loading-api-v1/8.0.12+c80601bb9e/b97cf9cc7e647ca890bf211566d8407480e6b190/fabric-model-loading-api-v1-8.0.12+c80601bb9e.jar:/Users/xyz/.gradle/caches/modules-2/files-2.1/net.fabricmc.fabric-api/fabric-renderer-indigo/9.0.2+e73ab60d9e/e262b93f32a69e4cd73c9150ddc0c0f78867be13/fabric-renderer-indigo-9.0.2+e73ab60d9e.jar:/Users/xyz/.gradle/caches/modules-2/files-2.1/net.fabricmc.fabric-api/fabric-renderer-api-v1/14.0.2+93d3a2f59e/6f22211c285688ffdf7304df91fcb6d2f89f6186/fabric-renderer-api-v1-14.0.2+93d3a2f59e.jar:/Users/xyz/.gradle/caches/modules-2/files-2.1/net.fabricmc.fabric-api/fabric-rendering-v1/25.1.6+46a6d00c9e/f77ded3351421e50ed6e978ec7703a017172229d/fabric-rendering-v1-25.1.6+46a6d00c9e.jar:/Users/xyz/.gradle/caches/modules-2/files-2.1/net.fabricmc.fabric-api/fabric-lifecycle-events-v1/4.1.3+4575b05f9e/a90250858d4e251a823d64d0e0f2877edf456f10/fabric-lifecycle-events-v1-4.1.3+4575b05f9e.jar:/Users/xyz/.gradle/caches/modules-2/files-2.1/net.fabricmc.fabric-api/fabric-loot-api-v3/3.0.17+06488ac19e/964f3985687b491093db6b9ff87b35106112b74d/fabric-loot-api-v3-3.0.17+06488ac19e.jar:/Users/xyz/.gradle/caches/modules-2/files-2.1/net.fabricmc.fabric-api/fabric-menu-api-v1/2.0.16+086d547a9e/8a0c9ebc8624604d15cc59fedf1ca43c55064696/fabric-menu-api-v1-2.0.16+086d547a9e.jar:/Users/xyz/.gradle/caches/modules-2/files-2.1/net.fabricmc.fabric-api/fabric-message-api-v1/7.0.7+086d547a9e/b3cd0276ce68d53d51c8c6ff8bb5b327745bbf7d/fabric-message-api-v1-7.0.7+086d547a9e.jar:/Users/xyz/.gradle/caches/modules-2/files-2.1/net.fabricmc.fabric-api/fabric-particles-v1/5.0.18+d1756aa99e/e67e831509acd4f7e5578ebed6bbbc7cf0165202/fabric-particles-v1-5.0.18+d1756aa99e.jar:/Users/xyz/.gradle/caches/modules-2/files-2.1/net.fabricmc.fabric-api/fabric-object-builder-api-v1/24.0.6+46a6d00c9e/6b804f82dcd5fa1804b2dcb99773ddc06dab2278/fabric-object-builder-api-v1-24.0.6+46a6d00c9e.jar:/Users/xyz/.gradle/caches/modules-2/files-2.1/net.fabricmc.fabric-api/fabric-registry-sync-v0/7.1.0+c7bd5b8e9e/f2221eb179baa35535c43655ffcba3a5f1bea97f/fabric-registry-sync-v0-7.1.0+c7bd5b8e9e.jar:/Users/xyz/.gradle/caches/modules-2/files-2.1/net.fabricmc.fabric-api/fabric-networking-api-v1/6.3.3+72073ef09e/ec9e63e40eca212cb2ff05f72fc0f76a3ef9ba0a/fabric-networking-api-v1-6.3.3+72073ef09e.jar:/Users/xyz/.gradle/caches/modules-2/files-2.1/net.fabricmc.fabric-api/fabric-permission-api-v1/1.0.2+7c33558a9e/fc1af8fa54e5ad43820b38c724d0a8e995de4eee/fabric-permission-api-v1-1.0.2+7c33558a9e.jar:/Users/xyz/.gradle/caches/modules-2/files-2.1/net.fabricmc.fabric-api/fabric-tag-api-v1/2.1.3+794df31d9e/b1fe12806004d7635046963347491796f160031a/fabric-tag-api-v1-2.1.3+794df31d9e.jar:/Users/xyz/.gradle/caches/modules-2/files-2.1/net.fabricmc.fabric-api/fabric-resource-loader-v1/2.0.13+9edec1269e/db19bb66f069d7ed3dde41eb7e1f9ff3122c15a4/fabric-resource-loader-v1-2.0.13+9edec1269e.jar:/Users/xyz/.gradle/caches/modules-2/files-2.1/net.fabricmc.fabric-api/fabric-screen-api-v1/5.0.3+086d547a9e/3e2ef1e79f16918ad9776e2cc7693cf0ff98554e/fabric-screen-api-v1-5.0.3+086d547a9e.jar:/Users/xyz/.gradle/caches/modules-2/files-2.1/net.fabricmc.fabric-api/fabric-api-base/2.0.4+ece063239e/e766f3698b7bab8b1e13683040f8648fab511ca3/fabric-api-base-2.0.4+ece063239e.jar:/Users/xyz/.gradle/caches/modules-2/files-2.1/org.junit.jupiter/junit-jupiter-params/5.10.2/359132c82a9d3fa87a325db6edd33b5fdc67a3d8/junit-jupiter-params-5.10.2.jar:/Users/xyz/.gradle/caches/modules-2/files-2.1/org.junit.jupiter/junit-jupiter-engine/5.10.2/f1f8fe97bd58e85569205f071274d459c2c4f8cd/junit-jupiter-engine-5.10.2.jar:/Users/xyz/.gradle/caches/modules-2/files-2.1/org.junit.jupiter/junit-jupiter-api/5.10.2/fb55d6e2bce173f35fd28422e7975539621055ef/junit-jupiter-api-5.10.2.jar:/Users/xyz/.gradle/caches/modules-2/files-2.1/org.junit.platform/junit-platform-launcher/1.10.2/8125dd29e847ca274dd1a7a9ca54859acc284cb3/junit-platform-launcher-1.10.2.jar:/Users/xyz/.gradle/caches/modules-2/files-2.1/org.junit.platform/junit-platform-engine/1.10.2/d53bb4e0ce7f211a498705783440614bfaf0df2e/junit-platform-engine-1.10.2.jar:/Users/xyz/.gradle/caches/modules-2/files-2.1/org.junit.platform/junit-platform-commons/1.10.2/3197154a1f0c88da46c47a9ca27611ac7ec5d797/junit-platform-commons-1.10.2.jar:/Users/xyz/.gradle/caches/modules-2/files-2.1/org.junit.jupiter/junit-jupiter/5.10.2/831c0b86ddc2ce38391c5b81ea662b0cfdc02cce/junit-jupiter-5.10.2.jar:/Users/xyz/.gradle/caches/modules-2/files-2.1/net.fabricmc.fabric-api/fabric-biome-api-v1/18.0.6+c7bd5b8e9e/414c89d2bc8ab64dce1763edc4dbe4619113a5b/fabric-biome-api-v1-18.0.6+c7bd5b8e9e.jar:/Users/xyz/.gradle/caches/modules-2/files-2.1/net.fabricmc.fabric-api/fabric-block-api-v1/3.0.3+ec56b6019e/32d4afa4bbfa703830787de04d55e727816b676b/fabric-block-api-v1-3.0.3+ec56b6019e.jar:/Users/xyz/.gradle/caches/modules-2/files-2.1/net.fabricmc.fabric-api/fabric-block-getter-api-v2/2.0.7+ec56b6019e/8204045ca262749761be09b144618e6c4133ebe1/fabric-block-getter-api-v2-2.0.7+ec56b6019e.jar:/Users/xyz/.gradle/caches/modules-2/files-2.1/net.fabricmc.fabric-api/fabric-client-gametest-api-v1/5.1.0+db5795489e/9d87b8614fb75d1df4a19231cd6f5d5680844529/fabric-client-gametest-api-v1-5.1.0+db5795489e.jar:/Users/xyz/.gradle/caches/modules-2/files-2.1/net.fabricmc.fabric-api/fabric-crash-report-info-v1/1.0.5+086d547a9e/119f48a9a648d86c89fe21444176d0032449d95c/fabric-crash-report-info-v1-1.0.5+086d547a9e.jar:/Users/xyz/.gradle/caches/modules-2/files-2.1/net.fabricmc.fabric-api/fabric-key-mapping-api-v1/2.0.5+e2bdee789e/c86dc688a7e9caa7edca9973dc6abfe37c652135/fabric-key-mapping-api-v1-2.0.5+e2bdee789e.jar:/Users/xyz/.gradle/caches/modules-2/files-2.1/net.fabricmc.fabric-api/fabric-resource-conditions-api-v1/6.1.0+10e9a28b9e/bfe91afa0e7712974b318ed7e274b493b038a596/fabric-resource-conditions-api-v1-6.1.0+10e9a28b9e.jar:/Users/xyz/.gradle/caches/modules-2/files-2.1/net.fabricmc.fabric-api/fabric-serialization-api-v1/2.0.4+11a26f319e/ebf77996be79909f639a7352689d851385a9cd2b/fabric-serialization-api-v1-2.0.4+11a26f319e.jar:/Users/xyz/.gradle/caches/modules-2/files-2.1/net.fabricmc.fabric-api/fabric-sound-api-v1/2.0.5+11a26f319e/73e4e62924608e1d1581f192607857db096dafe7/fabric-sound-api-v1-2.0.5+11a26f319e.jar:/Users/xyz/.gradle/caches/modules-2/files-2.1/net.fabricmc.fabric-api/fabric-transitive-access-wideners-v1/8.1.3+e098252d9e/df73b8279f2388b2fe2cf0db2e07f821166a721c/fabric-transitive-access-wideners-v1-8.1.3+e098252d9e.jar:/Users/xyz/.gradle/caches/modules-2/files-2.1/org.json/json/20231013/e22e0c040fe16f04ffdb85d851d77b07fc05ea52/json-20231013.jar:/Users/xyz/.gradle/caches/modules-2/files-2.1/com.google.errorprone/error_prone_annotations/2.48.0/bbe30942a31d1778c74cb272321267eca82dc708/error_prone_annotations-2.48.0.jar:/Users/xyz/.gradle/caches/modules-2/files-2.1/org.opentest4j/opentest4j/1.3.0/152ea56b3a72f655d4fd677fc0ef2596c3dd5e6e/opentest4j-1.3.0.jar
Launcher Type: SUN_STANDARD

[Global flags]
     intx CICompilerCount                          = 4                                         {product} {ergonomic}
     uint ConcGCThreads                            = 3                                         {product} {ergonomic}
     uint G1ConcRefinementThreads                  = 11                                        {product} {ergonomic}
   size_t G1HeapRegionSize                         = 1048576                                   {product} {ergonomic}
   size_t InitialHeapSize                          = 402653184                                 {product} {ergonomic}
   size_t MarkStackSize                            = 4194304                                   {product} {ergonomic}
   size_t MarkStackSizeMax                         = 536870912                                 {product} {ergonomic}
   size_t MaxHeapSize                              = 536870912                                 {product} {command line}
   size_t MaxNewSize                               = 321912832                                 {product} {ergonomic}
   size_t MinHeapDeltaBytes                        = 1048576                                   {product} {ergonomic}
   size_t MinHeapSize                              = 8388608                                   {product} {ergonomic}
    uintx NonNMethodCodeHeapSize                   = 5849088                                {pd product} {ergonomic}
    uintx NonProfiledCodeHeapSize                  = 122912768                              {pd product} {ergonomic}
    uintx ProfiledCodeHeapSize                     = 122912768                              {pd product} {ergonomic}
    uintx ReservedCodeCacheSize                    = 251674624                              {pd product} {ergonomic}
     bool SegmentedCodeCache                       = true                                      {product} {ergonomic}
   size_t SoftMaxHeapSize                          = 536870912                              {manageable} {ergonomic}
     bool UseCompressedOops                        = true                           {product lp64_product} {ergonomic}
     bool UseG1GC                                  = true                                      {product} {ergonomic}
     bool UseNUMA                                  = false                                     {product} {ergonomic}
     bool UseNUMAInterleaving                      = false                                     {product} {ergonomic}

Logging:
Log output configuration:
 #0: stdout all=warning uptime,level,tags foldmultilines=false
 #1: stderr all=off uptime,level,tags foldmultilines=false

Release file:
IMPLEMENTOR="Eclipse Adoptium"
IMPLEMENTOR_VERSION="Temurin-25.0.4+7"
JAVA_RUNTIME_VERSION="25.0.4+7-LTS"
JAVA_VERSION="25.0.4"
JAVA_VERSION_DATE="2026-07-21"
LIBC="default"
MODULES="java.base java.compiler java.datatransfer java.xml java.prefs java.desktop java.instrument java.logging java.management java.security.sasl java.naming java.rmi java.management.rmi java.net.http java.scripting java.security.jgss java.transaction.xa java.sql java.sql.rowset java.xml.crypto java.se java.smartcardio jdk.accessibility jdk.internal.jvmstat jdk.attach jdk.charsets jdk.internal.opt jdk.zipfs jdk.compiler jdk.crypto.cryptoki jdk.crypto.ec jdk.dynalink jdk.internal.ed jdk.editpad jdk.internal.vm.ci jdk.graal.compiler jdk.graal.compiler.management jdk.hotspot.agent jdk.httpserver jdk.incubator.vector jdk.internal.le jdk.internal.md jdk.jartool jdk.javadoc jdk.jcmd jdk.management jdk.management.agent jdk.jconsole jdk.jdeps jdk.jdwp.agent jdk.jdi jdk.jfr jdk.jlink jdk.jpackage jdk.jshell jdk.jsobject jdk.jstatd jdk.localedata jdk.management.jfr jdk.naming.dns jdk.naming.rmi jdk.net jdk.nio.mapmode jdk.sctp jdk.security.auth jdk.security.jgss jdk.unsupported jdk.unsupported.desktop jdk.xml.dom"
OS_ARCH="aarch64"
OS_NAME="Darwin"
SOURCE=".:git:a2ce02c38bc9"
BUILD_SOURCE="git:e6ba7dec3d07654074559310376a3ae89da5f4ac"
BUILD_SOURCE_REPO="https://github.com/adoptium/temurin-build.git"
SOURCE_REPO="https://github.com/adoptium/jdk25u.git"
FULL_VERSION="25.0.4+7-LTS"
SEMANTIC_VERSION="25.0.4+7"
BUILD_INFO="OS: macOS Version: 14.1 23B74"
JVM_VARIANT="Hotspot"
JVM_VERSION="25.0.4+7-LTS"
IMAGE_TYPE="JDK"

Environment Variables:
PATH=/Users/xyz/.nix-profile/bin:/nix/var/nix/profiles/default/bin:/opt/homebrew/bin:/opt/homebrew/sbin:/usr/local/bin:/System/Cryptexes/App/usr/bin:/usr/bin:/bin:/usr/sbin:/sbin:/var/run/com.apple.security.cryptexd/codex.system/bootstrap/usr/local/bin:/var/run/com.apple.security.cryptexd/codex.system/bootstrap/usr/bin:/var/run/com.apple.security.cryptexd/codex.system/bootstrap/usr/appleinternal/bin:/pkg/env/global/bin:/Users/xyz/.orbstack/bin:/Users/xyz/.local/bin:/Users/xyz/.nvm/versions/node/v24.12.0/bin:/Users/xyz/.nvm/versions/node/v25.2.1/bin:/Users/xyz/.cargo/bin:/Users/xyz/.local/share/mise/shims:/Users/xyz/.pyenv/shims:/Users/xyz/Library/Application Support/Claude/local-agent-mode-sessions/skills-plugin/4a3e53c7-3eb5-42f7-a5da-3b85f8fe8f9e/8d27c204-2065-4233-948a-32c8cbca1c13/bin
SHELL=/bin/zsh
TERM=
TMPDIR=/var/folders/1x/f_ndm0515g5146jsxf_bqq600000gn/T/

Active Locale:
LC_ALL=C
LC_COLLATE=C
LC_CTYPE=C
LC_MESSAGES=C
LC_MONETARY=C
LC_NUMERIC=C
LC_TIME=C

Signal Handlers:
   SIGSEGV: crash_handler in libjvm.dylib, mask=11100110000111110111111111111111, flags=SA_ONSTACK|SA_RESTART|SA_SIGINFO, unblocked
    SIGBUS: crash_handler in libjvm.dylib, mask=11100110000111110111111111111111, flags=SA_RESTART|SA_SIGINFO, unblocked
    SIGFPE: crash_handler in libjvm.dylib, mask=11100110000111110111111111111111, flags=SA_RESTART|SA_SIGINFO, unblocked
   SIGPIPE: javaSignalHandler in libjvm.dylib, mask=11100110000111110111111111111111, flags=SA_RESTART|SA_SIGINFO, blocked
   SIGXFSZ: javaSignalHandler in libjvm.dylib, mask=11100110000111110111111111111111, flags=SA_RESTART|SA_SIGINFO, blocked
    SIGILL: crash_handler in libjvm.dylib, mask=11100110000111110111111111111111, flags=SA_RESTART|SA_SIGINFO, unblocked
   SIGUSR2: SR_handler in libjvm.dylib, mask=00000000000000000000000000000000, flags=SA_RESTART|SA_SIGINFO, blocked
    SIGHUP: UserHandler in libjvm.dylib, mask=11100110000111110111111111111111, flags=SA_RESTART|SA_SIGINFO, blocked
    SIGINT: UserHandler in libjvm.dylib, mask=11100110000111110111111111111111, flags=SA_RESTART|SA_SIGINFO, blocked
   SIGTERM: UserHandler in libjvm.dylib, mask=11100110000111110111111111111111, flags=SA_RESTART|SA_SIGINFO, blocked
   SIGQUIT: UserHandler in libjvm.dylib, mask=11100110000111110111111111111111, flags=SA_RESTART|SA_SIGINFO, blocked
   SIGTRAP: crash_handler in libjvm.dylib, mask=11100110000111110111111111111111, flags=SA_RESTART|SA_SIGINFO, unblocked


Compilation memory statistics disabled.

Periodic native trim disabled

---------------  S Y S T E M  ---------------

OS:
uname: Darwin 25.5.0 Darwin Kernel Version 25.5.0: Mon Apr 27 20:41:15 PDT 2026; root:xnu-12377.121.6~2/RELEASE_ARM64_T6041 arm64
OS uptime: 94 days 11:00 hours
rlimit (soft/hard): STACK 8176k/65520k , CORE 0k/infinity , NPROC 4000/6000 , NOFILE 1048576/infinity , AS infinity/infinity , CPU infinity/infinity , DATA infinity/infinity , FSIZE infinity/infinity , MEMLOCK infinity/infinity , RSS infinity/infinity
load average: 14.37 14.73 14.91

CPU: total 14 (initial active 14) 0x61:0x0:0x17d5b93a:0, fp, asimd, aes, pmull, sha1, sha256, crc32, lse, sha3, sha512
machdep.cpu.brand_string:Apple M4 Pro
hw.cachelinesize:128
hw.l1icachesize:131072
hw.l1dcachesize:65536
hw.l2cachesize:4194304

Memory: 16k page, physical 25165824k(9732976k free), swap 6291456k(1376896k free)

vm_info: OpenJDK 64-Bit Server VM (25.0.4+7-LTS) for bsd-aarch64 JRE (25.0.4+7-LTS), built on 2026-07-21T00:00:00Z with clang Apple LLVM 15.0.0 (clang-1500.1.0.2.5)

END.
