To honour the JVM settings for this build a single-use Daemon process will be forked. For more on this, please refer to https://docs.gradle.org/9.6.0/userguide/gradle_daemon.html#sec:disabling_the_daemon in the Gradle documentation.
Daemon will be stopped at the end of the build 

> Configure project :
Fabric Loom: 1.16.3

> Task :compileJava UP-TO-DATE
> Task :processResources
> Task :classes
> Task :compileHarnessJava UP-TO-DATE
> Task :generateLog4jConfig UP-TO-DATE
> Task :generateDLIConfig UP-TO-DATE
> Task :configureLaunch UP-TO-DATE
> Task :downloadAssets UP-TO-DATE
> Task :configureClientLaunch UP-TO-DATE
> Task :processHarnessResources UP-TO-DATE
> Task :harnessClasses UP-TO-DATE

> Task :runHarnessClient
[21:37:37] [main/INFO] (FabricLoader/GameProvider) Loading Minecraft 26.2 with Fabric Loader 0.19.3
[21:37:37] [main/INFO] (FabricLoader/Mappings) Mappings not present!
[21:37:37] [main/INFO] (FabricLoader) Loading 55 mods:
	- fabric-api 0.152.2+26.2
	- fabric-api-base 2.0.4+ece063239e
	- fabric-api-lookup-api-v1 2.0.17+11e1c9a39e
	- fabric-biome-api-v1 18.0.6+c7bd5b8e9e
	- fabric-block-api-v1 3.0.3+ec56b6019e
	- fabric-block-getter-api-v2 2.0.7+ec56b6019e
	- fabric-client-gametest-api-v1 5.1.0+db5795489e
	- fabric-command-api-v2 3.1.0+00cb03469e
	- fabric-content-registries-v0 11.2.2+b7a678a99e
	- fabric-convention-tags-v2 4.6.4+2aae60389e
	- fabric-crash-report-info-v1 1.0.5+086d547a9e
	- fabric-creative-tab-api-v1 5.0.14+d871b99e9e
	- fabric-data-attachment-api-v1 2.2.16+aa0fd6fe9e
	- fabric-data-generation-api-v1 25.4.2+5e56e5409e
	- fabric-debug-api-v1 1.0.2+c792624d9e
	- fabric-dimensions-v1 5.1.9+9cbf5da59e
	- fabric-entity-events-v1 5.0.5+06488ac19e
	- fabric-events-interaction-v0 5.2.6+8f57f7ee9e
	- fabric-game-rule-api-v1 4.0.8+46a6d00c9e
	- fabric-gametest-api-v1 4.0.21+4a7fa0819e
	- fabric-item-api-v1 14.1.6+0ecb053f9e
	- fabric-key-mapping-api-v1 2.0.5+e2bdee789e
	- fabric-lifecycle-events-v1 4.1.3+4575b05f9e
	- fabric-loot-api-v3 3.0.17+06488ac19e
	- fabric-menu-api-v1 2.0.16+086d547a9e
	- fabric-message-api-v1 7.0.7+086d547a9e
	- fabric-model-loading-api-v1 8.0.12+c80601bb9e
	- fabric-networking-api-v1 6.3.3+72073ef09e
	- fabric-object-builder-api-v1 24.0.6+46a6d00c9e
	- fabric-particles-v1 5.0.18+d1756aa99e
	- fabric-permission-api-v1 1.0.2+7c33558a9e
	- fabric-recipe-api-v1 9.0.20+11e1c9a39e
	- fabric-registry-sync-v0 7.1.0+c7bd5b8e9e
	- fabric-renderer-api-v1 14.0.2+93d3a2f59e
	- fabric-renderer-indigo 9.0.2+e73ab60d9e
	- fabric-rendering-fluids-v1 6.0.4+06488ac19e
	- fabric-rendering-v1 25.1.6+46a6d00c9e
	- fabric-resource-conditions-api-v1 6.1.0+10e9a28b9e
	- fabric-resource-loader-v0 3.3.20+4fc5413f9e
	- fabric-resource-loader-v1 2.0.13+9edec1269e
	- fabric-screen-api-v1 5.0.3+086d547a9e
	- fabric-serialization-api-v1 2.0.4+11a26f319e
	- fabric-sound-api-v1 2.0.5+11a26f319e
	- fabric-tag-api-v1 2.1.3+794df31d9e
	- fabric-transfer-api-v1 8.0.11+39b5a3929e
	- fabric-transitive-access-wideners-v1 8.1.3+e098252d9e
	- fabricloader 0.19.3
	- java 25
	- lithium 0.25.1+mc26.2
	- minecraft 26.2
	- mixinextras 0.5.4
	- modmenu 20.0.0
	- sodium 0.9.2-alpha.3+mc26.2
	- voxy 0.2.19-beta
	- voxy_harness 1.0.0
[21:37:37] [main/INFO] (FabricLoader/Mixin) SpongePowered MIXIN Subsystem Version=0.8.7 Source=file:/Users/xyz/.gradle/caches/modules-2/files-2.1/net.fabricmc/sponge-mixin/0.17.3+mixin.0.8.7/41c4a3984a80f4679e759fb9f495587acc5cdac7/sponge-mixin-0.17.3+mixin.0.8.7.jar Service=Knot/Fabric Env=CLIENT
[21:37:37] [main/INFO] (FabricLoader/Mixin) Compatibility level set to JAVA_25
[21:37:37] [main/INFO] (Lithium) Loaded configuration file for Lithium: 171 options available, 0 override(s) found.
[21:37:37] [main/INFO] (Sodium) Loaded configuration file for Sodium: 37 options available, 0 override(s) found
[21:37:37] [main/WARN] (FabricLoader/Mixin) Error loading class: com/moulberry/flashback/record/FlashbackMeta (java.lang.ClassNotFoundException: com/moulberry/flashback/record/FlashbackMeta)
[21:37:37] [main/WARN] (FabricLoader/Mixin) @Mixin target com.moulberry.flashback.record.FlashbackMeta was not found client.voxy.mixins.json:flashback.MixinFlashbackMeta from mod voxy
[21:37:37] [main/WARN] (FabricLoader/Mixin) Error loading class: com/moulberry/flashback/record/Recorder (java.lang.ClassNotFoundException: com/moulberry/flashback/record/Recorder)
[21:37:37] [main/WARN] (FabricLoader/Mixin) @Mixin target com.moulberry.flashback.record.Recorder was not found client.voxy.mixins.json:flashback.MixinFlashbackRecorder from mod voxy
[21:37:37] [main/WARN] (FabricLoader/Mixin) Error loading class: me/cortex/nvidium/RenderPipeline (java.lang.ClassNotFoundException: me/cortex/nvidium/RenderPipeline)
[21:37:37] [main/WARN] (FabricLoader/Mixin) @Mixin target me.cortex.nvidium.RenderPipeline was not found client.voxy.mixins.json:nvidium.MixinRenderPipeline from mod voxy
[21:37:37] [main/WARN] (FabricLoader/Mixin) Error loading class: org/popcraft/chunky/platform/FabricWorld (java.lang.ClassNotFoundException: org/popcraft/chunky/platform/FabricWorld)
[21:37:37] [main/WARN] (FabricLoader/Mixin) @Mixin target org.popcraft.chunky.platform.FabricWorld was not found common.voxy.mixins.json:chunky.MixinFabricWorld from mod voxy
[21:37:37] [main/WARN] (FabricLoader/Mixin) Error loading class: net/minecraft/client/renderer/StagedVertexBuffer/GpuBufferPool (java.lang.ClassNotFoundException: net/minecraft/client/renderer/StagedVertexBuffer/GpuBufferPool)
[21:37:37] [main/WARN] (FabricLoader/Mixin) @Mixin target net.minecraft.client.renderer.StagedVertexBuffer.GpuBufferPool was not found sodium-common.mixins.json:core.StagedVertexBufferMixin from mod sodium
[21:37:37] [main/INFO] (Sodium-GraphicsAdapterProbe) Searching for graphics cards...
[21:37:37] [main/INFO] (FabricLoader/MixinExtras|Service) Initializing MixinExtras via com.llamalad7.mixinextras.service.MixinExtrasServiceImpl(version=0.5.4).
[21:37:38] [Datafixer Bootstrap #0/INFO] (Minecraft) 295 Datafixer optimizations took 126 milliseconds
[21:37:38] [main/WARN] (MacOperatingSystem) Unable to parse version 27.0 to a codename.
[21:37:40] [Render thread/INFO] (Minecraft) Environment: Environment[sessionHost=https://sessionserver.mojang.com, servicesHost=https://api.minecraftservices.com, profilesHost=https://api.mojang.com, name=PROD]
[21:37:40] [Render thread/INFO] (Minecraft) Setting user: Player699
[21:37:40] [Render thread/INFO] (Voxy) [me.cx.vy.cn.cg.Serialization]: Registered Config as Serializer for config type SectionStorageConfig
[21:37:40] [Render thread/INFO] (Voxy) [me.cx.vy.cn.cg.Serialization]: Registered Config as RocksDB for config type StorageConfig
[21:37:40] [Render thread/INFO] (Voxy) [me.cx.vy.cn.cg.Serialization]: Registered Config as Redis for config type StorageConfig
[21:37:40] [Render thread/INFO] (Voxy) [me.cx.vy.cn.cg.Serialization]: Registered Config as FragmentationAdaptor for config type StorageConfig
[21:37:40] [Render thread/INFO] (Voxy) [me.cx.vy.cn.cg.Serialization]: Registered Config2 as AutoFragmentationAdaptor for config type StorageConfig
[21:37:40] [Render thread/INFO] (Voxy) [me.cx.vy.cn.cg.Serialization]: Registered ConditionalStorageBackendConfig as ConditionalConfig for config type StorageConfig
[21:37:40] [Render thread/INFO] (Voxy) [me.cx.vy.cn.cg.Serialization]: Registered Config as CompressionAdaptor for config type StorageConfig
[21:37:40] [Render thread/INFO] (Voxy) [me.cx.vy.cn.cg.Serialization]: Registered Config as ReadonlyCachingLayer for config type StorageConfig
[21:37:40] [Render thread/INFO] (Voxy) [me.cx.vy.cn.cg.Serialization]: Registered BasicPathInsertionConfig as BasicPathConfig for config type StorageConfig
[21:37:40] [Render thread/INFO] (Voxy) [me.cx.vy.cn.cg.Serialization]: Registered Config as Memory for config type StorageConfig
[21:37:40] [Render thread/INFO] (Voxy) [me.cx.vy.cn.cg.Serialization]: Registered Config as LMDB for config type StorageConfig
[21:37:40] [Render thread/INFO] (Voxy) [me.cx.vy.cn.cg.Serialization]: Registered Config as LZ4 for config type CompressorConfig
[21:37:40] [Render thread/INFO] (Voxy) [me.cx.vy.cn.cg.Serialization]: Registered Config as ZSTD for config type CompressorConfig
[21:37:40] [Render thread/INFO] (Voxy) [me.cx.vy.cn.cg.Serialization]: Registered 13 config types
[21:37:40] [Render thread/INFO] (Indigo) [Indigo] Different rendering plugin detected; not applying Indigo.
[21:37:40] [Render thread/INFO] (Mod Menu/Update Checker) Checking mod updates...
[21:37:40] [Render thread/INFO] (Sodium) Setting exclusive fullscreen to true by default, as the user is not on Windows and the language cannot be guessed.
[21:37:40] [Render thread/INFO] (Minecraft) Backend library: LWJGL version 3.4.1-snapshot
[21:37:40] [ModMenu/Update Checker/Fabric Loader/INFO] (Mod Menu/Update Checker) Update available for 'fabricloader@0.19.3'
[21:37:40] [Render thread/WARN] (Minecraft) Graphics backend forced to vulkan by launch argument, in-game preferred graphics backend setting is ignored
[Vulkan Loader] LAYER:          Searching for implicit layer manifest files
[Vulkan Loader] LAYER:             In following locations:
[Vulkan Loader] LAYER:                /Library/Java/JavaVirtualMachines/temurin-25.jdk/Contents/Home/bin/vulkan/implicit_layer.d
[Vulkan Loader] LAYER:                /Users/xyz/.config/vulkan/implicit_layer.d
[Vulkan Loader] LAYER:                /opt/homebrew/etc/xdg/vulkan/implicit_layer.d
[Vulkan Loader] LAYER:                /etc/xdg/vulkan/implicit_layer.d
[Vulkan Loader] LAYER:                /opt/homebrew/etc/vulkan/implicit_layer.d
[Vulkan Loader] LAYER:                /etc/vulkan/implicit_layer.d
[Vulkan Loader] LAYER:                /Users/xyz/.local/share/vulkan/implicit_layer.d
[Vulkan Loader] LAYER:                /usr/local/share/vulkan/implicit_layer.d
[Vulkan Loader] LAYER:                /usr/share/vulkan/implicit_layer.d
[Vulkan Loader] LAYER:                /Users/xyz/.nix-profile/share/vulkan/implicit_layer.d
[Vulkan Loader] LAYER:                /nix/var/nix/profiles/default/share/vulkan/implicit_layer.d
[Vulkan Loader] LAYER:             Found no files
[Vulkan Loader] LAYER:          Searching for implicit layer manifest files
[Vulkan Loader] LAYER:             In following locations:
[Vulkan Loader] LAYER:                /Library/Java/JavaVirtualMachines/temurin-25.jdk/Contents/Home/bin/vulkan/implicit_layer.d
[Vulkan Loader] LAYER:                /Users/xyz/.config/vulkan/implicit_layer.d
[Vulkan Loader] LAYER:                /opt/homebrew/etc/xdg/vulkan/implicit_layer.d
[Vulkan Loader] LAYER:                /etc/xdg/vulkan/implicit_layer.d
[Vulkan Loader] LAYER:                /opt/homebrew/etc/vulkan/implicit_layer.d
[Vulkan Loader] LAYER:                /etc/vulkan/implicit_layer.d
[Vulkan Loader] LAYER:                /Users/xyz/.local/share/vulkan/implicit_layer.d
[Vulkan Loader] LAYER:                /usr/local/share/vulkan/implicit_layer.d
[Vulkan Loader] LAYER:                /usr/share/vulkan/implicit_layer.d
[Vulkan Loader] LAYER:                /Users/xyz/.nix-profile/share/vulkan/implicit_layer.d
[Vulkan Loader] LAYER:                /nix/var/nix/profiles/default/share/vulkan/implicit_layer.d
[Vulkan Loader] LAYER:             Found no files
[Vulkan Loader] LAYER:          Searching for implicit layer manifest files
[Vulkan Loader] LAYER:             In following locations:
[Vulkan Loader] LAYER:                /Library/Java/JavaVirtualMachines/temurin-25.jdk/Contents/Home/bin/vulkan/implicit_layer.d
[Vulkan Loader] LAYER:                /Users/xyz/.config/vulkan/implicit_layer.d
[Vulkan Loader] LAYER:                /opt/homebrew/etc/xdg/vulkan/implicit_layer.d
[Vulkan Loader] LAYER:                /etc/xdg/vulkan/implicit_layer.d
[Vulkan Loader] LAYER:                /opt/homebrew/etc/vulkan/implicit_layer.d
[Vulkan Loader] LAYER:                /etc/vulkan/implicit_layer.d
[Vulkan Loader] LAYER:                /Users/xyz/.local/share/vulkan/implicit_layer.d
[Vulkan Loader] LAYER:                /usr/local/share/vulkan/implicit_layer.d
[Vulkan Loader] LAYER:                /usr/share/vulkan/implicit_layer.d
[Vulkan Loader] LAYER:                /Users/xyz/.nix-profile/share/vulkan/implicit_layer.d
[Vulkan Loader] LAYER:                /nix/var/nix/profiles/default/share/vulkan/implicit_layer.d
[Vulkan Loader] LAYER:             Found no files
[Vulkan Loader] LAYER:          Searching for implicit layer manifest files
[Vulkan Loader] LAYER:             In following locations:
[Vulkan Loader] LAYER:                /Library/Java/JavaVirtualMachines/temurin-25.jdk/Contents/Home/bin/vulkan/implicit_layer.d
[Vulkan Loader] LAYER:                /Users/xyz/.config/vulkan/implicit_layer.d
[Vulkan Loader] LAYER:                /opt/homebrew/etc/xdg/vulkan/implicit_layer.d
[Vulkan Loader] LAYER:                /etc/xdg/vulkan/implicit_layer.d
[Vulkan Loader] LAYER:                /opt/homebrew/etc/vulkan/implicit_layer.d
[Vulkan Loader] LAYER:                /etc/vulkan/implicit_layer.d
[Vulkan Loader] LAYER:                /Users/xyz/.local/share/vulkan/implicit_layer.d
[Vulkan Loader] LAYER:                /usr/local/share/vulkan/implicit_layer.d
[Vulkan Loader] LAYER:                /usr/share/vulkan/implicit_layer.d
[Vulkan Loader] LAYER:                /Users/xyz/.nix-profile/share/vulkan/implicit_layer.d
[Vulkan Loader] LAYER:                /nix/var/nix/profiles/default/share/vulkan/implicit_layer.d
[Vulkan Loader] LAYER:             Found no files
[Vulkan Loader] LAYER:          Searching for implicit layer manifest files
[Vulkan Loader] LAYER:             In following locations:
[Vulkan Loader] LAYER:                /Library/Java/JavaVirtualMachines/temurin-25.jdk/Contents/Home/bin/vulkan/implicit_layer.d
[Vulkan Loader] LAYER:                /Users/xyz/.config/vulkan/implicit_layer.d
[Vulkan Loader] LAYER:                /opt/homebrew/etc/xdg/vulkan/implicit_layer.d
[Vulkan Loader] LAYER:                /etc/xdg/vulkan/implicit_layer.d
[Vulkan Loader] LAYER:                /opt/homebrew/etc/vulkan/implicit_layer.d
[Vulkan Loader] LAYER:                /etc/vulkan/implicit_layer.d
[Vulkan Loader] LAYER:                /Users/xyz/.local/share/vulkan/implicit_layer.d
[Vulkan Loader] LAYER:                /usr/local/share/vulkan/implicit_layer.d
[Vulkan Loader] LAYER:                /usr/share/vulkan/implicit_layer.d
[Vulkan Loader] LAYER:                /Users/xyz/.nix-profile/share/vulkan/implicit_layer.d
[Vulkan Loader] LAYER:                /nix/var/nix/profiles/default/share/vulkan/implicit_layer.d
[Vulkan Loader] LAYER:             Found no files
[Vulkan Loader] LAYER:          Searching for implicit layer manifest files
[Vulkan Loader] LAYER:             In following locations:
[Vulkan Loader] LAYER:                /Library/Java/JavaVirtualMachines/temurin-25.jdk/Contents/Home/bin/vulkan/implicit_layer.d
[Vulkan Loader] LAYER:                /Users/xyz/.config/vulkan/implicit_layer.d
[Vulkan Loader] LAYER:                /opt/homebrew/etc/xdg/vulkan/implicit_layer.d
[Vulkan Loader] LAYER:                /etc/xdg/vulkan/implicit_layer.d
[Vulkan Loader] LAYER:                /opt/homebrew/etc/vulkan/implicit_layer.d
[Vulkan Loader] LAYER:                /etc/vulkan/implicit_layer.d
[Vulkan Loader] LAYER:                /Users/xyz/.local/share/vulkan/implicit_layer.d
[Vulkan Loader] LAYER:                /usr/local/share/vulkan/implicit_layer.d
[Vulkan Loader] LAYER:                /usr/share/vulkan/implicit_layer.d
[Vulkan Loader] LAYER:                /Users/xyz/.nix-profile/share/vulkan/implicit_layer.d
[Vulkan Loader] LAYER:                /nix/var/nix/profiles/default/share/vulkan/implicit_layer.d
[Vulkan Loader] LAYER:             Found no files
[Vulkan Loader] LAYER:          Searching for explicit layer manifest files
[Vulkan Loader] LAYER:             In following locations:
[Vulkan Loader] LAYER:                /opt/homebrew/opt/vulkan-validationlayers/share/vulkan/explicit_layer.d
[Vulkan Loader] LAYER:             Found the following files:
[Vulkan Loader] LAYER:                /opt/homebrew/opt/vulkan-validationlayers/share/vulkan/explicit_layer.d/VkLayer_khronos_validation.json
[Vulkan Loader] LAYER:          Searching for implicit layer manifest files
[Vulkan Loader] LAYER:             In following locations:
[Vulkan Loader] LAYER:                /Library/Java/JavaVirtualMachines/temurin-25.jdk/Contents/Home/bin/vulkan/implicit_layer.d
[Vulkan Loader] LAYER:                /Users/xyz/.config/vulkan/implicit_layer.d
[Vulkan Loader] LAYER:                /opt/homebrew/etc/xdg/vulkan/implicit_layer.d
[Vulkan Loader] LAYER:                /etc/xdg/vulkan/implicit_layer.d
[Vulkan Loader] LAYER:                /opt/homebrew/etc/vulkan/implicit_layer.d
[Vulkan Loader] LAYER:                /etc/vulkan/implicit_layer.d
[Vulkan Loader] LAYER:                /Users/xyz/.local/share/vulkan/implicit_layer.d
[Vulkan Loader] LAYER:                /usr/local/share/vulkan/implicit_layer.d
[Vulkan Loader] LAYER:                /usr/share/vulkan/implicit_layer.d
[Vulkan Loader] LAYER:                /Users/xyz/.nix-profile/share/vulkan/implicit_layer.d
[Vulkan Loader] LAYER:                /nix/var/nix/profiles/default/share/vulkan/implicit_layer.d
[Vulkan Loader] LAYER:             Found no files
[Vulkan Loader] LAYER:          Searching for implicit layer manifest files
[Vulkan Loader] LAYER:             In following locations:
[Vulkan Loader] LAYER:                /Library/Java/JavaVirtualMachines/temurin-25.jdk/Contents/Home/bin/vulkan/implicit_layer.d
[Vulkan Loader] LAYER:                /Users/xyz/.config/vulkan/implicit_layer.d
[Vulkan Loader] LAYER:                /opt/homebrew/etc/xdg/vulkan/implicit_layer.d
[Vulkan Loader] LAYER:                /etc/xdg/vulkan/implicit_layer.d
[Vulkan Loader] LAYER:                /opt/homebrew/etc/vulkan/implicit_layer.d
[Vulkan Loader] LAYER:                /etc/vulkan/implicit_layer.d
[Vulkan Loader] LAYER:                /Users/xyz/.local/share/vulkan/implicit_layer.d
[Vulkan Loader] LAYER:                /usr/local/share/vulkan/implicit_layer.d
[Vulkan Loader] LAYER:                /usr/share/vulkan/implicit_layer.d
[Vulkan Loader] LAYER:                /Users/xyz/.nix-profile/share/vulkan/implicit_layer.d
[Vulkan Loader] LAYER:                /nix/var/nix/profiles/default/share/vulkan/implicit_layer.d
[Vulkan Loader] LAYER:             Found no files
[21:37:40] [Render thread/WARN] (Minecraft) Enabling Vulkan validation layers
[Vulkan Loader] LAYER:          Searching for explicit layer manifest files
[Vulkan Loader] LAYER:             In following locations:
[Vulkan Loader] LAYER:                /opt/homebrew/opt/vulkan-validationlayers/share/vulkan/explicit_layer.d
[Vulkan Loader] LAYER:             Found the following files:
[Vulkan Loader] LAYER:                /opt/homebrew/opt/vulkan-validationlayers/share/vulkan/explicit_layer.d/VkLayer_khronos_validation.json
[Vulkan Loader] LAYER:          Searching for implicit layer manifest files
[Vulkan Loader] LAYER:             In following locations:
[Vulkan Loader] LAYER:                /Library/Java/JavaVirtualMachines/temurin-25.jdk/Contents/Home/bin/vulkan/implicit_layer.d
[Vulkan Loader] LAYER:                /Users/xyz/.config/vulkan/implicit_layer.d
[Vulkan Loader] LAYER:                /opt/homebrew/etc/xdg/vulkan/implicit_layer.d
[Vulkan Loader] LAYER:                /etc/xdg/vulkan/implicit_layer.d
[Vulkan Loader] LAYER:                /opt/homebrew/etc/vulkan/implicit_layer.d
[Vulkan Loader] LAYER:                /etc/vulkan/implicit_layer.d
[Vulkan Loader] LAYER:                /Users/xyz/.local/share/vulkan/implicit_layer.d
[Vulkan Loader] LAYER:                /usr/local/share/vulkan/implicit_layer.d
[Vulkan Loader] LAYER:                /usr/share/vulkan/implicit_layer.d
[Vulkan Loader] LAYER:                /Users/xyz/.nix-profile/share/vulkan/implicit_layer.d
[Vulkan Loader] LAYER:                /nix/var/nix/profiles/default/share/vulkan/implicit_layer.d
[Vulkan Loader] LAYER:             Found no files
[Vulkan Loader] LAYER:          Searching for implicit layer manifest files
[Vulkan Loader] LAYER:             In following locations:
[Vulkan Loader] LAYER:                /Library/Java/JavaVirtualMachines/temurin-25.jdk/Contents/Home/bin/vulkan/implicit_layer.d
[Vulkan Loader] LAYER:                /Users/xyz/.config/vulkan/implicit_layer.d
[Vulkan Loader] LAYER:                /opt/homebrew/etc/xdg/vulkan/implicit_layer.d
[Vulkan Loader] LAYER:                /etc/xdg/vulkan/implicit_layer.d
[Vulkan Loader] LAYER:                /opt/homebrew/etc/vulkan/implicit_layer.d
[Vulkan Loader] LAYER:                /etc/vulkan/implicit_layer.d
[Vulkan Loader] LAYER:                /Users/xyz/.local/share/vulkan/implicit_layer.d
[Vulkan Loader] LAYER:                /usr/local/share/vulkan/implicit_layer.d
[Vulkan Loader] LAYER:                /usr/share/vulkan/implicit_layer.d
[Vulkan Loader] LAYER:                /Users/xyz/.nix-profile/share/vulkan/implicit_layer.d
[Vulkan Loader] LAYER:                /nix/var/nix/profiles/default/share/vulkan/implicit_layer.d
[Vulkan Loader] LAYER:             Found no files
[Vulkan Loader] LAYER:          Searching for implicit layer manifest files
[Vulkan Loader] LAYER:             In following locations:
[Vulkan Loader] LAYER:                /Library/Java/JavaVirtualMachines/temurin-25.jdk/Contents/Home/bin/vulkan/implicit_layer.d
[Vulkan Loader] LAYER:                /Users/xyz/.config/vulkan/implicit_layer.d
[Vulkan Loader] LAYER:                /opt/homebrew/etc/xdg/vulkan/implicit_layer.d
[Vulkan Loader] LAYER:                /etc/xdg/vulkan/implicit_layer.d
[Vulkan Loader] LAYER:                /opt/homebrew/etc/vulkan/implicit_layer.d
[Vulkan Loader] LAYER:                /etc/vulkan/implicit_layer.d
[Vulkan Loader] LAYER:                /Users/xyz/.local/share/vulkan/implicit_layer.d
[Vulkan Loader] LAYER:                /usr/local/share/vulkan/implicit_layer.d
[Vulkan Loader] LAYER:                /usr/share/vulkan/implicit_layer.d
[Vulkan Loader] LAYER:                /Users/xyz/.nix-profile/share/vulkan/implicit_layer.d
[Vulkan Loader] LAYER:                /nix/var/nix/profiles/default/share/vulkan/implicit_layer.d
[Vulkan Loader] LAYER:             Found no files
[Vulkan Loader] LAYER:          Searching for implicit layer manifest files
[Vulkan Loader] LAYER:             In following locations:
[Vulkan Loader] LAYER:                /Library/Java/JavaVirtualMachines/temurin-25.jdk/Contents/Home/bin/vulkan/implicit_layer.d
[Vulkan Loader] LAYER:                /Users/xyz/.config/vulkan/implicit_layer.d
[Vulkan Loader] LAYER:                /opt/homebrew/etc/xdg/vulkan/implicit_layer.d
[Vulkan Loader] LAYER:                /etc/xdg/vulkan/implicit_layer.d
[Vulkan Loader] LAYER:                /opt/homebrew/etc/vulkan/implicit_layer.d
[Vulkan Loader] LAYER:                /etc/vulkan/implicit_layer.d
[Vulkan Loader] LAYER:                /Users/xyz/.local/share/vulkan/implicit_layer.d
[Vulkan Loader] LAYER:                /usr/local/share/vulkan/implicit_layer.d
[Vulkan Loader] LAYER:                /usr/share/vulkan/implicit_layer.d
[Vulkan Loader] LAYER:                /Users/xyz/.nix-profile/share/vulkan/implicit_layer.d
[Vulkan Loader] LAYER:                /nix/var/nix/profiles/default/share/vulkan/implicit_layer.d
[Vulkan Loader] LAYER:             Found no files
[Vulkan Loader] LAYER:          Searching for implicit layer manifest files
[Vulkan Loader] LAYER:             In following locations:
[Vulkan Loader] LAYER:                /Library/Java/JavaVirtualMachines/temurin-25.jdk/Contents/Home/bin/vulkan/implicit_layer.d
[Vulkan Loader] LAYER:                /Users/xyz/.config/vulkan/implicit_layer.d
[Vulkan Loader] LAYER:                /opt/homebrew/etc/xdg/vulkan/implicit_layer.d
[Vulkan Loader] LAYER:                /etc/xdg/vulkan/implicit_layer.d
[Vulkan Loader] LAYER:                /opt/homebrew/etc/vulkan/implicit_layer.d
[Vulkan Loader] LAYER:                /etc/vulkan/implicit_layer.d
[Vulkan Loader] LAYER:                /Users/xyz/.local/share/vulkan/implicit_layer.d
[Vulkan Loader] LAYER:                /usr/local/share/vulkan/implicit_layer.d
[Vulkan Loader] LAYER:                /usr/share/vulkan/implicit_layer.d
[Vulkan Loader] LAYER:                /Users/xyz/.nix-profile/share/vulkan/implicit_layer.d
[Vulkan Loader] LAYER:                /nix/var/nix/profiles/default/share/vulkan/implicit_layer.d
[Vulkan Loader] LAYER:             Found no files
[Vulkan Loader] LAYER:          Searching for explicit layer manifest files
[Vulkan Loader] LAYER:             In following locations:
[Vulkan Loader] LAYER:                /opt/homebrew/opt/vulkan-validationlayers/share/vulkan/explicit_layer.d
[Vulkan Loader] LAYER:             Found the following files:
[Vulkan Loader] LAYER:                /opt/homebrew/opt/vulkan-validationlayers/share/vulkan/explicit_layer.d/VkLayer_khronos_validation.json
[Vulkan Loader] WARNING | LAYER: env var 'VK_INSTANCE_LAYERS' defined and adding layers "VK_LAYER_KHRONOS_validation"
[Vulkan Loader] WARNING | LAYER: env var 'VK_INSTANCE_LAYERS' defined and adding layers "VK_LAYER_KHRONOS_validation"
[Vulkan Loader] DEBUG | LAYER:  Loading layer library libVkLayer_khronos_validation.dylib
[Vulkan Loader] INFO | LAYER:   Insert instance layer "VK_LAYER_KHRONOS_validation" (/opt/homebrew/Cellar/vulkan-validationlayers/1.4.357.0/lib/libVkLayer_khronos_validation.dylib)
[Vulkan Loader] LAYER:          vkCreateInstance layer callstack setup to:
[Vulkan Loader] LAYER:             <Application>
[Vulkan Loader] LAYER:               ||
[Vulkan Loader] LAYER:             <Loader>
[Vulkan Loader] LAYER:               ||
[Vulkan Loader] LAYER:             VK_LAYER_KHRONOS_validation
[Vulkan Loader] LAYER:                     Type: Explicit
[Vulkan Loader] LAYER:                     Enabled By: Environment Variable VK_INSTANCE_LAYERS
[Vulkan Loader] LAYER:                     Manifest: /opt/homebrew/opt/vulkan-validationlayers/share/vulkan/explicit_layer.d/VkLayer_khronos_validation.json
[Vulkan Loader] LAYER:                     Library:  /opt/homebrew/Cellar/vulkan-validationlayers/1.4.357.0/lib/libVkLayer_khronos_validation.dylib
[Vulkan Loader] LAYER:               ||
[Vulkan Loader] LAYER:             <Drivers>
[21:37:40] [Render thread/WARN] (Voxy) [me.cx.vy.ct.ce.vk.me.McNativeDeviceFeatures]: [native-vk] drawIndirectFirstInstance: offset 40 verified by read-back
[21:37:40] [Render thread/WARN] (Voxy) [me.cx.vy.ct.ce.vk.me.McNativeDeviceFeatures]: [native-vk] shaderInt64: offset 160 verified by read-back
[21:37:40] [Render thread/WARN] (Voxy) [me.cx.vy.ct.ce.vk.me.McNativeDeviceFeatures]: [native-vk] fragmentStoresAndAtomics: offset 104 verified by read-back
[21:37:40] [Render thread/WARN] (Voxy) [me.cx.vy.ct.ce.vk.me.McNativeDeviceFeatures]: [native-vk] vertexPipelineStoresAndAtomics: offset 100 verified by read-back
[21:37:40] [Render thread/INFO] (Voxy) [me.cx.vy.ct.ce.vk.me.McNativeDeviceFeatures]: [native-vk] asked Minecraft's device for [drawIndirectFirstInstance, shaderInt64, fragmentStoresAndAtomics, vertexPipelineStoresAndAtomics] (supported by this device, not requested by Minecraft)
[Vulkan Loader] INFO | LAYER:   Inserted device layer "VK_LAYER_KHRONOS_validation" (/opt/homebrew/Cellar/vulkan-validationlayers/1.4.357.0/lib/libVkLayer_khronos_validation.dylib)
[Vulkan Loader] DRIVER:         vkCreateDevice layer callstack setup to:
[Vulkan Loader] DRIVER:            <Application>
[Vulkan Loader] DRIVER:              ||
[Vulkan Loader] DRIVER:            <Loader>
[Vulkan Loader] DRIVER:              ||
[Vulkan Loader] LAYER:             VK_LAYER_KHRONOS_validation
[Vulkan Loader] LAYER:                     Type: Explicit
[Vulkan Loader] LAYER:                     Enabled By: Environment Variable VK_INSTANCE_LAYERS
[Vulkan Loader] LAYER:                     Manifest: /opt/homebrew/opt/vulkan-validationlayers/share/vulkan/explicit_layer.d/VkLayer_khronos_validation.json
[Vulkan Loader] LAYER:                     Library:  /opt/homebrew/Cellar/vulkan-validationlayers/1.4.357.0/lib/libVkLayer_khronos_validation.dylib
[Vulkan Loader] LAYER:               ||
[Vulkan Loader] DRIVER:            <Device>
[Vulkan Loader] DRIVER:                Using "Apple M4 Pro" with driver: "/opt/homebrew/Cellar/molten-vk/1.4.2/lib/libMoltenVK.dylib"
[Vulkan Loader] LAYER:          Searching for implicit layer manifest files
[Vulkan Loader] LAYER:             In following locations:
[Vulkan Loader] LAYER:                /Library/Java/JavaVirtualMachines/temurin-25.jdk/Contents/Home/bin/vulkan/implicit_layer.d
[Vulkan Loader] LAYER:                /Users/xyz/.config/vulkan/implicit_layer.d
[Vulkan Loader] LAYER:                /opt/homebrew/etc/xdg/vulkan/implicit_layer.d
[Vulkan Loader] LAYER:                /etc/xdg/vulkan/implicit_layer.d
[Vulkan Loader] LAYER:                /opt/homebrew/etc/vulkan/implicit_layer.d
[Vulkan Loader] LAYER:                /etc/vulkan/implicit_layer.d
[Vulkan Loader] LAYER:                /Users/xyz/.local/share/vulkan/implicit_layer.d
[Vulkan Loader] LAYER:                /usr/local/share/vulkan/implicit_layer.d
[Vulkan Loader] LAYER:                /usr/share/vulkan/implicit_layer.d
[Vulkan Loader] LAYER:                /Users/xyz/.nix-profile/share/vulkan/implicit_layer.d
[Vulkan Loader] LAYER:                /nix/var/nix/profiles/default/share/vulkan/implicit_layer.d
[Vulkan Loader] LAYER:             Found no files
[21:37:40] [Render thread/INFO] (Voxy) [me.cx.vy.ct.ce.vk.VkContext]: Vulkan (adopted from the host application): Apple M4 Pro api=1.2.357 driver=0.2.2210 vendorID=0x106b deviceID=0x1b000209 (adopted) queueFamily=0 subgroupSize=32 timestampBits=64 maxPushConstants=4096 minSsboOffsetAlign=16 unifiedMemType=1 metalObjects=false validation=true syncValidation=false
[21:37:40] [Render thread/INFO] (Voxy) [me.cx.vy.ct.ce.vk.me.McNativeVkContext]: [native-vk] adopted Minecraft's Vulkan device into VkContext: true
[21:37:40] [Render thread/INFO] (Voxy) [me.cx.vy.ct.ce.gl.Capabilities]: No OpenGL context on this thread (IllegalStateException); Minecraft is probably not using the OpenGL backend.
[21:37:40] [Render thread/INFO] (Voxy) [me.cx.vy.ct.VoxyClient]: [native-vk] native instance mode: Minecraft is on Vulkan and voxy.native.instance is set; starting Voxy's instance (world engine, storage, ingest) without a render path
[21:37:40] [Render thread/INFO] (Minecraft) Using graphics backend Vulkan, using drivers: 1.2.357 MoltenVK 1.4.2
[21:37:40] [Render thread/INFO] (Minecraft) Using graphics device: Apple M4 Pro (APPLE)
[21:37:40] [Render thread/INFO] (Minecraft) Using graphics device extensions: VK_KHR_portability_subset (D), VK_KHR_synchronization2 (D), VK_EXT_metal_surface (I), VK_EXT_vertex_attribute_divisor (D), VK_KHR_portability_enumeration (I), VK_KHR_swapchain (D), VK_KHR_surface (I), VK_KHR_push_descriptor (D), VK_EXT_debug_utils (I), VK_KHR_dynamic_rendering (D)
[21:37:40] [Download-3/INFO] (Mod Menu/Update Checker) Update available for 'lithium@0.25.1+mc26.2', (-> mc26.2-0.25.3-fabric)
[21:37:40] [Download-3/INFO] (Mod Menu/Update Checker) Update available for 'fabric-api@0.152.2+26.2', (-> 0.161.0+26.2)
[21:37:40] [Download-3/INFO] (Mod Menu/Update Checker) Update available for 'sodium@0.9.2-alpha.3+mc26.2', (-> mc26.2-0.9.2-fabric)
[21:37:40] [Download-3/INFO] (Mod Menu/Update Checker) Update available for 'modmenu@20.0.0', (-> 20.0.3)
[21:37:41] [Download-3/INFO] (Minecraft) Could not authorize you against Realms server: java.lang.RuntimeException: Failed to parse into SignedJWT: FabricMC
[21:37:41] [Render thread/INFO] (Minecraft) Reloading ResourceManager: vanilla, fabric-api, fabric-api-base, fabric-api-lookup-api-v1, fabric-biome-api-v1, fabric-block-api-v1, fabric-block-getter-api-v2, fabric-client-gametest-api-v1, fabric-command-api-v2, fabric-content-registries-v0, fabric-convention-tags-v2, fabric-crash-report-info-v1, fabric-creative-tab-api-v1, fabric-data-attachment-api-v1, fabric-data-generation-api-v1, fabric-debug-api-v1, fabric-dimensions-v1, fabric-entity-events-v1, fabric-events-interaction-v0, fabric-game-rule-api-v1, fabric-gametest-api-v1, fabric-item-api-v1, fabric-key-mapping-api-v1, fabric-lifecycle-events-v1, fabric-loot-api-v3, fabric-menu-api-v1, fabric-message-api-v1, fabric-model-loading-api-v1, fabric-networking-api-v1, fabric-object-builder-api-v1, fabric-particles-v1, fabric-permission-api-v1, fabric-recipe-api-v1, fabric-registry-sync-v0, fabric-renderer-api-v1, fabric-renderer-indigo, fabric-rendering-fluids-v1, fabric-rendering-v1, fabric-resource-conditions-api-v1, fabric-resource-loader-v0, fabric-resource-loader-v1, fabric-screen-api-v1, fabric-serialization-api-v1, fabric-sound-api-v1, fabric-tag-api-v1, fabric-transfer-api-v1, fabric-transitive-access-wideners-v1, fabricloader, lithium, modmenu, sodium, voxy
[21:37:41] [Render thread/INFO] (Voxy) [me.cx.vy.ct.ce.vk.me.McNativeVulkanProbe]: [native-vk] Minecraft graphics backend: LWJGL version 3.4.1-snapshot
  minecraft uses its vulkan backend: true
  backend class: com.mojang.blaze3d.vulkan.VulkanDevice
  device: Apple M4 Pro / vendor APPLE / driver 1.2.357 MoltenVK 1.4.2
  VkInstance=0x78fad07000 VkDevice=0x78ee13c018 vma=0x11e980000
  queue families: graphics=0 compute=3 transfer=3
  colour: label=Main / Color VkImage=0x520000000052 VkImageView=0x560000000056 format=RGBA8_UNORM 1708x960 mips=1 usage=0xf
  depth: label=Main / Depth VkImage=0x540000000054 VkImageView=0x570000000057 format=D32_FLOAT 1708x960 mips=1 usage=0xf
[21:37:41] [Render thread/INFO] (Voxy) [me.cx.vy.ct.ce.vk.me.McNativeVulkanProbe]: [native-vk] Voxy requires 8 device features; supported-but-not-enabled-by-Minecraft=[drawIndirectFirstInstance, shaderInt64, fragmentStoresAndAtomics, vertexPipelineStoresAndAtomics] unsupported=[] zZeroToOne=true
[21:37:41] [Worker-Main-10/INFO] (Minecraft) Found unifont_all_no_pua-17.0.01.hex, loading
[21:37:41] [Render thread/INFO] (Voxy) [me.cx.vy.ct.ce.vk.me.McNativeComputeProbe]: [native-vk] int64 compute on Minecraft's device: wrote and read back 0x123456789abcdef
[21:37:41] [Render thread/INFO] (Voxy) [me.cx.vy.ct.ce.vk.me.McNativeVkContext]: [native-vk] Voxy's own buffer + shader + command pool on Minecraft's device: wrote and read back 0x123456789abcdef
[21:37:41] [Worker-Main-4/INFO] (Minecraft) Found unifont_pua-17.0.01.hex, loading
[21:37:41] [Render thread/INFO] (Voxy) [me.cx.vy.ct.ce.vk.sr.VkShader$Builder]: VkShader 'native-merged-index-probe': 3 bindings, push=4B, stages=[COMPUTE]
[21:37:41] [Render thread/INFO] (Voxy) [me.cx.vy.ct.ce.vk.me.McNativeRealShaderProbe]: [native-vk] Voxy's real shader stack on Minecraft's device: 189 quad ordinals resolved, all matching the CPU reference
[21:37:41] [Worker-Main-8/INFO] (Minecraft) Found unifont_jp_patch-17.0.01.hex, loading
[21:37:42] [Render thread/INFO] (Minecraft) OpenAL initialized on device MacBook Pro Speakers
[21:37:42] [Render thread/INFO] (Minecraft) Sound engine started
[21:37:42] [Render thread/INFO] (Minecraft) Created: 512x256x0 minecraft:textures/atlas/particles.png-atlas
[21:37:42] [Render thread/INFO] (Minecraft) Created: 128x128x0 minecraft:textures/atlas/decorated_pot.png-atlas
[21:37:42] [Render thread/INFO] (Minecraft) Created: 2048x1024x0 minecraft:textures/atlas/armor_trims.png-atlas
[21:37:42] [Render thread/INFO] (Minecraft) Created: 512x256x0 minecraft:textures/atlas/paintings.png-atlas
[21:37:42] [Render thread/INFO] (Minecraft) Created: 1024x512x0 minecraft:textures/atlas/shield_patterns.png-atlas
[21:37:42] [Render thread/INFO] (Minecraft) Created: 2048x2048x4 minecraft:textures/atlas/blocks.png-atlas
[21:37:42] [Render thread/INFO] (Minecraft) Created: 512x512x0 minecraft:textures/atlas/chest.png-atlas
[21:37:42] [Render thread/INFO] (Minecraft) Created: 256x128x0 minecraft:textures/atlas/celestials.png-atlas
[21:37:42] [Render thread/INFO] (Minecraft) Created: 1024x512x0 minecraft:textures/atlas/banner_patterns.png-atlas
[21:37:42] [Render thread/INFO] (Minecraft) Created: 1024x512x0 minecraft:textures/atlas/items.png-atlas
[21:37:42] [Render thread/INFO] (Minecraft) Created: 1024x1024x0 minecraft:textures/atlas/gui.png-atlas
[21:37:42] [Render thread/INFO] (Minecraft) Created: 128x64x0 minecraft:textures/atlas/map_decorations.png-atlas
[21:37:42] [Render thread/INFO] (Minecraft) Created: 512x512x0 minecraft:textures/atlas/shulker_boxes.png-atlas
[21:37:42] [Render thread/INFO] (Voxy) [me.cx.vy.ct.cg.VoxyConfig]: Config file doesnt exist, creating new
[21:37:42] [Render thread/INFO] (Minecraft) [STDOUT]: [voxy-harness] stage=create
[21:37:43] [Download-3/INFO] (Minecraft) Could not authorize you against Realms server: java.lang.RuntimeException: Failed to parse into SignedJWT: FabricMC
[21:37:43] [Render thread/INFO] (Minecraft) Found new data pack fabric-convention-tags-v2, loading it automatically
[21:37:43] [Render thread/INFO] (Minecraft) Found new data pack fabric-gametest-api-v1, loading it automatically
[21:37:43] [Render thread/INFO] (Minecraft) Loaded 1585 recipes
[21:37:43] [Render thread/INFO] (Minecraft) Loaded 1688 advancements
[21:37:43] [Render thread/INFO] (BiomeModificationImpl) Applied 0 biome modifications to 0 of 66 new biomes in 548.8 μs
[21:37:43] [Server thread/INFO] (Minecraft) Starting integrated minecraft server version 26.2
[21:37:43] [Server thread/INFO] (Minecraft) Generating keypair
[21:37:43] [Server thread/INFO] (Minecraft) Selecting global world spawn...
[21:37:44] [Server thread/INFO] (Minecraft) Loading 0 persistent chunks...
[21:37:44] [Server thread/INFO] (Minecraft) Preparing spawn area: 16%
[21:37:44] [Server thread/INFO] (Minecraft) Saving chunks for level 'ServerLevel[voxy-harness]'/minecraft:overworld
[21:37:44] [Server thread/INFO] (Minecraft) Saving chunks for level 'ServerLevel[voxy-harness]'/minecraft:the_end
[21:37:44] [Server thread/INFO] (Minecraft) Saving chunks for level 'ServerLevel[voxy-harness]'/minecraft:the_nether
[21:37:44] [Server thread/INFO] (Minecraft) ThreadedAnvilChunkStorage (world): All chunks are saved
[21:37:44] [Server thread/INFO] (Minecraft) ThreadedAnvilChunkStorage (DIM1): All chunks are saved
[21:37:44] [Server thread/INFO] (Minecraft) ThreadedAnvilChunkStorage (DIM-1): All chunks are saved
[21:37:44] [Server thread/INFO] (Minecraft) ThreadedAnvilChunkStorage: All dimensions are saved
[21:37:45] [Server thread/INFO] (Minecraft) Loading 47 chunks for player spawn...
[21:37:45] [Server thread/INFO] (Minecraft) Preparing spawn area: 16%
[21:37:45] [Server thread/INFO] (Minecraft) Preparing spawn area: 16%
[21:37:45] [Server thread/INFO] (Minecraft) Preparing spawn area: 16%
[21:37:45] [Server thread/INFO] (Minecraft) Preparing spawn area: 25%
[21:37:46] [Server thread/INFO] (Minecraft) Preparing spawn area: 57%
[21:37:46] [Server thread/INFO] (Minecraft) Time elapsed: 2584 ms
[21:37:46] [Server thread/INFO] (Minecraft) Player699[local:E:d133b449] logged in with entity id 5 at (-6.5, 66.0, 4.5)
[21:37:46] [Server thread/INFO] (Minecraft) Player699 joined the game
[21:37:46] [Render thread/INFO] (Voxy) [me.cx.vy.cl.VoxyInstance]: Initializing voxy instance
[21:37:46] [Render thread/INFO] (Voxy) [me.cx.vy.cl.VoxyInstance]: Dedicated voxy thread pool size: 9
[21:37:46] [Render thread/INFO] (Voxy) [me.cx.vy.cl.VoxyInstance]: Creating new world engine: 7462760223788803275@554270776
[21:37:46] [Server thread/INFO] (Minecraft) Changing view distance to 8, from 10
[21:37:46] [Server thread/INFO] (Minecraft) Changing simulation distance to 5, from 0
[21:37:47] [Render thread/INFO] (Voxy) [nt.mt.ct.rr.LevelRenderer]: [native-vk] native instance mode: world engine created; no renderer
[21:37:47] [Render thread/INFO] (ChunkBuilder) Started 8 worker threads
[21:37:47] [Render thread/INFO] (Voxy) [me.cx.vy.cl.VoxyInstance]: Dedicated voxy thread pool size: 1
[21:37:47] [Render thread/INFO] (Minecraft) Loaded 2 advancements
[21:37:47] [Render thread/INFO] (ChunkBuilder) Stopping worker threads
[21:37:47] [Render thread/INFO] (ChunkBuilder) Started 8 worker threads
[21:37:47] [Render thread/INFO] (Voxy) [me.cx.vy.ct.ce.vk.sr.VkShader$Builder]: VkShader 'vk-terrain-per_section': 8 bindings, push=0B, stages=[VERTEX, FRAGMENT]
[21:37:47] [Download-3/ERROR] (Minecraft) Failed to retrieve profile key pair

MinecraftClientHttpException[type=HTTP_ERROR, status=401, response=ErrorResponse[path=/player/certificates, error=null, errorMessage=null, details=null]]
	at knot//com.mojang.authlib.minecraft.client.MinecraftClient.buildHttpException(MinecraftClient.java:170)
	at knot//com.mojang.authlib.minecraft.client.MinecraftClient.readServiceResponse(MinecraftClient.java:147)
	at knot//com.mojang.authlib.minecraft.client.MinecraftClient.post(MinecraftClient.java:89)
	at knot//com.mojang.authlib.yggdrasil.YggdrasilUserApiService.getKeyPair(YggdrasilUserApiService.java:62)
	at knot//net.minecraft.client.multiplayer.AccountProfileKeyPairManager.fetchProfileKeyPair(AccountProfileKeyPairManager.java:128)
	at knot//net.minecraft.client.multiplayer.AccountProfileKeyPairManager.lambda$readOrFetchProfileKeyPair$0(AccountProfileKeyPairManager.java:77)
	at java.base/java.util.concurrent.CompletableFuture$AsyncSupply.run(CompletableFuture.java:1789)
	at java.base/java.util.concurrent.ThreadPoolExecutor.runWorker(ThreadPoolExecutor.java:1090)
	at java.base/java.util.concurrent.ThreadPoolExecutor$Worker.run(ThreadPoolExecutor.java:614)
	at java.base/java.lang.Thread.run(Thread.java:1474)
[21:37:47] [Render thread/INFO] (Voxy) [me.cx.vy.ct.ce.vk.me.McNativeTerrainScene]: [native-vk] terrain reference on the adopted device: 20663 of 1639680 pixels are not background
[21:37:47] [Render thread/INFO] (Voxy) [me.cx.vy.ct.ce.vk.me.McNativeInstanceProbe]: [native-vk] native instance at frame 1 stage=create factory=true instance=true engine=true live=true activeSections=0 renderer=false ingest=true cameraCaptures=1 storedNearCamera=3
[21:37:47] [Render thread/INFO] (Voxy) [me.cx.vy.ct.ce.vk.me.McNativeMarkerDraw]: [native-vk] created the marker pipelines on Minecraft's device (colour 37, depth 126)
[21:37:47] [Render thread/INFO] (Minecraft) Resizing Dynamic Transforms UBO, capacity limit of 2 reached during a single frame. New capacity will be 4.
[21:37:47] [Render thread/INFO] (Minecraft) [STDOUT]: [voxy-harness] stage=warmup
[21:37:47] [Server thread/INFO] (Minecraft) [Player699: Set minecraft:overworld to time marker minecraft:noon]
[21:37:47] [Server thread/INFO] (Minecraft) [Player699: Set the weather to clear]
[21:37:47] [Server thread/INFO] (Minecraft) [Player699: Teleported Player699 to 0.500000, 120.000000, 0.500000]
[21:37:47] [Render thread/INFO] (Minecraft) Resizing Dynamic Transforms UBO, capacity limit of 4 reached during a single frame. New capacity will be 8.
[21:37:47] [Dedicated Voxy Worker #8/WARN] (Voxy) [me.cx.vy.cn.wd.ActiveSectionTracker]: section raced to save queue, we lost
[21:37:47] [Render thread/INFO] (Voxy) [me.cx.vy.ct.ce.vk.me.McNativeDepthProbe]: [native-vk] read Minecraft's depth image back: 1708x960 min=0.0 max=1.1986134E-5 top=0.0 bottom=4.086049E-6 cleared~0.03125 (100% of the frame); observed min 0.0, max 1.1986134E-5, top band 0.0, bottom band 4.086049E-6 over 1639680 pixels. THE Z CONVENTION IS NOT INFERRED FROM THIS: which screen region is nearer is not known, so band order says nothing about the direction of depth. It must be measured by drawing at known depths against a loaded attachment.
[21:37:47] [Render thread/INFO] (Minecraft) [System] [CHAT] Set minecraft:overworld to time marker minecraft:noon
[21:37:47] [Render thread/INFO] (Minecraft) [System] [CHAT] Set the weather to clear
[21:37:47] [Render thread/INFO] (Minecraft) [System] [CHAT] Teleported Player699 to 0.500000, 120.000000, 0.500000
[21:37:47] [Render thread/INFO] (Voxy) [me.cx.vy.ct.ce.vk.me.McNativeTerrainProbe]: [native-vk] Voxy's terrain pipeline on Minecraft's frame: set=20663 reference=20663 mismatches=0 (pixel-identical to Voxy's own target)
[21:37:47] [Render thread/INFO] (Voxy) [me.cx.vy.ct.ce.vk.me.McNativeMarkerDraw]: [native-vk] read Minecraft's colour image back: near=9792 far=6432 rejectedInBox=0 control=3230 (as expected)
[21:37:48] [Chunk Render Task Executor #4/WARN] (Voxy) [me.cx.vy.cn.wd.ActiveSectionTracker]: section raced to save queue, we lost
[21:37:48] [Render thread/INFO] (Voxy) [me.cx.vy.ct.ce.vk.me.McNativeInstanceProbe]: [native-vk] native instance at frame 60 stage=warmup factory=true instance=true engine=true live=true activeSections=0 renderer=false ingest=true cameraCaptures=60 storedNearCamera=22
[21:37:48] [Chunk Render Task Executor #0/WARN] (Voxy) [me.cx.vy.cn.wd.ActiveSectionTracker]: section raced to save queue, we lost
[21:37:48] [Chunk Render Task Executor #7/INFO] (Voxy) [me.cx.vy.cn.wd.ActiveSectionTracker]: section raced to into save queue, we lost
[21:37:48] [Dedicated Voxy Worker #8/WARN] (Voxy) [me.cx.vy.cn.wd.ActiveSectionTracker]: section raced to save queue, we lost
[21:37:49] [Chunk Render Task Executor #2/INFO] (Voxy) [me.cx.vy.cn.wd.ActiveSectionTracker]: section raced to into save queue, we lost
[21:37:49] [Chunk Render Task Executor #1/INFO] (Voxy) [me.cx.vy.cn.wd.ActiveSectionTracker]: section raced to into save queue, we lost
[21:37:49] [Render thread/INFO] (Voxy) [me.cx.vy.ct.ce.vk.me.McNativeInstanceProbe]: [native-vk] native instance at frame 120 stage=warmup factory=true instance=true engine=true live=true activeSections=0 renderer=false ingest=true cameraCaptures=120 storedNearCamera=22
[21:37:49] [Chunk Render Task Executor #6/WARN] (Voxy) [me.cx.vy.cn.wd.ActiveSectionTracker]: section raced to save queue, we lost
[21:37:49] [Dedicated Voxy Worker #8/WARN] (Voxy) [me.cx.vy.cn.wd.ActiveSectionTracker]: section raced to save queue, we lost
[21:37:49] [Chunk Render Task Executor #3/WARN] (Voxy) [me.cx.vy.cn.wd.ActiveSectionTracker]: section raced to save queue, we lost
[21:37:49] [Chunk Render Task Executor #0/INFO] (Voxy) [me.cx.vy.cn.wd.ActiveSectionTracker]: section raced to into save queue, we lost
[21:37:50] [Chunk Render Task Executor #7/WARN] (Voxy) [me.cx.vy.cn.wd.ActiveSectionTracker]: section raced to save queue, we lost
[21:37:50] [Chunk Render Task Executor #2/WARN] (Voxy) [me.cx.vy.cn.wd.ActiveSectionTracker]: section raced to save queue, we lost
[21:37:50] [Dedicated Voxy Worker #8/WARN] (Voxy) [me.cx.vy.cn.wd.ActiveSectionTracker]: section raced to save queue, we lost
[21:37:50] [Dedicated Voxy Worker #8/WARN] (Voxy) [me.cx.vy.cn.wd.ActiveSectionTracker]: section raced to save queue, we lost
[21:37:50] [Chunk Render Task Executor #1/WARN] (Voxy) [me.cx.vy.cn.wd.ActiveSectionTracker]: section raced to save queue, we lost
[21:37:50] [Render thread/INFO] (Voxy) [me.cx.vy.ct.ce.vk.me.McNativeInstanceProbe]: [native-vk] native instance at frame 180 stage=warmup factory=true instance=true engine=true live=true activeSections=43 renderer=false ingest=true cameraCaptures=180 storedNearCamera=22
[21:37:51] [Render thread/INFO] (Voxy) [me.cx.vy.ct.ce.vk.me.McNativeInstanceProbe]: [native-vk] native instance at frame 240 stage=warmup factory=true instance=true engine=true live=true activeSections=0 renderer=false ingest=true cameraCaptures=240 storedNearCamera=22
[21:37:51] [Render thread/INFO] (Voxy) [me.cx.vy.ct.ce.vk.me.McNativeTerrainProbe]: [native-vk] Voxy's terrain pipeline on Minecraft's frame: set=20663 reference=20663 mismatches=0 (pixel-identical to Voxy's own target)
[21:37:51] [Render thread/INFO] (Voxy) [me.cx.vy.ct.ce.vk.me.McNativeMarkerDraw]: [native-vk] read Minecraft's colour image back: near=9792 far=6432 rejectedInBox=0 control=3230 (as expected)
[21:37:52] [Render thread/INFO] (Voxy) [me.cx.vy.ct.ce.vk.me.McNativeInstanceProbe]: [native-vk] native instance at frame 300 stage=warmup factory=true instance=true engine=true live=true activeSections=0 renderer=false ingest=true cameraCaptures=300 storedNearCamera=22
[21:37:53] [Render thread/INFO] (Voxy) [me.cx.vy.ct.ce.vk.me.McNativeInstanceProbe]: [native-vk] native instance at frame 360 stage=warmup factory=true instance=true engine=true live=true activeSections=0 renderer=false ingest=true cameraCaptures=360 storedNearCamera=22
[21:37:54] [Render thread/INFO] (Voxy) [me.cx.vy.ct.ce.vk.me.McNativeInstanceProbe]: [native-vk] native instance at frame 420 stage=warmup factory=true instance=true engine=true live=true activeSections=0 renderer=false ingest=true cameraCaptures=420 storedNearCamera=22
[21:37:55] [Render thread/INFO] (Voxy) [me.cx.vy.ct.ce.vk.me.McNativeInstanceProbe]: [native-vk] native instance at frame 480 stage=warmup factory=true instance=true engine=true live=true activeSections=0 renderer=false ingest=true cameraCaptures=480 storedNearCamera=22
[21:37:55] [Render thread/INFO] (Voxy) [me.cx.vy.ct.ce.vk.me.McNativeTerrainProbe]: [native-vk] Voxy's terrain pipeline on Minecraft's frame: set=20663 reference=20663 mismatches=0 (pixel-identical to Voxy's own target)
[21:37:55] [Render thread/INFO] (Voxy) [me.cx.vy.ct.ce.vk.me.McNativeMarkerDraw]: [native-vk] read Minecraft's colour image back: near=9792 far=6432 rejectedInBox=0 control=3230 (as expected)
[21:37:56] [Render thread/INFO] (Voxy) [me.cx.vy.ct.ce.vk.me.McNativeInstanceProbe]: [native-vk] native instance at frame 540 stage=warmup factory=true instance=true engine=true live=true activeSections=0 renderer=false ingest=true cameraCaptures=540 storedNearCamera=22
[21:37:57] [Render thread/INFO] (Minecraft) [STDOUT]: [voxy-harness] stage=turn
[21:37:57] [Render thread/INFO] (Voxy) [me.cx.vy.ct.ce.vk.me.McNativeInstanceProbe]: [native-vk] native instance at frame 600 stage=turn factory=true instance=true engine=true live=true activeSections=0 renderer=false ingest=true cameraCaptures=600 storedNearCamera=22
[21:37:58] [Render thread/INFO] (Voxy) [me.cx.vy.ct.ce.vk.me.McNativeInstanceProbe]: [native-vk] native instance at frame 660 stage=turn factory=true instance=true engine=true live=true activeSections=0 renderer=false ingest=true cameraCaptures=660 storedNearCamera=22
[21:37:59] [Render thread/INFO] (Voxy) [me.cx.vy.ct.ce.vk.me.McNativeInstanceProbe]: [native-vk] native instance at frame 720 stage=turn factory=true instance=true engine=true live=true activeSections=0 renderer=false ingest=true cameraCaptures=720 storedNearCamera=22
[21:38:00] [Render thread/INFO] (Voxy) [me.cx.vy.ct.ce.vk.me.McNativeTerrainProbe]: [native-vk] Voxy's terrain pipeline on Minecraft's frame: set=20663 reference=20663 mismatches=0 (pixel-identical to Voxy's own target)
[21:38:00] [Render thread/INFO] (Voxy) [me.cx.vy.ct.ce.vk.me.McNativeMarkerDraw]: [native-vk] read Minecraft's colour image back: near=9792 far=6432 rejectedInBox=0 control=3230 (as expected)
[21:38:01] [Render thread/INFO] (Voxy) [me.cx.vy.ct.ce.vk.me.McNativeInstanceProbe]: [native-vk] native instance at frame 780 stage=turn factory=true instance=true engine=true live=true activeSections=0 renderer=false ingest=true cameraCaptures=780 storedNearCamera=22
[21:38:02] [Render thread/INFO] (Voxy) [me.cx.vy.ct.ce.vk.me.McNativeInstanceProbe]: [native-vk] native instance at frame 840 stage=turn factory=true instance=true engine=true live=true activeSections=0 renderer=false ingest=true cameraCaptures=840 storedNearCamera=22
[21:38:03] [Render thread/INFO] (Voxy) [me.cx.vy.ct.ce.vk.me.McNativeInstanceProbe]: [native-vk] native instance at frame 900 stage=turn factory=true instance=true engine=true live=true activeSections=0 renderer=false ingest=true cameraCaptures=900 storedNearCamera=22
[21:38:04] [Render thread/INFO] (Voxy) [me.cx.vy.ct.ce.vk.me.McNativeInstanceProbe]: [native-vk] native instance at frame 960 stage=turn factory=true instance=true engine=true live=true activeSections=0 renderer=false ingest=true cameraCaptures=960 storedNearCamera=22
[21:38:04] [Render thread/INFO] (Voxy) [me.cx.vy.ct.ce.vk.me.McNativeTerrainProbe]: [native-vk] Voxy's terrain pipeline on Minecraft's frame: set=20663 reference=20663 mismatches=0 (pixel-identical to Voxy's own target)
[21:38:04] [Render thread/INFO] (Voxy) [me.cx.vy.ct.ce.vk.me.McNativeMarkerDraw]: [native-vk] read Minecraft's colour image back: near=9792 far=6432 rejectedInBox=0 control=3230 (as expected)
[21:38:05] [Render thread/INFO] (Voxy) [me.cx.vy.ct.ce.vk.me.McNativeInstanceProbe]: [native-vk] native instance at frame 1020 stage=turn factory=true instance=true engine=true live=true activeSections=0 renderer=false ingest=true cameraCaptures=1020 storedNearCamera=22
[21:38:06] [Render thread/INFO] (Voxy) [me.cx.vy.ct.ce.vk.me.McNativeInstanceProbe]: [native-vk] native instance at frame 1080 stage=turn factory=true instance=true engine=true live=true activeSections=0 renderer=false ingest=true cameraCaptures=1080 storedNearCamera=22
[21:38:07] [Render thread/INFO] (Voxy) [me.cx.vy.ct.ce.vk.me.McNativeInstanceProbe]: [native-vk] native instance at frame 1140 stage=turn factory=true instance=true engine=true live=true activeSections=0 renderer=false ingest=true cameraCaptures=1140 storedNearCamera=22
[21:38:08] [Render thread/INFO] (Voxy) [me.cx.vy.ct.ce.vk.me.McNativeInstanceProbe]: [native-vk] native instance at frame 1200 stage=turn factory=true instance=true engine=true live=true activeSections=0 renderer=false ingest=true cameraCaptures=1200 storedNearCamera=22
[21:38:08] [Render thread/INFO] (Voxy) [me.cx.vy.ct.ce.vk.me.McNativeTerrainProbe]: [native-vk] Voxy's terrain pipeline on Minecraft's frame: set=20663 reference=20663 mismatches=0 (pixel-identical to Voxy's own target)
[21:38:08] [Render thread/INFO] (Voxy) [me.cx.vy.ct.ce.vk.me.McNativeMarkerDraw]: [native-vk] read Minecraft's colour image back: near=9792 far=6432 rejectedInBox=0 control=3230 (as expected)
[21:38:08] [Render thread/INFO] (Minecraft) [STDOUT]: [voxy-harness] stage=travel
[21:38:08] [Server thread/INFO] (Minecraft) [Player699: Teleported Player699 to 768.500000, 120.000000, 0.500000]
[21:38:08] [Render thread/INFO] (Minecraft) [System] [CHAT] Teleported Player699 to 768.500000, 120.000000, 0.500000
[21:38:09] [Render thread/INFO] (Voxy) [me.cx.vy.ct.ce.vk.me.McNativeInstanceProbe]: [native-vk] native instance at frame 1260 stage=travel factory=true instance=true engine=true live=true activeSections=47 renderer=false ingest=true cameraCaptures=1260 storedNearCamera=2
[21:38:09] [Chunk Render Task Executor #0/INFO] (Voxy) [me.cx.vy.cn.wd.ActiveSectionTracker]: section raced to into save queue, we lost
[21:38:09] [Chunk Render Task Executor #6/INFO] (Voxy) [me.cx.vy.cn.wd.ActiveSectionTracker]: section raced to into save queue, we lost
[21:38:09] [Chunk Render Task Executor #2/INFO] (Voxy) [me.cx.vy.cn.wd.ActiveSectionTracker]: section raced to into save queue, we lost
[21:38:09] [Chunk Render Task Executor #3/INFO] (Voxy) [me.cx.vy.cn.wd.ActiveSectionTracker]: section raced to into save queue, we lost
[21:38:09] [Chunk Render Task Executor #4/INFO] (Voxy) [me.cx.vy.cn.wd.ActiveSectionTracker]: section raced to into save queue, we lost
[21:38:09] [Chunk Render Task Executor #5/WARN] (Voxy) [me.cx.vy.cn.wd.ActiveSectionTracker]: section raced to save queue, we lost
[21:38:09] [Chunk Render Task Executor #0/INFO] (Voxy) [me.cx.vy.cn.wd.ActiveSectionTracker]: section raced to into save queue, we lost
[21:38:10] [Render thread/INFO] (Voxy) [me.cx.vy.ct.ce.vk.me.McNativeInstanceProbe]: [native-vk] native instance at frame 1320 stage=travel factory=true instance=true engine=true live=true activeSections=0 renderer=false ingest=true cameraCaptures=1320 storedNearCamera=9
[21:38:10] [Dedicated Voxy Worker #8/WARN] (Voxy) [me.cx.vy.cn.wd.ActiveSectionTracker]: section raced to save queue, we lost
[21:38:10] [Chunk Render Task Executor #0/INFO] (Voxy) [me.cx.vy.cn.wd.ActiveSectionTracker]: section raced to into save queue, we lost
[21:38:10] [Chunk Render Task Executor #1/WARN] (Voxy) [me.cx.vy.cn.wd.ActiveSectionTracker]: section raced to save queue, we lost
[21:38:10] [Chunk Render Task Executor #5/WARN] (Voxy) [me.cx.vy.cn.wd.ActiveSectionTracker]: section raced to save queue, we lost
[21:38:10] [Chunk Render Task Executor #7/WARN] (Voxy) [me.cx.vy.cn.wd.ActiveSectionTracker]: section raced to save queue, we lost
[21:38:10] [Chunk Render Task Executor #7/INFO] (Voxy) [me.cx.vy.cn.wd.ActiveSectionTracker]: section raced to into save queue, we lost
[21:38:11] [Render thread/INFO] (Voxy) [me.cx.vy.ct.ce.vk.me.McNativeInstanceProbe]: [native-vk] native instance at frame 1380 stage=travel factory=true instance=true engine=true live=true activeSections=0 renderer=false ingest=true cameraCaptures=1380 storedNearCamera=9
[21:38:11] [Chunk Render Task Executor #7/WARN] (Voxy) [me.cx.vy.cn.wd.ActiveSectionTracker]: section raced to save queue, we lost
[21:38:12] [Render thread/INFO] (Voxy) [me.cx.vy.ct.ce.vk.me.McNativeInstanceProbe]: [native-vk] native instance at frame 1440 stage=travel factory=true instance=true engine=true live=true activeSections=0 renderer=false ingest=true cameraCaptures=1440 storedNearCamera=9
[21:38:12] [Render thread/INFO] (Voxy) [me.cx.vy.ct.ce.vk.me.McNativeTerrainProbe]: [native-vk] Voxy's terrain pipeline on Minecraft's frame: set=20663 reference=20663 mismatches=0 (pixel-identical to Voxy's own target)
[21:38:12] [Render thread/INFO] (Voxy) [me.cx.vy.ct.ce.vk.me.McNativeMarkerDraw]: [native-vk] read Minecraft's colour image back: near=9792 far=6432 rejectedInBox=0 control=3230 (as expected)
[21:38:12] [Chunk Render Task Executor #2/WARN] (Voxy) [me.cx.vy.cn.wd.ActiveSectionTracker]: section raced to save queue, we lost
[21:38:12] [Chunk Render Task Executor #3/WARN] (Voxy) [me.cx.vy.cn.wd.ActiveSectionTracker]: section raced to save queue, we lost
[21:38:12] [Chunk Render Task Executor #7/WARN] (Voxy) [me.cx.vy.cn.wd.ActiveSectionTracker]: section raced to save queue, we lost
[21:38:13] [Dedicated Voxy Worker #8/WARN] (Voxy) [me.cx.vy.cn.wd.ActiveSectionTracker]: section raced to save queue, we lost
[21:38:13] [Chunk Render Task Executor #1/INFO] (Voxy) [me.cx.vy.cn.wd.ActiveSectionTracker]: section raced to into save queue, we lost
[21:38:13] [Chunk Render Task Executor #1/INFO] (Voxy) [me.cx.vy.cn.wd.ActiveSectionTracker]: section raced to into save queue, we lost
[21:38:13] [Render thread/INFO] (Voxy) [me.cx.vy.ct.ce.vk.me.McNativeInstanceProbe]: [native-vk] native instance at frame 1500 stage=travel factory=true instance=true engine=true live=true activeSections=0 renderer=false ingest=true cameraCaptures=1500 storedNearCamera=9
[21:38:14] [Render thread/INFO] (Voxy) [me.cx.vy.ct.ce.vk.me.McNativeInstanceProbe]: [native-vk] native instance at frame 1560 stage=travel factory=true instance=true engine=true live=true activeSections=0 renderer=false ingest=true cameraCaptures=1560 storedNearCamera=9
[21:38:15] [Render thread/INFO] (Voxy) [me.cx.vy.ct.ce.vk.me.McNativeInstanceProbe]: [native-vk] native instance at frame 1620 stage=travel factory=true instance=true engine=true live=true activeSections=0 renderer=false ingest=true cameraCaptures=1620 storedNearCamera=9
[21:38:16] [Render thread/INFO] (Voxy) [me.cx.vy.ct.ce.vk.me.McNativeInstanceProbe]: [native-vk] native instance at frame 1680 stage=travel factory=true instance=true engine=true live=true activeSections=0 renderer=false ingest=true cameraCaptures=1680 storedNearCamera=9
[21:38:16] [Render thread/INFO] (Voxy) [me.cx.vy.ct.ce.vk.me.McNativeTerrainProbe]: [native-vk] Voxy's terrain pipeline on Minecraft's frame: set=20663 reference=20663 mismatches=0 (pixel-identical to Voxy's own target)
[21:38:16] [Render thread/INFO] (Voxy) [me.cx.vy.ct.ce.vk.me.McNativeMarkerDraw]: [native-vk] read Minecraft's colour image back: near=9792 far=6432 rejectedInBox=0 control=3230 (as expected)
[21:38:17] [Render thread/INFO] (Voxy) [me.cx.vy.ct.ce.vk.me.McNativeInstanceProbe]: [native-vk] native instance at frame 1740 stage=travel factory=true instance=true engine=true live=true activeSections=0 renderer=false ingest=true cameraCaptures=1740 storedNearCamera=9
[21:38:18] [Render thread/INFO] (Voxy) [me.cx.vy.ct.ce.vk.me.McNativeInstanceProbe]: [native-vk] native instance at frame 1800 stage=travel factory=true instance=true engine=true live=true activeSections=0 renderer=false ingest=true cameraCaptures=1800 storedNearCamera=9
[21:38:18] [Server thread/INFO] (Minecraft) [Player699: Teleported Player699 to 2560.500000, 120.000000, 0.500000]
[21:38:18] [Render thread/INFO] (Minecraft) [System] [CHAT] Teleported Player699 to 2560.500000, 120.000000, 0.500000
[21:38:18] [Chunk Render Task Executor #3/WARN] (Voxy) [me.cx.vy.cn.wd.ActiveSectionTracker]: section raced to save queue, we lost
[21:38:19] [Render thread/INFO] (Voxy) [me.cx.vy.ct.ce.vk.me.McNativeInstanceProbe]: [native-vk] native instance at frame 1860 stage=travel factory=true instance=true engine=true live=true activeSections=0 renderer=false ingest=true cameraCaptures=1860 storedNearCamera=0
[21:38:19] [Chunk Render Task Executor #1/WARN] (Voxy) [me.cx.vy.cn.wd.ActiveSectionTracker]: section raced to save queue, we lost
[21:38:19] [Chunk Render Task Executor #2/WARN] (Voxy) [me.cx.vy.cn.wd.ActiveSectionTracker]: section raced to save queue, we lost
[21:38:20] [Render thread/INFO] (Voxy) [me.cx.vy.ct.ce.vk.me.McNativeInstanceProbe]: [native-vk] native instance at frame 1920 stage=travel factory=true instance=true engine=true live=true activeSections=0 renderer=false ingest=true cameraCaptures=1920 storedNearCamera=26
[21:38:20] [Chunk Render Task Executor #7/WARN] (Voxy) [me.cx.vy.cn.wd.ActiveSectionTracker]: section raced to save queue, we lost
[21:38:20] [Render thread/INFO] (Voxy) [me.cx.vy.ct.ce.vk.me.McNativeTerrainProbe]: [native-vk] Voxy's terrain pipeline on Minecraft's frame: set=20663 reference=20663 mismatches=0 (pixel-identical to Voxy's own target)
[21:38:20] [Render thread/INFO] (Voxy) [me.cx.vy.ct.ce.vk.me.McNativeMarkerDraw]: [native-vk] read Minecraft's colour image back: near=9792 far=6432 rejectedInBox=0 control=3230 (as expected)
[21:38:21] [Render thread/INFO] (Voxy) [me.cx.vy.ct.ce.vk.me.McNativeInstanceProbe]: [native-vk] native instance at frame 1980 stage=travel factory=true instance=true engine=true live=true activeSections=0 renderer=false ingest=true cameraCaptures=1980 storedNearCamera=26
[21:38:22] [Render thread/INFO] (Voxy) [me.cx.vy.ct.ce.vk.me.McNativeInstanceProbe]: [native-vk] native instance at frame 2040 stage=travel factory=true instance=true engine=true live=true activeSections=0 renderer=false ingest=true cameraCaptures=2040 storedNearCamera=26
[21:38:23] [Render thread/INFO] (Voxy) [me.cx.vy.ct.ce.vk.me.McNativeInstanceProbe]: [native-vk] native instance at frame 2100 stage=travel factory=true instance=true engine=true live=true activeSections=0 renderer=false ingest=true cameraCaptures=2100 storedNearCamera=26
[21:38:23] [Chunk Render Task Executor #6/INFO] (Voxy) [me.cx.vy.cn.wd.ActiveSectionTracker]: section raced to into save queue, we lost
[21:38:24] [Render thread/INFO] (Voxy) [me.cx.vy.ct.ce.vk.me.McNativeInstanceProbe]: [native-vk] native instance at frame 2160 stage=travel factory=true instance=true engine=true live=true activeSections=46 renderer=false ingest=true cameraCaptures=2160 storedNearCamera=26
[21:38:24] [Render thread/INFO] (Voxy) [me.cx.vy.ct.ce.vk.me.McNativeTerrainProbe]: [native-vk] Voxy's terrain pipeline on Minecraft's frame: set=20663 reference=20663 mismatches=0 (pixel-identical to Voxy's own target)
[21:38:24] [Render thread/INFO] (Voxy) [me.cx.vy.ct.ce.vk.me.McNativeMarkerDraw]: [native-vk] read Minecraft's colour image back: near=9792 far=6432 rejectedInBox=0 control=3230 (as expected)
[21:38:25] [Render thread/INFO] (Voxy) [me.cx.vy.ct.ce.vk.me.McNativeInstanceProbe]: [native-vk] native instance at frame 2220 stage=travel factory=true instance=true engine=true live=true activeSections=0 renderer=false ingest=true cameraCaptures=2220 storedNearCamera=26
[21:38:26] [Render thread/INFO] (Voxy) [me.cx.vy.ct.ce.vk.me.McNativeInstanceProbe]: [native-vk] native instance at frame 2280 stage=travel factory=true instance=true engine=true live=true activeSections=0 renderer=false ingest=true cameraCaptures=2280 storedNearCamera=26
[21:38:27] [Render thread/INFO] (Voxy) [me.cx.vy.ct.ce.vk.me.McNativeInstanceProbe]: [native-vk] native instance at frame 2340 stage=travel factory=true instance=true engine=true live=true activeSections=0 renderer=false ingest=true cameraCaptures=2340 storedNearCamera=26
[21:38:28] [Render thread/INFO] (Voxy) [me.cx.vy.ct.ce.vk.me.McNativeInstanceProbe]: [native-vk] native instance at frame 2400 stage=travel factory=true instance=true engine=true live=true activeSections=0 renderer=false ingest=true cameraCaptures=2400 storedNearCamera=26
[21:38:28] [Render thread/INFO] (Voxy) [me.cx.vy.ct.ce.vk.me.McNativeTerrainProbe]: [native-vk] Voxy's terrain pipeline on Minecraft's frame: set=20663 reference=20663 mismatches=0 (pixel-identical to Voxy's own target)
[21:38:28] [Render thread/INFO] (Voxy) [me.cx.vy.ct.ce.vk.me.McNativeMarkerDraw]: [native-vk] read Minecraft's colour image back: near=9792 far=6432 rejectedInBox=0 control=3230 (as expected)
[21:38:28] [Render thread/INFO] (Minecraft) [STDOUT]: [voxy-harness] stage=return
[21:38:28] [Server thread/INFO] (Minecraft) [Player699: Teleported Player699 to 0.500000, 120.000000, 0.500000]
[21:38:28] [Render thread/INFO] (Minecraft) [System] [CHAT] Teleported Player699 to 0.500000, 120.000000, 0.500000
[21:38:29] [Render thread/INFO] (Voxy) [me.cx.vy.ct.ce.vk.me.McNativeInstanceProbe]: [native-vk] native instance at frame 2460 stage=return factory=true instance=true engine=true live=true activeSections=0 renderer=false ingest=true cameraCaptures=2460 storedNearCamera=22
[21:38:30] [Render thread/INFO] (Voxy) [me.cx.vy.ct.ce.vk.me.McNativeInstanceProbe]: [native-vk] native instance at frame 2520 stage=return factory=true instance=true engine=true live=true activeSections=0 renderer=false ingest=true cameraCaptures=2520 storedNearCamera=22
[21:38:31] [Render thread/INFO] (Voxy) [me.cx.vy.ct.ce.vk.me.McNativeInstanceProbe]: [native-vk] native instance at frame 2580 stage=return factory=true instance=true engine=true live=true activeSections=0 renderer=false ingest=true cameraCaptures=2580 storedNearCamera=22
[21:38:32] [Render thread/INFO] (Voxy) [me.cx.vy.ct.ce.vk.me.McNativeInstanceProbe]: [native-vk] native instance at frame 2640 stage=return factory=true instance=true engine=true live=true activeSections=0 renderer=false ingest=true cameraCaptures=2640 storedNearCamera=22
[21:38:32] [Render thread/INFO] (Voxy) [me.cx.vy.ct.ce.vk.me.McNativeTerrainProbe]: [native-vk] Voxy's terrain pipeline on Minecraft's frame: set=20663 reference=20663 mismatches=0 (pixel-identical to Voxy's own target)
[21:38:32] [Render thread/INFO] (Voxy) [me.cx.vy.ct.ce.vk.me.McNativeMarkerDraw]: [native-vk] read Minecraft's colour image back: near=9792 far=6432 rejectedInBox=0 control=3230 (as expected)
[21:38:33] [Render thread/INFO] (Voxy) [me.cx.vy.ct.ce.vk.me.McNativeInstanceProbe]: [native-vk] native instance at frame 2700 stage=return factory=true instance=true engine=true live=true activeSections=0 renderer=false ingest=true cameraCaptures=2700 storedNearCamera=22
[21:38:34] [Render thread/INFO] (Voxy) [me.cx.vy.ct.ce.vk.me.McNativeInstanceProbe]: [native-vk] native instance at frame 2760 stage=return factory=true instance=true engine=true live=true activeSections=0 renderer=false ingest=true cameraCaptures=2760 storedNearCamera=22
[21:38:35] [Render thread/INFO] (Voxy) [me.cx.vy.ct.ce.vk.me.McNativeInstanceProbe]: [native-vk] native instance at frame 2820 stage=return factory=true instance=true engine=true live=true activeSections=0 renderer=false ingest=true cameraCaptures=2820 storedNearCamera=22
[21:38:36] [Render thread/INFO] (Voxy) [me.cx.vy.ct.ce.vk.me.McNativeInstanceProbe]: [native-vk] native instance at frame 2880 stage=return factory=true instance=true engine=true live=true activeSections=0 renderer=false ingest=true cameraCaptures=2880 storedNearCamera=22
[21:38:36] [Render thread/INFO] (Voxy) [me.cx.vy.ct.ce.vk.me.McNativeTerrainProbe]: [native-vk] Voxy's terrain pipeline on Minecraft's frame: set=20663 reference=20663 mismatches=0 (pixel-identical to Voxy's own target)
[21:38:36] [Render thread/INFO] (Voxy) [me.cx.vy.ct.ce.vk.me.McNativeMarkerDraw]: [native-vk] read Minecraft's colour image back: near=9792 far=6432 rejectedInBox=0 control=3230 (as expected)
[21:38:37] [Render thread/INFO] (Voxy) [me.cx.vy.ct.ce.vk.me.McNativeInstanceProbe]: [native-vk] native instance at frame 2940 stage=return factory=true instance=true engine=true live=true activeSections=0 renderer=false ingest=true cameraCaptures=2940 storedNearCamera=22
[21:38:38] [Render thread/INFO] (Voxy) [me.cx.vy.ct.ce.vk.me.McNativeInstanceProbe]: [native-vk] native instance at frame 3000 stage=return factory=true instance=true engine=true live=true activeSections=0 renderer=false ingest=true cameraCaptures=3000 storedNearCamera=22
[21:38:38] [Render thread/INFO] (Minecraft) [STDOUT]: [voxy-harness] stage=horizon
[21:38:38] [Server thread/INFO] (Minecraft) [Player699: Successfully filled 208 block(s)]
[21:38:38] [Server thread/INFO] (Minecraft) [Player699: Teleported Player699 to 0.500000, 160.000000, 0.500000]
[21:38:38] [Render thread/INFO] (Minecraft) [System] [CHAT] Successfully filled 208 block(s)
[21:38:38] [Render thread/INFO] (Minecraft) [System] [CHAT] Teleported Player699 to 0.500000, 160.000000, 0.500000
[21:38:39] [Render thread/INFO] (Voxy) [me.cx.vy.ct.ce.vk.me.McNativeInstanceProbe]: [native-vk] native instance at frame 3060 stage=horizon factory=true instance=true engine=true live=true activeSections=0 renderer=false ingest=true cameraCaptures=3060 storedNearCamera=4
[21:38:40] [Render thread/INFO] (Voxy) [me.cx.vy.ct.ce.vk.me.McNativeInstanceProbe]: [native-vk] native instance at frame 3120 stage=horizon factory=true instance=true engine=true live=true activeSections=0 renderer=false ingest=true cameraCaptures=3120 storedNearCamera=4
[21:38:40] [Render thread/INFO] (Voxy) [me.cx.vy.ct.ce.vk.me.McNativeTerrainProbe]: [native-vk] Voxy's terrain pipeline on Minecraft's frame: set=20663 reference=20663 mismatches=0 (pixel-identical to Voxy's own target)
[21:38:40] [Render thread/INFO] (Voxy) [me.cx.vy.ct.ce.vk.me.McNativeMarkerDraw]: [native-vk] read Minecraft's colour image back: near=9792 far=6432 rejectedInBox=0 control=3230 (as expected)
[21:38:42] [Render thread/INFO] (Voxy) [me.cx.vy.ct.ce.vk.me.McNativeInstanceProbe]: [native-vk] native instance at frame 3180 stage=horizon factory=true instance=true engine=true live=true activeSections=0 renderer=false ingest=true cameraCaptures=3180 storedNearCamera=4
[21:38:44] [Render thread/INFO] (Voxy) [me.cx.vy.ct.ce.vk.me.McNativeInstanceProbe]: [native-vk] native instance at frame 3240 stage=horizon factory=true instance=true engine=true live=true activeSections=0 renderer=false ingest=true cameraCaptures=3240 storedNearCamera=4
[21:38:46] [Render thread/INFO] (Voxy) [me.cx.vy.ct.ce.vk.me.McNativeInstanceProbe]: [native-vk] native instance at frame 3300 stage=horizon factory=true instance=true engine=true live=true activeSections=0 renderer=false ingest=true cameraCaptures=3300 storedNearCamera=4
[21:38:48] [Render thread/INFO] (Minecraft) [STDOUT]: [voxy-harness] stage=far
[21:38:48] [Server thread/INFO] (Minecraft) [Player699: Teleported Player699 to 0.500000, 185.000000, 0.500000]
[21:38:48] [Render thread/INFO] (Minecraft) [System] [CHAT] Teleported Player699 to 0.500000, 185.000000, 0.500000
[21:38:48] [Render thread/INFO] (Voxy) [me.cx.vy.ct.ce.vk.me.McNativeInstanceProbe]: [native-vk] native instance at frame 3360 stage=far factory=true instance=true engine=true live=true activeSections=0 renderer=false ingest=true cameraCaptures=3360 storedNearCamera=4
[21:38:48] [Render thread/INFO] (Voxy) [me.cx.vy.ct.ce.vk.me.McNativeTerrainProbe]: [native-vk] Voxy's terrain pipeline on Minecraft's frame: set=20663 reference=20663 mismatches=0 (pixel-identical to Voxy's own target)
[21:38:48] [Render thread/INFO] (Voxy) [me.cx.vy.ct.ce.vk.me.McNativeMarkerDraw]: [native-vk] read Minecraft's colour image back: near=9792 far=6432 rejectedInBox=0 control=3230 (as expected)
[21:38:50] [Render thread/INFO] (Voxy) [me.cx.vy.ct.ce.vk.me.McNativeInstanceProbe]: [native-vk] native instance at frame 3420 stage=far factory=true instance=true engine=true live=true activeSections=0 renderer=false ingest=true cameraCaptures=3420 storedNearCamera=4
[21:38:52] [Render thread/INFO] (Voxy) [me.cx.vy.ct.ce.vk.me.McNativeInstanceProbe]: [native-vk] native instance at frame 3480 stage=far factory=true instance=true engine=true live=true activeSections=0 renderer=false ingest=true cameraCaptures=3480 storedNearCamera=4
[21:38:54] [Render thread/INFO] (Voxy) [me.cx.vy.ct.ce.vk.me.McNativeInstanceProbe]: [native-vk] native instance at frame 3540 stage=far factory=true instance=true engine=true live=true activeSections=0 renderer=false ingest=true cameraCaptures=3540 storedNearCamera=4
[21:38:56] [Render thread/INFO] (Voxy) [me.cx.vy.ct.ce.vk.me.McNativeInstanceProbe]: [native-vk] native instance at frame 3600 stage=far factory=true instance=true engine=true live=true activeSections=0 renderer=false ingest=true cameraCaptures=3600 storedNearCamera=4
[21:38:56] [Render thread/INFO] (Voxy) [me.cx.vy.ct.ce.vk.me.McNativeTerrainProbe]: [native-vk] Voxy's terrain pipeline on Minecraft's frame: set=20663 reference=20663 mismatches=0 (pixel-identical to Voxy's own target)
[21:38:56] [Render thread/INFO] (Voxy) [me.cx.vy.ct.ce.vk.me.McNativeMarkerDraw]: [native-vk] read Minecraft's colour image back: near=9792 far=6432 rejectedInBox=0 control=3230 (as expected)
[21:38:58] [Render thread/INFO] (Minecraft) [STDOUT]: [voxy-harness] stage=edit
[21:38:58] [Server thread/INFO] (Minecraft) [Player699: Successfully filled 208 block(s)]
[21:38:58] [Server thread/INFO] (Minecraft) [Player699: Teleported Player699 to 0.500000, 120.000000, 0.500000]
[21:38:58] [Server thread/INFO] (Minecraft) [Player699: Successfully filled 1377 block(s)]
[21:38:58] [Render thread/INFO] (Minecraft) [System] [CHAT] Successfully filled 208 block(s)
[21:38:58] [Render thread/INFO] (Minecraft) [System] [CHAT] Teleported Player699 to 0.500000, 120.000000, 0.500000
[21:38:58] [Render thread/INFO] (Minecraft) [System] [CHAT] Successfully filled 1377 block(s)
[21:38:58] [Render thread/INFO] (Voxy) [me.cx.vy.ct.ce.vk.me.McNativeInstanceProbe]: [native-vk] native instance at frame 3660 stage=edit factory=true instance=true engine=true live=true activeSections=0 renderer=false ingest=true cameraCaptures=3660 storedNearCamera=22
[21:39:00] [Render thread/INFO] (Voxy) [me.cx.vy.ct.ce.vk.me.McNativeInstanceProbe]: [native-vk] native instance at frame 3720 stage=edit factory=true instance=true engine=true live=true activeSections=0 renderer=false ingest=true cameraCaptures=3720 storedNearCamera=22
[21:39:02] [Render thread/INFO] (Voxy) [me.cx.vy.ct.ce.vk.me.McNativeInstanceProbe]: [native-vk] native instance at frame 3780 stage=edit factory=true instance=true engine=true live=true activeSections=0 renderer=false ingest=true cameraCaptures=3780 storedNearCamera=22
[21:39:04] [Render thread/INFO] (Voxy) [me.cx.vy.ct.ce.vk.me.McNativeInstanceProbe]: [native-vk] native instance at frame 3840 stage=edit factory=true instance=true engine=true live=true activeSections=0 renderer=false ingest=true cameraCaptures=3840 storedNearCamera=22
[21:39:04] [Render thread/INFO] (Voxy) [me.cx.vy.ct.ce.vk.me.McNativeTerrainProbe]: [native-vk] Voxy's terrain pipeline on Minecraft's frame: set=20663 reference=20663 mismatches=0 (pixel-identical to Voxy's own target)
[21:39:04] [Render thread/INFO] (Voxy) [me.cx.vy.ct.ce.vk.me.McNativeMarkerDraw]: [native-vk] read Minecraft's colour image back: near=9792 far=6432 rejectedInBox=0 control=3230 (as expected)
[21:39:06] [Render thread/INFO] (Voxy) [me.cx.vy.ct.ce.vk.me.McNativeInstanceProbe]: [native-vk] native instance at frame 3900 stage=edit factory=true instance=true engine=true live=true activeSections=0 renderer=false ingest=true cameraCaptures=3900 storedNearCamera=22
[21:39:08] [Render thread/INFO] (Minecraft) [STDOUT]: [voxy-harness] stage=remove
[21:39:08] [Server thread/INFO] (Minecraft) [Player699: Successfully filled 1377 block(s)]
[21:39:08] [Render thread/INFO] (Minecraft) [System] [CHAT] Successfully filled 1377 block(s)
[21:39:08] [Render thread/INFO] (Voxy) [me.cx.vy.ct.ce.vk.me.McNativeInstanceProbe]: [native-vk] native instance at frame 3960 stage=remove factory=true instance=true engine=true live=true activeSections=0 renderer=false ingest=true cameraCaptures=3960 storedNearCamera=22
[21:39:10] [Render thread/INFO] (Voxy) [me.cx.vy.ct.ce.vk.me.McNativeInstanceProbe]: [native-vk] native instance at frame 4020 stage=remove factory=true instance=true engine=true live=true activeSections=0 renderer=false ingest=true cameraCaptures=4020 storedNearCamera=22
[21:39:12] [Render thread/INFO] (Voxy) [me.cx.vy.ct.ce.vk.me.McNativeInstanceProbe]: [native-vk] native instance at frame 4080 stage=remove factory=true instance=true engine=true live=true activeSections=0 renderer=false ingest=true cameraCaptures=4080 storedNearCamera=22
[21:39:12] [Render thread/INFO] (Voxy) [me.cx.vy.ct.ce.vk.me.McNativeTerrainProbe]: [native-vk] Voxy's terrain pipeline on Minecraft's frame: set=20663 reference=20663 mismatches=0 (pixel-identical to Voxy's own target)
[21:39:12] [Render thread/INFO] (Voxy) [me.cx.vy.ct.ce.vk.me.McNativeMarkerDraw]: [native-vk] read Minecraft's colour image back: near=9792 far=6432 rejectedInBox=0 control=3230 (as expected)
[21:39:14] [Render thread/INFO] (Voxy) [me.cx.vy.ct.ce.vk.me.McNativeInstanceProbe]: [native-vk] native instance at frame 4140 stage=remove factory=true instance=true engine=true live=true activeSections=0 renderer=false ingest=true cameraCaptures=4140 storedNearCamera=22
[21:39:16] [Render thread/INFO] (Voxy) [me.cx.vy.ct.ce.vk.me.McNativeInstanceProbe]: [native-vk] native instance at frame 4200 stage=remove factory=true instance=true engine=true live=true activeSections=0 renderer=false ingest=true cameraCaptures=4200 storedNearCamera=22
[21:39:18] [Render thread/INFO] (Minecraft) [STDOUT]: [voxy-harness] stage=resize
[21:39:18] [Render thread/INFO] (Voxy) [me.cx.vy.ct.ce.vk.sr.VkShader$Builder]: VkShader 'vk-terrain-per_section': 8 bindings, push=0B, stages=[VERTEX, FRAGMENT]
[21:39:18] [Render thread/INFO] (Voxy) [me.cx.vy.ct.ce.vk.me.McNativeTerrainScene]: [native-vk] terrain reference on the adopted device: 26116 of 2073600 pixels are not background
[21:39:18] [Render thread/INFO] (Voxy) [me.cx.vy.ct.ce.vk.me.McNativeTerrainProbe]: [native-vk] Voxy's terrain pipeline on Minecraft's frame: set=26116 reference=26116 mismatches=0 (pixel-identical to Voxy's own target)
[21:39:18] [Render thread/INFO] (Voxy) [me.cx.vy.ct.ce.vk.me.McNativeInstanceProbe]: [native-vk] native instance at frame 4260 stage=resize factory=true instance=true engine=true live=true activeSections=0 renderer=false ingest=true cameraCaptures=4260 storedNearCamera=22
[21:39:20] [Render thread/INFO] (Voxy) [me.cx.vy.ct.ce.vk.me.McNativeInstanceProbe]: [native-vk] native instance at frame 4320 stage=resize factory=true instance=true engine=true live=true activeSections=0 renderer=false ingest=true cameraCaptures=4320 storedNearCamera=22
[21:39:21] [Render thread/INFO] (Voxy) [me.cx.vy.ct.ce.vk.me.McNativeMarkerDraw]: [native-vk] read Minecraft's colour image back: near=12420 far=8316 rejectedInBox=0 control=4224 (as expected)
[21:39:22] [Render thread/INFO] (Voxy) [me.cx.vy.ct.ce.vk.me.McNativeInstanceProbe]: [native-vk] native instance at frame 4380 stage=resize factory=true instance=true engine=true live=true activeSections=0 renderer=false ingest=true cameraCaptures=4380 storedNearCamera=22
[21:39:25] [Render thread/INFO] (Voxy) [me.cx.vy.ct.ce.vk.me.McNativeInstanceProbe]: [native-vk] native instance at frame 4440 stage=resize factory=true instance=true engine=true live=true activeSections=0 renderer=false ingest=true cameraCaptures=4440 storedNearCamera=22
[21:39:27] [Render thread/INFO] (Voxy) [me.cx.vy.ct.ce.vk.me.McNativeTerrainProbe]: [native-vk] Voxy's terrain pipeline on Minecraft's frame: set=26116 reference=26116 mismatches=0 (pixel-identical to Voxy's own target)
[21:39:27] [Render thread/INFO] (Voxy) [me.cx.vy.ct.ce.vk.me.McNativeInstanceProbe]: [native-vk] native instance at frame 4500 stage=resize factory=true instance=true engine=true live=true activeSections=0 renderer=false ingest=true cameraCaptures=4500 storedNearCamera=22
[21:39:28] [Render thread/INFO] (Minecraft) [STDOUT]: [voxy-harness] stage=reload
[21:39:28] [Render thread/INFO] (Minecraft) Reloading ResourceManager: vanilla, fabric-api, fabric-api-base, fabric-api-lookup-api-v1, fabric-biome-api-v1, fabric-block-api-v1, fabric-block-getter-api-v2, fabric-client-gametest-api-v1, fabric-command-api-v2, fabric-content-registries-v0, fabric-convention-tags-v2, fabric-crash-report-info-v1, fabric-creative-tab-api-v1, fabric-data-attachment-api-v1, fabric-data-generation-api-v1, fabric-debug-api-v1, fabric-dimensions-v1, fabric-entity-events-v1, fabric-events-interaction-v0, fabric-game-rule-api-v1, fabric-gametest-api-v1, fabric-item-api-v1, fabric-key-mapping-api-v1, fabric-lifecycle-events-v1, fabric-loot-api-v3, fabric-menu-api-v1, fabric-message-api-v1, fabric-model-loading-api-v1, fabric-networking-api-v1, fabric-object-builder-api-v1, fabric-particles-v1, fabric-permission-api-v1, fabric-recipe-api-v1, fabric-registry-sync-v0, fabric-renderer-api-v1, fabric-renderer-indigo, fabric-rendering-fluids-v1, fabric-rendering-v1, fabric-resource-conditions-api-v1, fabric-resource-loader-v0, fabric-resource-loader-v1, fabric-screen-api-v1, fabric-serialization-api-v1, fabric-sound-api-v1, fabric-tag-api-v1, fabric-transfer-api-v1, fabric-transitive-access-wideners-v1, fabricloader, lithium, modmenu, sodium, voxy
[21:39:28] [Worker-Main-11/INFO] (Minecraft) Found unifont_all_no_pua-17.0.01.hex, loading
[21:39:28] [Worker-Main-10/INFO] (Minecraft) Found unifont_pua-17.0.01.hex, loading
[21:39:28] [Server thread/INFO] (Minecraft) Saving and pausing game...
[21:39:28] [Server thread/INFO] (Minecraft) Saving chunks for level 'ServerLevel[voxy-harness]'/minecraft:overworld
[21:39:28] [Server thread/INFO] (Minecraft) Saving chunks for level 'ServerLevel[voxy-harness]'/minecraft:the_end
[21:39:28] [Server thread/INFO] (Minecraft) Saving chunks for level 'ServerLevel[voxy-harness]'/minecraft:the_nether
[21:39:28] [Worker-Main-11/INFO] (Minecraft) Found unifont_jp_patch-17.0.01.hex, loading
[21:39:29] [Render thread/INFO] (Voxy) [me.cx.vy.ct.ce.vk.me.McNativeInstanceProbe]: [native-vk] native instance at frame 4560 stage=reload factory=true instance=true engine=true live=true activeSections=0 renderer=false ingest=true cameraCaptures=4560 storedNearCamera=22
[21:39:29] [Render thread/INFO] (Voxy) [me.cx.vy.ct.ce.vk.me.McNativeMarkerDraw]: [native-vk] read Minecraft's colour image back: near=12420 far=8316 rejectedInBox=0 control=4224 (as expected)
[21:39:29] [Render thread/INFO] (Minecraft) OpenAL initialized on device MacBook Pro Speakers
[21:39:29] [Render thread/INFO] (Minecraft) Sound engine started
[21:39:29] [Render thread/INFO] (Minecraft) Created: 512x256x0 minecraft:textures/atlas/particles.png-atlas
[21:39:29] [Render thread/INFO] (Minecraft) Created: 128x128x0 minecraft:textures/atlas/decorated_pot.png-atlas
[21:39:29] [Render thread/INFO] (Minecraft) Created: 2048x1024x0 minecraft:textures/atlas/armor_trims.png-atlas
[21:39:29] [Render thread/INFO] (Minecraft) Created: 512x256x0 minecraft:textures/atlas/paintings.png-atlas
[21:39:29] [Render thread/INFO] (Minecraft) Created: 1024x512x0 minecraft:textures/atlas/shield_patterns.png-atlas
[21:39:29] [Render thread/INFO] (Minecraft) Created: 2048x2048x4 minecraft:textures/atlas/blocks.png-atlas
[21:39:30] [Render thread/INFO] (Minecraft) Created: 512x512x0 minecraft:textures/atlas/chest.png-atlas
[21:39:30] [Render thread/INFO] (Minecraft) Created: 256x128x0 minecraft:textures/atlas/celestials.png-atlas
[21:39:30] [Render thread/INFO] (Minecraft) Created: 1024x512x0 minecraft:textures/atlas/banner_patterns.png-atlas
[21:39:30] [Render thread/INFO] (Minecraft) Created: 1024x512x0 minecraft:textures/atlas/items.png-atlas
[21:39:30] [Render thread/INFO] (Minecraft) Created: 1024x1024x0 minecraft:textures/atlas/gui.png-atlas
[21:39:30] [Render thread/INFO] (Minecraft) Created: 128x64x0 minecraft:textures/atlas/map_decorations.png-atlas
[21:39:30] [Render thread/INFO] (Minecraft) Created: 512x512x0 minecraft:textures/atlas/shulker_boxes.png-atlas
[21:39:30] [Render thread/INFO] (Voxy) [nt.mt.ct.rr.LevelRenderer]: [native-vk] native instance mode: world engine created; no renderer
[21:39:30] [Render thread/INFO] (ChunkBuilder) Stopping worker threads
[21:39:30] [Render thread/INFO] (ChunkBuilder) Started 8 worker threads
[21:39:32] [Render thread/INFO] (Voxy) [me.cx.vy.ct.ce.vk.me.McNativeInstanceProbe]: [native-vk] native instance at frame 4620 stage=reload factory=true instance=true engine=true live=true activeSections=0 renderer=false ingest=true cameraCaptures=4620 storedNearCamera=22
[21:39:34] [Render thread/INFO] (Voxy) [me.cx.vy.ct.ce.vk.me.McNativeInstanceProbe]: [native-vk] native instance at frame 4680 stage=reload factory=true instance=true engine=true live=true activeSections=0 renderer=false ingest=true cameraCaptures=4680 storedNearCamera=22
[21:39:36] [Render thread/INFO] (Voxy) [me.cx.vy.ct.ce.vk.me.McNativeTerrainProbe]: [native-vk] Voxy's terrain pipeline on Minecraft's frame: set=26116 reference=26116 mismatches=0 (pixel-identical to Voxy's own target)
[21:39:36] [Render thread/INFO] (Voxy) [me.cx.vy.ct.ce.vk.me.McNativeInstanceProbe]: [native-vk] native instance at frame 4740 stage=reload factory=true instance=true engine=true live=true activeSections=0 renderer=false ingest=true cameraCaptures=4740 storedNearCamera=22
[21:39:38] [Render thread/INFO] (Voxy) [me.cx.vy.ct.ce.vk.me.McNativeInstanceProbe]: [native-vk] native instance at frame 4800 stage=reload factory=true instance=true engine=true live=true activeSections=0 renderer=false ingest=true cameraCaptures=4800 storedNearCamera=22
[21:39:38] [Render thread/INFO] (Voxy) [me.cx.vy.ct.ce.vk.me.McNativeMarkerDraw]: [native-vk] read Minecraft's colour image back: near=12420 far=8316 rejectedInBox=0 control=4224 (as expected)
[21:39:38] [Render thread/INFO] (Minecraft) [STDOUT]: [voxy-harness] stage=nether
[21:39:38] [Server thread/INFO] (Minecraft) Player699 has made the advancement [We Need to Go Deeper]
[21:39:38] [Server thread/INFO] (Minecraft) [Player699: Teleported Player699 to 0.500000, 100.000000, 0.500000]
[21:39:38] [Render thread/INFO] (Voxy) [me.cx.vy.cl.VoxyInstance]: Creating new world engine: -804933456715516506@554270776
[21:39:38] [Render thread/INFO] (Voxy) [nt.mt.ct.rr.LevelRenderer]: [native-vk] native instance mode: world engine created; no renderer
[21:39:38] [Render thread/INFO] (ChunkBuilder) Stopping worker threads
[21:39:39] [Render thread/INFO] (ChunkBuilder) Started 8 worker threads
[21:39:39] [Render thread/INFO] (Minecraft) [System] [CHAT] Player699 has made the advancement [We Need to Go Deeper]
[21:39:39] [Render thread/INFO] (Minecraft) [System] [CHAT] Teleported Player699 to 0.500000, 100.000000, 0.500000
[21:39:39] [Render thread/INFO] (ChunkBuilder) Stopping worker threads
[21:39:39] [Render thread/INFO] (ChunkBuilder) Started 8 worker threads
[21:39:39] [Render thread/INFO] (Minecraft) Loaded 29 advancements
[21:39:39] [Render thread/INFO] (Minecraft) Loaded 29 advancements
[21:39:40] [Render thread/INFO] (Voxy) [me.cx.vy.ct.ce.vk.me.McNativeInstanceProbe]: [native-vk] native instance at frame 4860 stage=nether factory=true instance=true engine=true live=true activeSections=12 renderer=false ingest=true cameraCaptures=4860 storedNearCamera=27
[21:39:40] [Chunk Render Task Executor #1/WARN] (Voxy) [me.cx.vy.cn.wd.ActiveSectionTracker]: section raced to save queue, we lost
[21:39:42] [Render thread/INFO] (Voxy) [me.cx.vy.ct.ce.vk.me.McNativeInstanceProbe]: [native-vk] native instance at frame 4920 stage=nether factory=true instance=true engine=true live=true activeSections=0 renderer=false ingest=true cameraCaptures=4920 storedNearCamera=27
[21:39:44] [Render thread/INFO] (Voxy) [me.cx.vy.ct.ce.vk.me.McNativeTerrainProbe]: [native-vk] Voxy's terrain pipeline on Minecraft's frame: set=26116 reference=26116 mismatches=0 (pixel-identical to Voxy's own target)
[21:39:44] [Render thread/INFO] (Voxy) [me.cx.vy.ct.ce.vk.me.McNativeInstanceProbe]: [native-vk] native instance at frame 4980 stage=nether factory=true instance=true engine=true live=true activeSections=0 renderer=false ingest=true cameraCaptures=4980 storedNearCamera=27
[21:39:46] [Render thread/INFO] (Voxy) [me.cx.vy.ct.ce.vk.me.McNativeInstanceProbe]: [native-vk] native instance at frame 5040 stage=nether factory=true instance=true engine=true live=true activeSections=0 renderer=false ingest=true cameraCaptures=5040 storedNearCamera=27
[21:39:46] [Render thread/INFO] (Voxy) [me.cx.vy.ct.ce.vk.me.McNativeMarkerDraw]: [native-vk] read Minecraft's colour image back: near=12420 far=8316 rejectedInBox=0 control=4224 (as expected)
[21:39:48] [Active world cleaner/INFO] (Voxy) [me.cx.vy.cl.VoxyInstance]: Shutting down idle world: 7462760223788803275
[21:39:48] [Render thread/INFO] (Voxy) [me.cx.vy.ct.ce.vk.me.McNativeInstanceProbe]: [native-vk] native instance at frame 5100 stage=nether factory=true instance=true engine=true live=true activeSections=0 renderer=false ingest=true cameraCaptures=5100 storedNearCamera=27
[21:39:48] [Render thread/INFO] (Minecraft) [STDOUT]: [voxy-harness] stage=overworld
[21:39:48] [Server thread/INFO] (Minecraft) [Player699: Teleported Player699 to 0.500000, 120.000000, 0.500000]
[21:39:48] [Render thread/INFO] (Voxy) [me.cx.vy.cl.VoxyInstance]: Creating new world engine: 7462760223788803275@554270776
[21:39:48] [Render thread/INFO] (Voxy) [nt.mt.ct.rr.LevelRenderer]: [native-vk] native instance mode: world engine created; no renderer
[21:39:48] [Render thread/INFO] (ChunkBuilder) Stopping worker threads
[21:39:48] [Render thread/INFO] (ChunkBuilder) Started 8 worker threads
[21:39:49] [Render thread/INFO] (Minecraft) [System] [CHAT] Teleported Player699 to 0.500000, 120.000000, 0.500000
[21:39:49] [Render thread/INFO] (ChunkBuilder) Stopping worker threads
[21:39:49] [Render thread/INFO] (ChunkBuilder) Started 8 worker threads
[21:39:50] [Render thread/INFO] (Voxy) [me.cx.vy.ct.ce.vk.me.McNativeInstanceProbe]: [native-vk] native instance at frame 5160 stage=overworld factory=true instance=true engine=true live=true activeSections=0 renderer=false ingest=true cameraCaptures=5160 storedNearCamera=22
[21:39:52] [Render thread/INFO] (Voxy) [me.cx.vy.ct.ce.vk.me.McNativeTerrainProbe]: [native-vk] Voxy's terrain pipeline on Minecraft's frame: set=26116 reference=26116 mismatches=0 (pixel-identical to Voxy's own target)
[21:39:52] [Render thread/INFO] (Voxy) [me.cx.vy.ct.ce.vk.me.McNativeInstanceProbe]: [native-vk] native instance at frame 5220 stage=overworld factory=true instance=true engine=true live=true activeSections=0 renderer=false ingest=true cameraCaptures=5220 storedNearCamera=22
[21:39:54] [Render thread/INFO] (Voxy) [me.cx.vy.ct.ce.vk.me.McNativeInstanceProbe]: [native-vk] native instance at frame 5280 stage=overworld factory=true instance=true engine=true live=true activeSections=0 renderer=false ingest=true cameraCaptures=5280 storedNearCamera=22
[21:39:54] [Render thread/INFO] (Voxy) [me.cx.vy.ct.ce.vk.me.McNativeMarkerDraw]: [native-vk] read Minecraft's colour image back: near=12420 far=8316 rejectedInBox=0 control=4224 (as expected)
[21:39:56] [Render thread/INFO] (Voxy) [me.cx.vy.ct.ce.vk.me.McNativeInstanceProbe]: [native-vk] native instance at frame 5340 stage=overworld factory=true instance=true engine=true live=true activeSections=0 renderer=false ingest=true cameraCaptures=5340 storedNearCamera=22
[21:39:58] [Render thread/INFO] (Voxy) [me.cx.vy.ct.ce.vk.me.McNativeInstanceProbe]: [native-vk] native instance at frame 5400 stage=overworld factory=true instance=true engine=true live=true activeSections=0 renderer=false ingest=true cameraCaptures=5400 storedNearCamera=22
[21:39:58] [Render thread/INFO] (Minecraft) [STDOUT]: [voxy-harness] stage=descend
[21:39:58] [Server thread/INFO] (Minecraft) [Player699: Teleported Player699 to 0.500000, 79.000000, 0.500000]
[21:39:58] [Render thread/INFO] (Minecraft) [System] [CHAT] Teleported Player699 to 0.500000, 79.000000, 0.500000
[21:39:59] [Active world cleaner/INFO] (Voxy) [me.cx.vy.cl.VoxyInstance]: Shutting down idle world: -804933456715516506
[21:40:00] [Render thread/INFO] (Voxy) [me.cx.vy.ct.ce.vk.me.McNativeTerrainProbe]: [native-vk] Voxy's terrain pipeline on Minecraft's frame: set=26116 reference=26116 mismatches=0 (pixel-identical to Voxy's own target)
[21:40:00] [Render thread/INFO] (Voxy) [me.cx.vy.ct.ce.vk.me.McNativeInstanceProbe]: [native-vk] native instance at frame 5460 stage=descend factory=true instance=true engine=true live=true activeSections=0 renderer=false ingest=true cameraCaptures=5460 storedNearCamera=27
[21:40:02] [Render thread/INFO] (Voxy) [me.cx.vy.ct.ce.vk.me.McNativeInstanceProbe]: [native-vk] native instance at frame 5520 stage=descend factory=true instance=true engine=true live=true activeSections=0 renderer=false ingest=true cameraCaptures=5520 storedNearCamera=27
[21:40:02] [Render thread/INFO] (Voxy) [me.cx.vy.ct.ce.vk.me.McNativeMarkerDraw]: [native-vk] read Minecraft's colour image back: near=12420 far=8316 rejectedInBox=0 control=4224 (as expected)
[21:40:04] [Render thread/INFO] (Voxy) [me.cx.vy.ct.ce.vk.me.McNativeInstanceProbe]: [native-vk] native instance at frame 5580 stage=descend factory=true instance=true engine=true live=true activeSections=0 renderer=false ingest=true cameraCaptures=5580 storedNearCamera=27
[21:40:06] [Render thread/INFO] (Voxy) [me.cx.vy.ct.ce.vk.me.McNativeInstanceProbe]: [native-vk] native instance at frame 5640 stage=descend factory=true instance=true engine=true live=true activeSections=0 renderer=false ingest=true cameraCaptures=5640 storedNearCamera=27
[21:40:08] [Render thread/INFO] (Voxy) [me.cx.vy.ct.ce.vk.me.McNativeTerrainProbe]: [native-vk] Voxy's terrain pipeline on Minecraft's frame: set=26116 reference=26116 mismatches=0 (pixel-identical to Voxy's own target)
[21:40:08] [Render thread/INFO] (Voxy) [me.cx.vy.ct.ce.vk.me.McNativeInstanceProbe]: [native-vk] native instance at frame 5700 stage=descend factory=true instance=true engine=true live=true activeSections=0 renderer=false ingest=true cameraCaptures=5700 storedNearCamera=27
[21:40:08] [Render thread/INFO] (Minecraft) [STDOUT]: [voxy-harness] stage=ascend
[21:40:08] [Server thread/INFO] (Minecraft) [Player699: Teleported Player699 to 0.500000, 175.000000, 0.500000]
[21:40:08] [Render thread/INFO] (Minecraft) [System] [CHAT] Teleported Player699 to 0.500000, 175.000000, 0.500000
[21:40:10] [Render thread/INFO] (Voxy) [me.cx.vy.ct.ce.vk.me.McNativeInstanceProbe]: [native-vk] native instance at frame 5760 stage=ascend factory=true instance=true engine=true live=true activeSections=0 renderer=false ingest=true cameraCaptures=5760 storedNearCamera=4
[21:40:10] [Render thread/INFO] (Voxy) [me.cx.vy.ct.ce.vk.me.McNativeMarkerDraw]: [native-vk] read Minecraft's colour image back: near=12420 far=8316 rejectedInBox=0 control=4224 (as expected)
[21:40:12] [Render thread/INFO] (Voxy) [me.cx.vy.ct.ce.vk.me.McNativeInstanceProbe]: [native-vk] native instance at frame 5820 stage=ascend factory=true instance=true engine=true live=true activeSections=0 renderer=false ingest=true cameraCaptures=5820 storedNearCamera=4
[21:40:14] [Render thread/INFO] (Voxy) [me.cx.vy.ct.ce.vk.me.McNativeInstanceProbe]: [native-vk] native instance at frame 5880 stage=ascend factory=true instance=true engine=true live=true activeSections=0 renderer=false ingest=true cameraCaptures=5880 storedNearCamera=4
[21:40:16] [Render thread/INFO] (Voxy) [me.cx.vy.ct.ce.vk.me.McNativeTerrainProbe]: [native-vk] Voxy's terrain pipeline on Minecraft's frame: set=26116 reference=26116 mismatches=0 (pixel-identical to Voxy's own target)
[21:40:16] [Render thread/INFO] (Voxy) [me.cx.vy.ct.ce.vk.me.McNativeInstanceProbe]: [native-vk] native instance at frame 5940 stage=ascend factory=true instance=true engine=true live=true activeSections=0 renderer=false ingest=true cameraCaptures=5940 storedNearCamera=4
[21:40:18] [Render thread/INFO] (Voxy) [me.cx.vy.ct.ce.vk.me.McNativeInstanceProbe]: [native-vk] native instance at frame 6000 stage=ascend factory=true instance=true engine=true live=true activeSections=0 renderer=false ingest=true cameraCaptures=6000 storedNearCamera=4
[21:40:18] [Render thread/INFO] (Minecraft) [STDOUT]: [voxy-harness] stage=disconnect
[21:40:18] [Server thread/INFO] (Minecraft) Stopping server
[21:40:18] [Server thread/INFO] (Minecraft) Saving players
[21:40:18] [Server thread/INFO] (Minecraft) Saving worlds
[21:40:18] [Server thread/INFO] (Minecraft) Saving chunks for level 'ServerLevel[voxy-harness]'/minecraft:overworld
[21:40:19] [Server thread/INFO] (Minecraft) Saving chunks for level 'ServerLevel[voxy-harness]'/minecraft:the_end
[21:40:19] [Server thread/INFO] (Minecraft) Saving chunks for level 'ServerLevel[voxy-harness]'/minecraft:the_nether
[21:40:19] [Server thread/INFO] (Minecraft) ThreadedAnvilChunkStorage (world): All chunks are saved
[21:40:19] [Server thread/INFO] (Minecraft) ThreadedAnvilChunkStorage (DIM1): All chunks are saved
[21:40:19] [Server thread/INFO] (Minecraft) ThreadedAnvilChunkStorage (DIM-1): All chunks are saved
[21:40:19] [Server thread/INFO] (Minecraft) ThreadedAnvilChunkStorage: All dimensions are saved
[21:40:19] [Render thread/INFO] (ChunkBuilder) Stopping worker threads
[21:40:19] [Render thread/INFO] (Voxy) [me.cx.vy.cl.VoxyInstance]: Shutting down voxy instance
[21:40:19] [Render thread/INFO] (Voxy) [me.cx.vy.cl.VoxyInstance]: Instance shutdown
[21:40:19] [Render thread/INFO] (Minecraft) [STDOUT]: [voxy-harness] stage=reconnect
[21:40:19] [Render thread/INFO] (Minecraft) Found new data pack fabric-convention-tags-v2, loading it automatically
[21:40:19] [Render thread/INFO] (Minecraft) Found new data pack fabric-gametest-api-v1, loading it automatically
[21:40:20] [Render thread/INFO] (Minecraft) Loaded 1585 recipes
[21:40:20] [Render thread/INFO] (Minecraft) Loaded 1688 advancements
[21:40:20] [Render thread/INFO] (BiomeModificationImpl) Applied 0 biome modifications to 0 of 66 new biomes in 181.7 μs
[21:40:20] [Server thread/INFO] (Minecraft) Starting integrated minecraft server version 26.2
[21:40:20] [Server thread/INFO] (Minecraft) Generating keypair
[21:40:20] [Server thread/INFO] (Minecraft) Loading 0 persistent chunks...
[21:40:20] [Server thread/INFO] (Minecraft) Saving chunks for level 'ServerLevel[voxy-harness]'/minecraft:overworld
[21:40:20] [Server thread/INFO] (Minecraft) Saving chunks for level 'ServerLevel[voxy-harness]'/minecraft:the_end
[21:40:20] [Server thread/INFO] (Minecraft) Saving chunks for level 'ServerLevel[voxy-harness]'/minecraft:the_nether
[21:40:20] [Server thread/INFO] (Minecraft) ThreadedAnvilChunkStorage (world): All chunks are saved
[21:40:20] [Server thread/INFO] (Minecraft) ThreadedAnvilChunkStorage (DIM1): All chunks are saved
[21:40:20] [Server thread/INFO] (Minecraft) ThreadedAnvilChunkStorage (DIM-1): All chunks are saved
[21:40:20] [Server thread/INFO] (Minecraft) ThreadedAnvilChunkStorage: All dimensions are saved
[21:40:20] [Server thread/INFO] (Minecraft) Loading 49 chunks for player spawn...
[21:40:20] [Server thread/INFO] (Minecraft) Preparing spawn area: 16%
[21:40:20] [Server thread/INFO] (Minecraft) Time elapsed: 275 ms
[21:40:20] [Server thread/INFO] (Minecraft) Player699[local:E:5bd9cb6b] logged in with entity id 965 at (0.5, 175.0, 0.5)
[21:40:20] [Server thread/INFO] (Minecraft) Player699 joined the game
[21:40:20] [Server thread/INFO] (Minecraft) Changing view distance to 8, from 10
[21:40:20] [Server thread/INFO] (Minecraft) Changing simulation distance to 5, from 0
[21:40:20] [Render thread/INFO] (Voxy) [me.cx.vy.cl.VoxyInstance]: Initializing voxy instance
[21:40:20] [Render thread/INFO] (Voxy) [me.cx.vy.cl.VoxyInstance]: Dedicated voxy thread pool size: 9
[21:40:20] [Render thread/INFO] (Voxy) [me.cx.vy.cl.VoxyInstance]: Creating new world engine: 7462760223788803275@564593167
[21:40:20] [Render thread/INFO] (Voxy) [nt.mt.ct.rr.LevelRenderer]: [native-vk] native instance mode: world engine created; no renderer
[21:40:20] [Render thread/INFO] (ChunkBuilder) Started 8 worker threads
[21:40:20] [Render thread/INFO] (Voxy) [me.cx.vy.cl.VoxyInstance]: Dedicated voxy thread pool size: 1
[21:40:20] [Render thread/INFO] (Minecraft) Loaded 29 advancements
[21:40:20] [Render thread/INFO] (ChunkBuilder) Stopping worker threads
[21:40:20] [Render thread/INFO] (ChunkBuilder) Started 8 worker threads
[21:40:20] [Render thread/INFO] (Voxy) [me.cx.vy.ct.ce.vk.me.McNativeMarkerDraw]: [native-vk] read Minecraft's colour image back: near=12420 far=8316 rejectedInBox=0 control=4224 (as expected)
[21:40:20] [Download-10/ERROR] (Minecraft) Failed to retrieve profile key pair

MinecraftClientHttpException[type=HTTP_ERROR, status=401, response=ErrorResponse[path=/player/certificates, error=null, errorMessage=null, details=null]]
	at knot//com.mojang.authlib.minecraft.client.MinecraftClient.buildHttpException(MinecraftClient.java:170)
	at knot//com.mojang.authlib.minecraft.client.MinecraftClient.readServiceResponse(MinecraftClient.java:147)
	at knot//com.mojang.authlib.minecraft.client.MinecraftClient.post(MinecraftClient.java:89)
	at knot//com.mojang.authlib.yggdrasil.YggdrasilUserApiService.getKeyPair(YggdrasilUserApiService.java:62)
	at knot//net.minecraft.client.multiplayer.AccountProfileKeyPairManager.fetchProfileKeyPair(AccountProfileKeyPairManager.java:128)
	at knot//net.minecraft.client.multiplayer.AccountProfileKeyPairManager.lambda$readOrFetchProfileKeyPair$0(AccountProfileKeyPairManager.java:77)
	at java.base/java.util.concurrent.CompletableFuture$AsyncSupply.run(CompletableFuture.java:1789)
	at java.base/java.util.concurrent.ThreadPoolExecutor.runWorker(ThreadPoolExecutor.java:1090)
	at java.base/java.util.concurrent.ThreadPoolExecutor$Worker.run(ThreadPoolExecutor.java:614)
	at java.base/java.lang.Thread.run(Thread.java:1474)
[21:40:22] [Render thread/INFO] (Voxy) [me.cx.vy.ct.ce.vk.me.McNativeInstanceProbe]: [native-vk] native instance at frame 6060 stage=reconnect factory=true instance=true engine=true live=true activeSections=0 renderer=false ingest=true cameraCaptures=6060 storedNearCamera=4
[21:40:24] [Render thread/INFO] (Voxy) [me.cx.vy.ct.ce.vk.me.McNativeInstanceProbe]: [native-vk] native instance at frame 6120 stage=reconnect factory=true instance=true engine=true live=true activeSections=0 renderer=false ingest=true cameraCaptures=6120 storedNearCamera=4
[21:40:26] [Render thread/INFO] (Voxy) [me.cx.vy.ct.ce.vk.me.McNativeTerrainProbe]: [native-vk] Voxy's terrain pipeline on Minecraft's frame: set=26116 reference=26116 mismatches=0 (pixel-identical to Voxy's own target)
[21:40:26] [Render thread/INFO] (Voxy) [me.cx.vy.ct.ce.vk.me.McNativeInstanceProbe]: [native-vk] native instance at frame 6180 stage=reconnect factory=true instance=true engine=true live=true activeSections=0 renderer=false ingest=true cameraCaptures=6180 storedNearCamera=4
[21:40:28] [Render thread/INFO] (Voxy) [me.cx.vy.ct.ce.vk.me.McNativeInstanceProbe]: [native-vk] native instance at frame 6240 stage=reconnect factory=true instance=true engine=true live=true activeSections=0 renderer=false ingest=true cameraCaptures=6240 storedNearCamera=4
[21:40:28] [Render thread/INFO] (Voxy) [me.cx.vy.ct.ce.vk.me.McNativeMarkerDraw]: [native-vk] read Minecraft's colour image back: near=12420 far=8316 rejectedInBox=0 control=4224 (as expected)
[21:40:29] [Render thread/INFO] (Minecraft) [STDOUT]: [voxy-harness] finished failures=0
[21:40:29] [Render thread/INFO] (Minecraft) Stopping!
[21:40:29] [Render thread/INFO] (Voxy) [me.cx.vy.ct.ce.vk.me.McNativeVkContext]: [native-vk] released Minecraft's device from VkContext (nothing of Minecraft's was destroyed)
[21:40:29] [Server thread/INFO] (Minecraft) Stopping server
[21:40:29] [Server thread/INFO] (Minecraft) Saving players
[21:40:29] [Server thread/INFO] (Minecraft) Player699 lost connection: Disconnected
[21:40:29] [Server thread/INFO] (Minecraft) Player699 left the game
[21:40:29] [Server thread/INFO] (Minecraft) Stopping singleplayer server as player logged out
[21:40:29] [Server thread/INFO] (Minecraft) Saving worlds
[21:40:29] [Server thread/INFO] (Minecraft) Saving chunks for level 'ServerLevel[voxy-harness]'/minecraft:overworld
[21:40:30] [Server thread/INFO] (Minecraft) Saving chunks for level 'ServerLevel[voxy-harness]'/minecraft:the_end
[21:40:30] [Server thread/INFO] (Minecraft) Saving chunks for level 'ServerLevel[voxy-harness]'/minecraft:the_nether
[21:40:30] [Server thread/INFO] (Minecraft) ThreadedAnvilChunkStorage (world): All chunks are saved
[21:40:30] [Server thread/INFO] (Minecraft) ThreadedAnvilChunkStorage (DIM1): All chunks are saved
[21:40:30] [Server thread/INFO] (Minecraft) ThreadedAnvilChunkStorage (DIM-1): All chunks are saved
[21:40:30] [Server thread/INFO] (Minecraft) ThreadedAnvilChunkStorage: All dimensions are saved
[21:40:30] [Render thread/INFO] (ChunkBuilder) Stopping worker threads
[21:40:30] [Render thread/INFO] (Voxy) [me.cx.vy.cl.VoxyInstance]: Shutting down voxy instance
[21:40:30] [Render thread/INFO] (Voxy) [me.cx.vy.cl.VoxyInstance]: Instance shutdown
[Vulkan Loader] DEBUG | LAYER:  Unloading layer library /opt/homebrew/Cellar/vulkan-validationlayers/1.4.357.0/lib/libVkLayer_khronos_validation.dylib

[Incubating] Problems report is available at: file:///Users/xyz/dev/voxy/build/reports/problems/problems-report.html

Deprecated Gradle features were used in this build, making it incompatible with Gradle 10.

You can use '--warning-mode all' to show the individual deprecation warnings and determine if they come from your own scripts or plugins.

For more on this, please refer to https://docs.gradle.org/9.6.0/userguide/command_line_interface.html#sec:command_line_warnings in the Gradle documentation.

BUILD SUCCESSFUL in 2m 57s
8 actionable tasks: 2 executed, 6 up-to-date
Consider enabling configuration cache to speed up this build: https://docs.gradle.org/9.6.0/userguide/configuration_cache_enabling.html
