To honour the JVM settings for this build a single-use Daemon process will be forked. For more on this, please refer to https://docs.gradle.org/9.6.0/userguide/gradle_daemon.html#sec:disabling_the_daemon in the Gradle documentation.
Daemon will be stopped at the end of the build 

> Configure project :
Fabric Loom: 1.16.3

> Task :compileJava UP-TO-DATE
> Task :processResources
> Task :classes
> Task :compileHarnessJava UP-TO-DATE
> Task :generateLog4jConfig UP-TO-DATE
> Task :generateDLIConfig UP-TO-DATE
> Task :configureLaunch UP-TO-DATE
> Task :downloadAssets UP-TO-DATE
> Task :configureClientLaunch UP-TO-DATE
> Task :processHarnessResources UP-TO-DATE
> Task :harnessClasses UP-TO-DATE

> Task :runHarnessClient
[08:27:37] [main/INFO] (FabricLoader/GameProvider) Loading Minecraft 26.2 with Fabric Loader 0.19.3
[08:27:37] [main/INFO] (FabricLoader/Mappings) Mappings not present!
[08:27:37] [main/INFO] (FabricLoader) Loading 55 mods:
	- fabric-api 0.152.2+26.2
	- fabric-api-base 2.0.4+ece063239e
	- fabric-api-lookup-api-v1 2.0.17+11e1c9a39e
	- fabric-biome-api-v1 18.0.6+c7bd5b8e9e
	- fabric-block-api-v1 3.0.3+ec56b6019e
	- fabric-block-getter-api-v2 2.0.7+ec56b6019e
	- fabric-client-gametest-api-v1 5.1.0+db5795489e
	- fabric-command-api-v2 3.1.0+00cb03469e
	- fabric-content-registries-v0 11.2.2+b7a678a99e
	- fabric-convention-tags-v2 4.6.4+2aae60389e
	- fabric-crash-report-info-v1 1.0.5+086d547a9e
	- fabric-creative-tab-api-v1 5.0.14+d871b99e9e
	- fabric-data-attachment-api-v1 2.2.16+aa0fd6fe9e
	- fabric-data-generation-api-v1 25.4.2+5e56e5409e
	- fabric-debug-api-v1 1.0.2+c792624d9e
	- fabric-dimensions-v1 5.1.9+9cbf5da59e
	- fabric-entity-events-v1 5.0.5+06488ac19e
	- fabric-events-interaction-v0 5.2.6+8f57f7ee9e
	- fabric-game-rule-api-v1 4.0.8+46a6d00c9e
	- fabric-gametest-api-v1 4.0.21+4a7fa0819e
	- fabric-item-api-v1 14.1.6+0ecb053f9e
	- fabric-key-mapping-api-v1 2.0.5+e2bdee789e
	- fabric-lifecycle-events-v1 4.1.3+4575b05f9e
	- fabric-loot-api-v3 3.0.17+06488ac19e
	- fabric-menu-api-v1 2.0.16+086d547a9e
	- fabric-message-api-v1 7.0.7+086d547a9e
	- fabric-model-loading-api-v1 8.0.12+c80601bb9e
	- fabric-networking-api-v1 6.3.3+72073ef09e
	- fabric-object-builder-api-v1 24.0.6+46a6d00c9e
	- fabric-particles-v1 5.0.18+d1756aa99e
	- fabric-permission-api-v1 1.0.2+7c33558a9e
	- fabric-recipe-api-v1 9.0.20+11e1c9a39e
	- fabric-registry-sync-v0 7.1.0+c7bd5b8e9e
	- fabric-renderer-api-v1 14.0.2+93d3a2f59e
	- fabric-renderer-indigo 9.0.2+e73ab60d9e
	- fabric-rendering-fluids-v1 6.0.4+06488ac19e
	- fabric-rendering-v1 25.1.6+46a6d00c9e
	- fabric-resource-conditions-api-v1 6.1.0+10e9a28b9e
	- fabric-resource-loader-v0 3.3.20+4fc5413f9e
	- fabric-resource-loader-v1 2.0.13+9edec1269e
	- fabric-screen-api-v1 5.0.3+086d547a9e
	- fabric-serialization-api-v1 2.0.4+11a26f319e
	- fabric-sound-api-v1 2.0.5+11a26f319e
	- fabric-tag-api-v1 2.1.3+794df31d9e
	- fabric-transfer-api-v1 8.0.11+39b5a3929e
	- fabric-transitive-access-wideners-v1 8.1.3+e098252d9e
	- fabricloader 0.19.3
	- java 25
	- lithium 0.25.1+mc26.2
	- minecraft 26.2
	- mixinextras 0.5.4
	- modmenu 20.0.0
	- sodium 0.9.2-alpha.3+mc26.2
	- voxy 0.2.19-beta
	- voxy_harness 1.0.0
[08:27:37] [main/INFO] (FabricLoader/Mixin) SpongePowered MIXIN Subsystem Version=0.8.7 Source=file:/Users/xyz/.gradle/caches/modules-2/files-2.1/net.fabricmc/sponge-mixin/0.17.3+mixin.0.8.7/41c4a3984a80f4679e759fb9f495587acc5cdac7/sponge-mixin-0.17.3+mixin.0.8.7.jar Service=Knot/Fabric Env=CLIENT
[08:27:37] [main/INFO] (FabricLoader/Mixin) Compatibility level set to JAVA_25
[08:27:37] [main/INFO] (Sodium) Loaded configuration file for Sodium: 37 options available, 0 override(s) found
[08:27:37] [main/INFO] (Lithium) Loaded configuration file for Lithium: 171 options available, 0 override(s) found.
[08:27:37] [main/WARN] (FabricLoader/Mixin) Error loading class: net/minecraft/client/renderer/StagedVertexBuffer/GpuBufferPool (java.lang.ClassNotFoundException: net/minecraft/client/renderer/StagedVertexBuffer/GpuBufferPool)
[08:27:37] [main/WARN] (FabricLoader/Mixin) @Mixin target net.minecraft.client.renderer.StagedVertexBuffer.GpuBufferPool was not found sodium-common.mixins.json:core.StagedVertexBufferMixin from mod sodium
[08:27:37] [main/WARN] (FabricLoader/Mixin) Error loading class: com/moulberry/flashback/record/FlashbackMeta (java.lang.ClassNotFoundException: com/moulberry/flashback/record/FlashbackMeta)
[08:27:37] [main/WARN] (FabricLoader/Mixin) @Mixin target com.moulberry.flashback.record.FlashbackMeta was not found client.voxy.mixins.json:flashback.MixinFlashbackMeta from mod voxy
[08:27:37] [main/WARN] (FabricLoader/Mixin) Error loading class: com/moulberry/flashback/record/Recorder (java.lang.ClassNotFoundException: com/moulberry/flashback/record/Recorder)
[08:27:37] [main/WARN] (FabricLoader/Mixin) @Mixin target com.moulberry.flashback.record.Recorder was not found client.voxy.mixins.json:flashback.MixinFlashbackRecorder from mod voxy
[08:27:37] [main/WARN] (FabricLoader/Mixin) Error loading class: me/cortex/nvidium/RenderPipeline (java.lang.ClassNotFoundException: me/cortex/nvidium/RenderPipeline)
[08:27:37] [main/WARN] (FabricLoader/Mixin) @Mixin target me.cortex.nvidium.RenderPipeline was not found client.voxy.mixins.json:nvidium.MixinRenderPipeline from mod voxy
[08:27:37] [main/WARN] (FabricLoader/Mixin) Error loading class: org/popcraft/chunky/platform/FabricWorld (java.lang.ClassNotFoundException: org/popcraft/chunky/platform/FabricWorld)
[08:27:37] [main/WARN] (FabricLoader/Mixin) @Mixin target org.popcraft.chunky.platform.FabricWorld was not found common.voxy.mixins.json:chunky.MixinFabricWorld from mod voxy
[08:27:37] [main/INFO] (Sodium-GraphicsAdapterProbe) Searching for graphics cards...
[08:27:37] [main/INFO] (FabricLoader/MixinExtras|Service) Initializing MixinExtras via com.llamalad7.mixinextras.service.MixinExtrasServiceImpl(version=0.5.4).
[08:27:38] [Datafixer Bootstrap #0/INFO] (Minecraft) 295 Datafixer optimizations took 136 milliseconds
[08:27:38] [main/WARN] (MacOperatingSystem) Unable to parse version 27.0 to a codename.
[08:27:40] [Render thread/INFO] (Minecraft) Environment: Environment[sessionHost=https://sessionserver.mojang.com, servicesHost=https://api.minecraftservices.com, profilesHost=https://api.mojang.com, name=PROD]
[08:27:40] [Render thread/INFO] (Minecraft) Setting user: Player4
[08:27:40] [Render thread/INFO] (Voxy) [me.cx.vy.cn.cg.Serialization]: Registered Config as Serializer for config type SectionStorageConfig
[08:27:40] [Render thread/INFO] (Voxy) [me.cx.vy.cn.cg.Serialization]: Registered Config as RocksDB for config type StorageConfig
[08:27:40] [Render thread/INFO] (Voxy) [me.cx.vy.cn.cg.Serialization]: Registered Config as Redis for config type StorageConfig
[08:27:40] [Render thread/INFO] (Voxy) [me.cx.vy.cn.cg.Serialization]: Registered Config as FragmentationAdaptor for config type StorageConfig
[08:27:40] [Render thread/INFO] (Voxy) [me.cx.vy.cn.cg.Serialization]: Registered Config2 as AutoFragmentationAdaptor for config type StorageConfig
[08:27:40] [Render thread/INFO] (Voxy) [me.cx.vy.cn.cg.Serialization]: Registered ConditionalStorageBackendConfig as ConditionalConfig for config type StorageConfig
[08:27:40] [Render thread/INFO] (Voxy) [me.cx.vy.cn.cg.Serialization]: Registered Config as CompressionAdaptor for config type StorageConfig
[08:27:40] [Render thread/INFO] (Voxy) [me.cx.vy.cn.cg.Serialization]: Registered Config as ReadonlyCachingLayer for config type StorageConfig
[08:27:40] [Render thread/INFO] (Voxy) [me.cx.vy.cn.cg.Serialization]: Registered BasicPathInsertionConfig as BasicPathConfig for config type StorageConfig
[08:27:40] [Render thread/INFO] (Voxy) [me.cx.vy.cn.cg.Serialization]: Registered Config as Memory for config type StorageConfig
[08:27:40] [Render thread/INFO] (Voxy) [me.cx.vy.cn.cg.Serialization]: Registered Config as LMDB for config type StorageConfig
[08:27:40] [Render thread/INFO] (Voxy) [me.cx.vy.cn.cg.Serialization]: Registered Config as LZ4 for config type CompressorConfig
[08:27:40] [Render thread/INFO] (Voxy) [me.cx.vy.cn.cg.Serialization]: Registered Config as ZSTD for config type CompressorConfig
[08:27:40] [Render thread/INFO] (Voxy) [me.cx.vy.cn.cg.Serialization]: Registered 13 config types
[08:27:40] [Render thread/INFO] (Mod Menu/Update Checker) Checking mod updates...
[08:27:40] [Render thread/INFO] (Indigo) [Indigo] Different rendering plugin detected; not applying Indigo.
[08:27:40] [ModMenu/Update Checker/Fabric Loader/INFO] (Mod Menu/Update Checker) Update available for 'fabricloader@0.19.3'
[08:27:40] [Render thread/INFO] (Sodium) Setting exclusive fullscreen to true by default, as the user is not on Windows and the language cannot be guessed.
[08:27:40] [Render thread/INFO] (Minecraft) Backend library: LWJGL version 3.4.1-snapshot
[08:27:40] [Render thread/WARN] (Minecraft) Graphics backend forced to vulkan by launch argument, in-game preferred graphics backend setting is ignored
[Vulkan Loader] LAYER:          Searching for implicit layer manifest files
[Vulkan Loader] LAYER:             In following locations:
[Vulkan Loader] LAYER:                /Library/Java/JavaVirtualMachines/temurin-25.jdk/Contents/Home/bin/vulkan/implicit_layer.d
[Vulkan Loader] LAYER:                /Users/xyz/.config/vulkan/implicit_layer.d
[Vulkan Loader] LAYER:                /opt/homebrew/etc/xdg/vulkan/implicit_layer.d
[Vulkan Loader] LAYER:                /etc/xdg/vulkan/implicit_layer.d
[Vulkan Loader] LAYER:                /opt/homebrew/etc/vulkan/implicit_layer.d
[Vulkan Loader] LAYER:                /etc/vulkan/implicit_layer.d
[Vulkan Loader] LAYER:                /Users/xyz/.local/share/vulkan/implicit_layer.d
[Vulkan Loader] LAYER:                /usr/local/share/vulkan/implicit_layer.d
[Vulkan Loader] LAYER:                /usr/share/vulkan/implicit_layer.d
[Vulkan Loader] LAYER:                /Users/xyz/.nix-profile/share/vulkan/implicit_layer.d
[Vulkan Loader] LAYER:                /nix/var/nix/profiles/default/share/vulkan/implicit_layer.d
[Vulkan Loader] LAYER:             Found no files
[Vulkan Loader] LAYER:          Searching for implicit layer manifest files
[Vulkan Loader] LAYER:             In following locations:
[Vulkan Loader] LAYER:                /Library/Java/JavaVirtualMachines/temurin-25.jdk/Contents/Home/bin/vulkan/implicit_layer.d
[Vulkan Loader] LAYER:                /Users/xyz/.config/vulkan/implicit_layer.d
[Vulkan Loader] LAYER:                /opt/homebrew/etc/xdg/vulkan/implicit_layer.d
[Vulkan Loader] LAYER:                /etc/xdg/vulkan/implicit_layer.d
[Vulkan Loader] LAYER:                /opt/homebrew/etc/vulkan/implicit_layer.d
[Vulkan Loader] LAYER:                /etc/vulkan/implicit_layer.d
[Vulkan Loader] LAYER:                /Users/xyz/.local/share/vulkan/implicit_layer.d
[Vulkan Loader] LAYER:                /usr/local/share/vulkan/implicit_layer.d
[Vulkan Loader] LAYER:                /usr/share/vulkan/implicit_layer.d
[Vulkan Loader] LAYER:                /Users/xyz/.nix-profile/share/vulkan/implicit_layer.d
[Vulkan Loader] LAYER:                /nix/var/nix/profiles/default/share/vulkan/implicit_layer.d
[Vulkan Loader] LAYER:             Found no files
[Vulkan Loader] LAYER:          Searching for implicit layer manifest files
[Vulkan Loader] LAYER:             In following locations:
[Vulkan Loader] LAYER:                /Library/Java/JavaVirtualMachines/temurin-25.jdk/Contents/Home/bin/vulkan/implicit_layer.d
[Vulkan Loader] LAYER:                /Users/xyz/.config/vulkan/implicit_layer.d
[Vulkan Loader] LAYER:                /opt/homebrew/etc/xdg/vulkan/implicit_layer.d
[Vulkan Loader] LAYER:                /etc/xdg/vulkan/implicit_layer.d
[Vulkan Loader] LAYER:                /opt/homebrew/etc/vulkan/implicit_layer.d
[Vulkan Loader] LAYER:                /etc/vulkan/implicit_layer.d
[Vulkan Loader] LAYER:                /Users/xyz/.local/share/vulkan/implicit_layer.d
[Vulkan Loader] LAYER:                /usr/local/share/vulkan/implicit_layer.d
[Vulkan Loader] LAYER:                /usr/share/vulkan/implicit_layer.d
[Vulkan Loader] LAYER:                /Users/xyz/.nix-profile/share/vulkan/implicit_layer.d
[Vulkan Loader] LAYER:                /nix/var/nix/profiles/default/share/vulkan/implicit_layer.d
[Vulkan Loader] LAYER:             Found no files
[Vulkan Loader] LAYER:          Searching for implicit layer manifest files
[Vulkan Loader] LAYER:             In following locations:
[Vulkan Loader] LAYER:                /Library/Java/JavaVirtualMachines/temurin-25.jdk/Contents/Home/bin/vulkan/implicit_layer.d
[Vulkan Loader] LAYER:                /Users/xyz/.config/vulkan/implicit_layer.d
[Vulkan Loader] LAYER:                /opt/homebrew/etc/xdg/vulkan/implicit_layer.d
[Vulkan Loader] LAYER:                /etc/xdg/vulkan/implicit_layer.d
[Vulkan Loader] LAYER:                /opt/homebrew/etc/vulkan/implicit_layer.d
[Vulkan Loader] LAYER:                /etc/vulkan/implicit_layer.d
[Vulkan Loader] LAYER:                /Users/xyz/.local/share/vulkan/implicit_layer.d
[Vulkan Loader] LAYER:                /usr/local/share/vulkan/implicit_layer.d
[Vulkan Loader] LAYER:                /usr/share/vulkan/implicit_layer.d
[Vulkan Loader] LAYER:                /Users/xyz/.nix-profile/share/vulkan/implicit_layer.d
[Vulkan Loader] LAYER:                /nix/var/nix/profiles/default/share/vulkan/implicit_layer.d
[Vulkan Loader] LAYER:             Found no files
[Vulkan Loader] LAYER:          Searching for implicit layer manifest files
[Vulkan Loader] LAYER:             In following locations:
[Vulkan Loader] LAYER:                /Library/Java/JavaVirtualMachines/temurin-25.jdk/Contents/Home/bin/vulkan/implicit_layer.d
[Vulkan Loader] LAYER:                /Users/xyz/.config/vulkan/implicit_layer.d
[Vulkan Loader] LAYER:                /opt/homebrew/etc/xdg/vulkan/implicit_layer.d
[Vulkan Loader] LAYER:                /etc/xdg/vulkan/implicit_layer.d
[Vulkan Loader] LAYER:                /opt/homebrew/etc/vulkan/implicit_layer.d
[Vulkan Loader] LAYER:                /etc/vulkan/implicit_layer.d
[Vulkan Loader] LAYER:                /Users/xyz/.local/share/vulkan/implicit_layer.d
[Vulkan Loader] LAYER:                /usr/local/share/vulkan/implicit_layer.d
[Vulkan Loader] LAYER:                /usr/share/vulkan/implicit_layer.d
[Vulkan Loader] LAYER:                /Users/xyz/.nix-profile/share/vulkan/implicit_layer.d
[Vulkan Loader] LAYER:                /nix/var/nix/profiles/default/share/vulkan/implicit_layer.d
[Vulkan Loader] LAYER:             Found no files
[Vulkan Loader] LAYER:          Searching for implicit layer manifest files
[Vulkan Loader] LAYER:             In following locations:
[Vulkan Loader] LAYER:                /Library/Java/JavaVirtualMachines/temurin-25.jdk/Contents/Home/bin/vulkan/implicit_layer.d
[Vulkan Loader] LAYER:                /Users/xyz/.config/vulkan/implicit_layer.d
[Vulkan Loader] LAYER:                /opt/homebrew/etc/xdg/vulkan/implicit_layer.d
[Vulkan Loader] LAYER:                /etc/xdg/vulkan/implicit_layer.d
[Vulkan Loader] LAYER:                /opt/homebrew/etc/vulkan/implicit_layer.d
[Vulkan Loader] LAYER:                /etc/vulkan/implicit_layer.d
[Vulkan Loader] LAYER:                /Users/xyz/.local/share/vulkan/implicit_layer.d
[Vulkan Loader] LAYER:                /usr/local/share/vulkan/implicit_layer.d
[Vulkan Loader] LAYER:                /usr/share/vulkan/implicit_layer.d
[Vulkan Loader] LAYER:                /Users/xyz/.nix-profile/share/vulkan/implicit_layer.d
[Vulkan Loader] LAYER:                /nix/var/nix/profiles/default/share/vulkan/implicit_layer.d
[Vulkan Loader] LAYER:             Found no files
[Vulkan Loader] LAYER:          Searching for explicit layer manifest files
[Vulkan Loader] LAYER:             In following locations:
[Vulkan Loader] LAYER:                /opt/homebrew/opt/vulkan-validationlayers/share/vulkan/explicit_layer.d
[Vulkan Loader] LAYER:             Found the following files:
[Vulkan Loader] LAYER:                /opt/homebrew/opt/vulkan-validationlayers/share/vulkan/explicit_layer.d/VkLayer_khronos_validation.json
[Vulkan Loader] LAYER:          Searching for implicit layer manifest files
[Vulkan Loader] LAYER:             In following locations:
[Vulkan Loader] LAYER:                /Library/Java/JavaVirtualMachines/temurin-25.jdk/Contents/Home/bin/vulkan/implicit_layer.d
[Vulkan Loader] LAYER:                /Users/xyz/.config/vulkan/implicit_layer.d
[Vulkan Loader] LAYER:                /opt/homebrew/etc/xdg/vulkan/implicit_layer.d
[Vulkan Loader] LAYER:                /etc/xdg/vulkan/implicit_layer.d
[Vulkan Loader] LAYER:                /opt/homebrew/etc/vulkan/implicit_layer.d
[Vulkan Loader] LAYER:                /etc/vulkan/implicit_layer.d
[Vulkan Loader] LAYER:                /Users/xyz/.local/share/vulkan/implicit_layer.d
[Vulkan Loader] LAYER:                /usr/local/share/vulkan/implicit_layer.d
[Vulkan Loader] LAYER:                /usr/share/vulkan/implicit_layer.d
[Vulkan Loader] LAYER:                /Users/xyz/.nix-profile/share/vulkan/implicit_layer.d
[Vulkan Loader] LAYER:                /nix/var/nix/profiles/default/share/vulkan/implicit_layer.d
[Vulkan Loader] LAYER:             Found no files
[Vulkan Loader] LAYER:          Searching for implicit layer manifest files
[Vulkan Loader] LAYER:             In following locations:
[Vulkan Loader] LAYER:                /Library/Java/JavaVirtualMachines/temurin-25.jdk/Contents/Home/bin/vulkan/implicit_layer.d
[Vulkan Loader] LAYER:                /Users/xyz/.config/vulkan/implicit_layer.d
[Vulkan Loader] LAYER:                /opt/homebrew/etc/xdg/vulkan/implicit_layer.d
[Vulkan Loader] LAYER:                /etc/xdg/vulkan/implicit_layer.d
[Vulkan Loader] LAYER:                /opt/homebrew/etc/vulkan/implicit_layer.d
[Vulkan Loader] LAYER:                /etc/vulkan/implicit_layer.d
[Vulkan Loader] LAYER:                /Users/xyz/.local/share/vulkan/implicit_layer.d
[Vulkan Loader] LAYER:                /usr/local/share/vulkan/implicit_layer.d
[Vulkan Loader] LAYER:                /usr/share/vulkan/implicit_layer.d
[Vulkan Loader] LAYER:                /Users/xyz/.nix-profile/share/vulkan/implicit_layer.d
[Vulkan Loader] LAYER:                /nix/var/nix/profiles/default/share/vulkan/implicit_layer.d
[Vulkan Loader] LAYER:             Found no files
[Vulkan Loader] LAYER:          Searching for explicit layer manifest files
[Vulkan Loader] LAYER:             In following locations:
[Vulkan Loader] LAYER:                /opt/homebrew/opt/vulkan-validationlayers/share/vulkan/explicit_layer.d
[Vulkan Loader] LAYER:             Found the following files:
[Vulkan Loader] LAYER:                /opt/homebrew/opt/vulkan-validationlayers/share/vulkan/explicit_layer.d/VkLayer_khronos_validation.json
[08:27:41] [Render thread/WARN] (Minecraft) Enabling Vulkan validation layers
[Vulkan Loader] LAYER:          Searching for implicit layer manifest files
[Vulkan Loader] LAYER:             In following locations:
[Vulkan Loader] LAYER:                /Library/Java/JavaVirtualMachines/temurin-25.jdk/Contents/Home/bin/vulkan/implicit_layer.d
[Vulkan Loader] LAYER:                /Users/xyz/.config/vulkan/implicit_layer.d
[Vulkan Loader] LAYER:                /opt/homebrew/etc/xdg/vulkan/implicit_layer.d
[Vulkan Loader] LAYER:                /etc/xdg/vulkan/implicit_layer.d
[Vulkan Loader] LAYER:                /opt/homebrew/etc/vulkan/implicit_layer.d
[Vulkan Loader] LAYER:                /etc/vulkan/implicit_layer.d
[Vulkan Loader] LAYER:                /Users/xyz/.local/share/vulkan/implicit_layer.d
[Vulkan Loader] LAYER:                /usr/local/share/vulkan/implicit_layer.d
[Vulkan Loader] LAYER:                /usr/share/vulkan/implicit_layer.d
[Vulkan Loader] LAYER:                /Users/xyz/.nix-profile/share/vulkan/implicit_layer.d
[Vulkan Loader] LAYER:                /nix/var/nix/profiles/default/share/vulkan/implicit_layer.d
[Vulkan Loader] LAYER:             Found no files
[Vulkan Loader] LAYER:          Searching for implicit layer manifest files
[Vulkan Loader] LAYER:             In following locations:
[Vulkan Loader] LAYER:                /Library/Java/JavaVirtualMachines/temurin-25.jdk/Contents/Home/bin/vulkan/implicit_layer.d
[Vulkan Loader] LAYER:                /Users/xyz/.config/vulkan/implicit_layer.d
[Vulkan Loader] LAYER:                /opt/homebrew/etc/xdg/vulkan/implicit_layer.d
[Vulkan Loader] LAYER:                /etc/xdg/vulkan/implicit_layer.d
[Vulkan Loader] LAYER:                /opt/homebrew/etc/vulkan/implicit_layer.d
[Vulkan Loader] LAYER:                /etc/vulkan/implicit_layer.d
[Vulkan Loader] LAYER:                /Users/xyz/.local/share/vulkan/implicit_layer.d
[Vulkan Loader] LAYER:                /usr/local/share/vulkan/implicit_layer.d
[Vulkan Loader] LAYER:                /usr/share/vulkan/implicit_layer.d
[Vulkan Loader] LAYER:                /Users/xyz/.nix-profile/share/vulkan/implicit_layer.d
[Vulkan Loader] LAYER:                /nix/var/nix/profiles/default/share/vulkan/implicit_layer.d
[Vulkan Loader] LAYER:             Found no files
[Vulkan Loader] LAYER:          Searching for implicit layer manifest files
[Vulkan Loader] LAYER:             In following locations:
[Vulkan Loader] LAYER:                /Library/Java/JavaVirtualMachines/temurin-25.jdk/Contents/Home/bin/vulkan/implicit_layer.d
[Vulkan Loader] LAYER:                /Users/xyz/.config/vulkan/implicit_layer.d
[Vulkan Loader] LAYER:                /opt/homebrew/etc/xdg/vulkan/implicit_layer.d
[Vulkan Loader] LAYER:                /etc/xdg/vulkan/implicit_layer.d
[Vulkan Loader] LAYER:                /opt/homebrew/etc/vulkan/implicit_layer.d
[Vulkan Loader] LAYER:                /etc/vulkan/implicit_layer.d
[Vulkan Loader] LAYER:                /Users/xyz/.local/share/vulkan/implicit_layer.d
[Vulkan Loader] LAYER:                /usr/local/share/vulkan/implicit_layer.d
[Vulkan Loader] LAYER:                /usr/share/vulkan/implicit_layer.d
[Vulkan Loader] LAYER:                /Users/xyz/.nix-profile/share/vulkan/implicit_layer.d
[Vulkan Loader] LAYER:                /nix/var/nix/profiles/default/share/vulkan/implicit_layer.d
[Vulkan Loader] LAYER:             Found no files
[Vulkan Loader] LAYER:          Searching for implicit layer manifest files
[Vulkan Loader] LAYER:             In following locations:
[Vulkan Loader] LAYER:                /Library/Java/JavaVirtualMachines/temurin-25.jdk/Contents/Home/bin/vulkan/implicit_layer.d
[Vulkan Loader] LAYER:                /Users/xyz/.config/vulkan/implicit_layer.d
[Vulkan Loader] LAYER:                /opt/homebrew/etc/xdg/vulkan/implicit_layer.d
[Vulkan Loader] LAYER:                /etc/xdg/vulkan/implicit_layer.d
[Vulkan Loader] LAYER:                /opt/homebrew/etc/vulkan/implicit_layer.d
[Vulkan Loader] LAYER:                /etc/vulkan/implicit_layer.d
[Vulkan Loader] LAYER:                /Users/xyz/.local/share/vulkan/implicit_layer.d
[Vulkan Loader] LAYER:                /usr/local/share/vulkan/implicit_layer.d
[Vulkan Loader] LAYER:                /usr/share/vulkan/implicit_layer.d
[Vulkan Loader] LAYER:                /Users/xyz/.nix-profile/share/vulkan/implicit_layer.d
[Vulkan Loader] LAYER:                /nix/var/nix/profiles/default/share/vulkan/implicit_layer.d
[Vulkan Loader] LAYER:             Found no files
[Vulkan Loader] LAYER:          Searching for implicit layer manifest files
[Vulkan Loader] LAYER:             In following locations:
[Vulkan Loader] LAYER:                /Library/Java/JavaVirtualMachines/temurin-25.jdk/Contents/Home/bin/vulkan/implicit_layer.d
[Vulkan Loader] LAYER:                /Users/xyz/.config/vulkan/implicit_layer.d
[Vulkan Loader] LAYER:                /opt/homebrew/etc/xdg/vulkan/implicit_layer.d
[Vulkan Loader] LAYER:                /etc/xdg/vulkan/implicit_layer.d
[Vulkan Loader] LAYER:                /opt/homebrew/etc/vulkan/implicit_layer.d
[Vulkan Loader] LAYER:                /etc/vulkan/implicit_layer.d
[Vulkan Loader] LAYER:                /Users/xyz/.local/share/vulkan/implicit_layer.d
[Vulkan Loader] LAYER:                /usr/local/share/vulkan/implicit_layer.d
[Vulkan Loader] LAYER:                /usr/share/vulkan/implicit_layer.d
[Vulkan Loader] LAYER:                /Users/xyz/.nix-profile/share/vulkan/implicit_layer.d
[Vulkan Loader] LAYER:                /nix/var/nix/profiles/default/share/vulkan/implicit_layer.d
[Vulkan Loader] LAYER:             Found no files
[Vulkan Loader] LAYER:          Searching for explicit layer manifest files
[Vulkan Loader] LAYER:             In following locations:
[Vulkan Loader] LAYER:                /opt/homebrew/opt/vulkan-validationlayers/share/vulkan/explicit_layer.d
[Vulkan Loader] LAYER:             Found the following files:
[Vulkan Loader] LAYER:                /opt/homebrew/opt/vulkan-validationlayers/share/vulkan/explicit_layer.d/VkLayer_khronos_validation.json
[Vulkan Loader] WARNING | LAYER: env var 'VK_INSTANCE_LAYERS' defined and adding layers "VK_LAYER_KHRONOS_validation"
[Vulkan Loader] WARNING | LAYER: env var 'VK_INSTANCE_LAYERS' defined and adding layers "VK_LAYER_KHRONOS_validation"
[Vulkan Loader] DEBUG | LAYER:  Loading layer library libVkLayer_khronos_validation.dylib
[Vulkan Loader] INFO | LAYER:   Insert instance layer "VK_LAYER_KHRONOS_validation" (/opt/homebrew/Cellar/vulkan-validationlayers/1.4.357.0/lib/libVkLayer_khronos_validation.dylib)
[Vulkan Loader] LAYER:          vkCreateInstance layer callstack setup to:
[Vulkan Loader] LAYER:             <Application>
[Vulkan Loader] LAYER:               ||
[Vulkan Loader] LAYER:             <Loader>
[Vulkan Loader] LAYER:               ||
[Vulkan Loader] LAYER:             VK_LAYER_KHRONOS_validation
[Vulkan Loader] LAYER:                     Type: Explicit
[Vulkan Loader] LAYER:                     Enabled By: Environment Variable VK_INSTANCE_LAYERS
[Vulkan Loader] LAYER:                     Manifest: /opt/homebrew/opt/vulkan-validationlayers/share/vulkan/explicit_layer.d/VkLayer_khronos_validation.json
[Vulkan Loader] LAYER:                     Library:  /opt/homebrew/Cellar/vulkan-validationlayers/1.4.357.0/lib/libVkLayer_khronos_validation.dylib
[Vulkan Loader] LAYER:               ||
[Vulkan Loader] LAYER:             <Drivers>
[08:27:41] [Download-3/INFO] (Mod Menu/Update Checker) Update available for 'lithium@0.25.1+mc26.2', (-> mc26.2-0.25.3-fabric)
[08:27:41] [Download-3/INFO] (Mod Menu/Update Checker) Update available for 'fabric-api@0.152.2+26.2', (-> 0.161.0+26.2)
[08:27:41] [Download-3/INFO] (Mod Menu/Update Checker) Update available for 'sodium@0.9.2-alpha.3+mc26.2', (-> mc26.2-0.9.2-fabric)
[08:27:41] [Download-3/INFO] (Mod Menu/Update Checker) Update available for 'modmenu@20.0.0', (-> 20.0.3)
[08:27:41] [Render thread/WARN] (Voxy) [me.cx.vy.ct.ce.vk.me.McNativeDeviceFeatures]: [native-vk] drawIndirectFirstInstance: offset 40 verified by read-back
[08:27:41] [Render thread/WARN] (Voxy) [me.cx.vy.ct.ce.vk.me.McNativeDeviceFeatures]: [native-vk] shaderInt64: offset 160 verified by read-back
[08:27:41] [Render thread/WARN] (Voxy) [me.cx.vy.ct.ce.vk.me.McNativeDeviceFeatures]: [native-vk] fragmentStoresAndAtomics: offset 104 verified by read-back
[08:27:41] [Render thread/WARN] (Voxy) [me.cx.vy.ct.ce.vk.me.McNativeDeviceFeatures]: [native-vk] vertexPipelineStoresAndAtomics: offset 100 verified by read-back
[08:27:41] [Render thread/INFO] (Voxy) [me.cx.vy.ct.ce.vk.me.McNativeDeviceFeatures]: [native-vk] asked Minecraft's device for [drawIndirectFirstInstance, shaderInt64, fragmentStoresAndAtomics, vertexPipelineStoresAndAtomics] (supported by this device, not requested by Minecraft)
[Vulkan Loader] INFO | LAYER:   Inserted device layer "VK_LAYER_KHRONOS_validation" (/opt/homebrew/Cellar/vulkan-validationlayers/1.4.357.0/lib/libVkLayer_khronos_validation.dylib)
[Vulkan Loader] DRIVER:         vkCreateDevice layer callstack setup to:
[Vulkan Loader] DRIVER:            <Application>
[Vulkan Loader] DRIVER:              ||
[Vulkan Loader] DRIVER:            <Loader>
[Vulkan Loader] DRIVER:              ||
[Vulkan Loader] LAYER:             VK_LAYER_KHRONOS_validation
[Vulkan Loader] LAYER:                     Type: Explicit
[Vulkan Loader] LAYER:                     Enabled By: Environment Variable VK_INSTANCE_LAYERS
[Vulkan Loader] LAYER:                     Manifest: /opt/homebrew/opt/vulkan-validationlayers/share/vulkan/explicit_layer.d/VkLayer_khronos_validation.json
[Vulkan Loader] LAYER:                     Library:  /opt/homebrew/Cellar/vulkan-validationlayers/1.4.357.0/lib/libVkLayer_khronos_validation.dylib
[Vulkan Loader] LAYER:               ||
[Vulkan Loader] DRIVER:            <Device>
[Vulkan Loader] DRIVER:                Using "Apple M4 Pro" with driver: "/opt/homebrew/Cellar/molten-vk/1.4.2/lib/libMoltenVK.dylib"
[Vulkan Loader] LAYER:          Searching for implicit layer manifest files
[Vulkan Loader] LAYER:             In following locations:
[Vulkan Loader] LAYER:                /Library/Java/JavaVirtualMachines/temurin-25.jdk/Contents/Home/bin/vulkan/implicit_layer.d
[Vulkan Loader] LAYER:                /Users/xyz/.config/vulkan/implicit_layer.d
[Vulkan Loader] LAYER:                /opt/homebrew/etc/xdg/vulkan/implicit_layer.d
[Vulkan Loader] LAYER:                /etc/xdg/vulkan/implicit_layer.d
[Vulkan Loader] LAYER:                /opt/homebrew/etc/vulkan/implicit_layer.d
[Vulkan Loader] LAYER:                /etc/vulkan/implicit_layer.d
[Vulkan Loader] LAYER:                /Users/xyz/.local/share/vulkan/implicit_layer.d
[Vulkan Loader] LAYER:                /usr/local/share/vulkan/implicit_layer.d
[Vulkan Loader] LAYER:                /usr/share/vulkan/implicit_layer.d
[Vulkan Loader] LAYER:                /Users/xyz/.nix-profile/share/vulkan/implicit_layer.d
[Vulkan Loader] LAYER:                /nix/var/nix/profiles/default/share/vulkan/implicit_layer.d
[Vulkan Loader] LAYER:             Found no files
[08:27:41] [Render thread/INFO] (Voxy) [me.cx.vy.ct.ce.vk.VkContext]: Vulkan (adopted from the host application): Apple M4 Pro api=1.2.357 driver=0.2.2210 vendorID=0x106b deviceID=0x1b000209 (adopted) queueFamily=0 subgroupSize=32 timestampBits=64 maxPushConstants=4096 minSsboOffsetAlign=16 unifiedMemType=1 metalObjects=false validation=true syncValidation=false
[08:27:41] [Render thread/INFO] (Voxy) [me.cx.vy.ct.ce.vk.me.McNativeVkContext]: [native-vk] adopted Minecraft's Vulkan device into VkContext: true
[08:27:41] [Render thread/WARN] (Voxy) [me.cx.vy.ct.ce.gl.Capabilities]: No OpenGL context on this thread (IllegalStateException); Minecraft is probably not using the OpenGL backend. Voxy will disable itself.
[08:27:41] [Render thread/ERROR] (Voxy) [me.cx.vy.ct.VoxyClient]: Minecraft is not using the OpenGL backend; Voxy's Vulkan path still needs a GL context to composite through. Voxy will disable itself. (set preferredGraphicsBackend to "default" in options.txt)
[08:27:41] [Render thread/ERROR] (Voxy) [me.cx.vy.ct.VoxyClient]: Voxy is unsupported on your system.
[08:27:41] [Render thread/INFO] (Voxy) [me.cx.vy.ct.VoxyClient]: [native-vk] native instance mode: Minecraft is on Vulkan and voxy.native.instance is set; starting Voxy's instance (world engine, storage, ingest) without a render path
[08:27:41] [Render thread/INFO] (Minecraft) Using graphics backend Vulkan, using drivers: 1.2.357 MoltenVK 1.4.2
[08:27:41] [Render thread/INFO] (Minecraft) Using graphics device: Apple M4 Pro (APPLE)
[08:27:41] [Render thread/INFO] (Minecraft) Using graphics device extensions: VK_KHR_portability_subset (D), VK_KHR_synchronization2 (D), VK_EXT_metal_surface (I), VK_EXT_vertex_attribute_divisor (D), VK_KHR_portability_enumeration (I), VK_KHR_swapchain (D), VK_KHR_surface (I), VK_KHR_push_descriptor (D), VK_EXT_debug_utils (I), VK_KHR_dynamic_rendering (D)
[08:27:41] [Download-2/INFO] (Minecraft) Could not authorize you against Realms server: java.lang.RuntimeException: Failed to parse into SignedJWT: FabricMC
[08:27:41] [Render thread/INFO] (Minecraft) Reloading ResourceManager: vanilla, fabric-api, fabric-api-base, fabric-api-lookup-api-v1, fabric-biome-api-v1, fabric-block-api-v1, fabric-block-getter-api-v2, fabric-client-gametest-api-v1, fabric-command-api-v2, fabric-content-registries-v0, fabric-convention-tags-v2, fabric-crash-report-info-v1, fabric-creative-tab-api-v1, fabric-data-attachment-api-v1, fabric-data-generation-api-v1, fabric-debug-api-v1, fabric-dimensions-v1, fabric-entity-events-v1, fabric-events-interaction-v0, fabric-game-rule-api-v1, fabric-gametest-api-v1, fabric-item-api-v1, fabric-key-mapping-api-v1, fabric-lifecycle-events-v1, fabric-loot-api-v3, fabric-menu-api-v1, fabric-message-api-v1, fabric-model-loading-api-v1, fabric-networking-api-v1, fabric-object-builder-api-v1, fabric-particles-v1, fabric-permission-api-v1, fabric-recipe-api-v1, fabric-registry-sync-v0, fabric-renderer-api-v1, fabric-renderer-indigo, fabric-rendering-fluids-v1, fabric-rendering-v1, fabric-resource-conditions-api-v1, fabric-resource-loader-v0, fabric-resource-loader-v1, fabric-screen-api-v1, fabric-serialization-api-v1, fabric-sound-api-v1, fabric-tag-api-v1, fabric-transfer-api-v1, fabric-transitive-access-wideners-v1, fabricloader, lithium, modmenu, sodium, voxy
[08:27:41] [Render thread/INFO] (Voxy) [me.cx.vy.ct.ce.vk.me.McNativeVulkanProbe]: [native-vk] Minecraft graphics backend: LWJGL version 3.4.1-snapshot
  minecraft uses its vulkan backend: true
  backend class: com.mojang.blaze3d.vulkan.VulkanDevice
  device: Apple M4 Pro / vendor APPLE / driver 1.2.357 MoltenVK 1.4.2
  VkInstance=0x77d2ef4000 VkDevice=0x77d2ed4018 vma=0x1264e8000
  queue families: graphics=0 compute=3 transfer=3
  colour: label=Main / Color VkImage=0x520000000052 VkImageView=0x560000000056 format=RGBA8_UNORM 1708x960 mips=1 usage=0xf
  depth: label=Main / Depth VkImage=0x540000000054 VkImageView=0x570000000057 format=D32_FLOAT 1708x960 mips=1 usage=0xf
[08:27:41] [Render thread/INFO] (Voxy) [me.cx.vy.ct.ce.vk.me.McNativeVulkanProbe]: [native-vk] Voxy requires 8 device features; supported-but-not-enabled-by-Minecraft=[drawIndirectFirstInstance, shaderInt64, fragmentStoresAndAtomics, vertexPipelineStoresAndAtomics] unsupported=[] zZeroToOne=true
[08:27:41] [Render thread/INFO] (Voxy) [me.cx.vy.ct.ce.vk.me.McNativeComputeProbe]: [native-vk] int64 compute on Minecraft's device: wrote and read back 0x123456789abcdef
[08:27:41] [Render thread/INFO] (Voxy) [me.cx.vy.ct.ce.vk.me.McNativeVkContext]: [native-vk] Voxy's own buffer + shader + command pool on Minecraft's device: wrote and read back 0x123456789abcdef
[08:27:41] [Worker-Main-3/INFO] (Minecraft) Found unifont_all_no_pua-17.0.01.hex, loading
[08:27:41] [Worker-Main-10/INFO] (Minecraft) Found unifont_pua-17.0.01.hex, loading
[08:27:41] [Worker-Main-5/INFO] (Minecraft) Found unifont_jp_patch-17.0.01.hex, loading
[08:27:42] [Render thread/INFO] (Voxy) [me.cx.vy.ct.ce.vk.sr.VkShader$Builder]: VkShader 'native-merged-index-probe': 3 bindings, push=4B, stages=[COMPUTE]
[08:27:42] [Render thread/INFO] (Voxy) [me.cx.vy.ct.ce.vk.me.McNativeRealShaderProbe]: [native-vk] Voxy's real shader stack on Minecraft's device: 189 quad ordinals resolved, all matching the CPU reference
[08:27:42] [Render thread/INFO] (Minecraft) OpenAL initialized on device MacBook Pro Speakers
[08:27:42] [Render thread/INFO] (Minecraft) Sound engine started
[08:27:42] [Render thread/INFO] (Minecraft) Created: 512x256x0 minecraft:textures/atlas/particles.png-atlas
[08:27:42] [Render thread/INFO] (Minecraft) Created: 128x128x0 minecraft:textures/atlas/decorated_pot.png-atlas
[08:27:42] [Render thread/INFO] (Minecraft) Created: 2048x1024x0 minecraft:textures/atlas/armor_trims.png-atlas
[08:27:42] [Render thread/INFO] (Minecraft) Created: 512x256x0 minecraft:textures/atlas/paintings.png-atlas
[08:27:42] [Render thread/INFO] (Minecraft) Created: 1024x512x0 minecraft:textures/atlas/shield_patterns.png-atlas
[08:27:42] [Render thread/INFO] (Minecraft) Created: 2048x2048x4 minecraft:textures/atlas/blocks.png-atlas
[08:27:42] [Render thread/INFO] (Minecraft) Created: 512x512x0 minecraft:textures/atlas/chest.png-atlas
[08:27:42] [Render thread/INFO] (Minecraft) Created: 256x128x0 minecraft:textures/atlas/celestials.png-atlas
[08:27:42] [Render thread/INFO] (Minecraft) Created: 1024x512x0 minecraft:textures/atlas/banner_patterns.png-atlas
[08:27:42] [Render thread/INFO] (Minecraft) Created: 1024x512x0 minecraft:textures/atlas/items.png-atlas
[08:27:43] [Render thread/INFO] (Minecraft) Created: 1024x1024x0 minecraft:textures/atlas/gui.png-atlas
[08:27:43] [Render thread/INFO] (Minecraft) Created: 128x64x0 minecraft:textures/atlas/map_decorations.png-atlas
[08:27:43] [Render thread/INFO] (Minecraft) Created: 512x512x0 minecraft:textures/atlas/shulker_boxes.png-atlas
[08:27:43] [Render thread/INFO] (Voxy) [me.cx.vy.ct.cg.VoxyConfig]: Config file doesnt exist, creating new
[08:27:43] [Render thread/INFO] (Minecraft) [STDOUT]: [voxy-harness] stage=create
[08:27:43] [Download-2/INFO] (Minecraft) Could not authorize you against Realms server: java.lang.RuntimeException: Failed to parse into SignedJWT: FabricMC
[08:27:43] [Render thread/INFO] (Minecraft) Found new data pack fabric-convention-tags-v2, loading it automatically
[08:27:43] [Render thread/INFO] (Minecraft) Found new data pack fabric-gametest-api-v1, loading it automatically
[08:27:43] [Render thread/INFO] (Minecraft) Loaded 1585 recipes
[08:27:43] [Render thread/INFO] (Minecraft) Loaded 1688 advancements
[08:27:44] [Render thread/INFO] (BiomeModificationImpl) Applied 0 biome modifications to 0 of 66 new biomes in 570.8 μs
[08:27:44] [Server thread/INFO] (Minecraft) Starting integrated minecraft server version 26.2
[08:27:44] [Server thread/INFO] (Minecraft) Generating keypair
[08:27:44] [Server thread/INFO] (Minecraft) Selecting global world spawn...
[08:27:45] [Server thread/INFO] (Minecraft) Loading 0 persistent chunks...
[08:27:45] [Server thread/INFO] (Minecraft) Preparing spawn area: 16%
[08:27:45] [Server thread/INFO] (Minecraft) Saving chunks for level 'ServerLevel[voxy-harness]'/minecraft:overworld
[08:27:45] [Server thread/INFO] (Minecraft) Saving chunks for level 'ServerLevel[voxy-harness]'/minecraft:the_end
[08:27:45] [Server thread/INFO] (Minecraft) Saving chunks for level 'ServerLevel[voxy-harness]'/minecraft:the_nether
[08:27:45] [Server thread/INFO] (Minecraft) ThreadedAnvilChunkStorage (world): All chunks are saved
[08:27:45] [Server thread/INFO] (Minecraft) ThreadedAnvilChunkStorage (DIM1): All chunks are saved
[08:27:45] [Server thread/INFO] (Minecraft) ThreadedAnvilChunkStorage (DIM-1): All chunks are saved
[08:27:45] [Server thread/INFO] (Minecraft) ThreadedAnvilChunkStorage: All dimensions are saved
[08:27:45] [Server thread/INFO] (Minecraft) Loading 48 chunks for player spawn...
[08:27:45] [Server thread/INFO] (Minecraft) Preparing spawn area: 16%
[08:27:45] [Server thread/INFO] (Minecraft) Preparing spawn area: 16%
[08:27:45] [Server thread/INFO] (Minecraft) Preparing spawn area: 16%
[08:27:46] [Server thread/INFO] (Minecraft) Preparing spawn area: 30%
[08:27:46] [Server thread/INFO] (Minecraft) Preparing spawn area: 100%
[08:27:46] [Server thread/INFO] (Minecraft) Time elapsed: 2504 ms
[08:27:46] [Server thread/INFO] (Minecraft) Player4[local:E:0e0f1c81] logged in with entity id 5 at (10.5, 75.0, 9.5)
[08:27:46] [Server thread/INFO] (Minecraft) Player4 joined the game
[08:27:46] [Render thread/INFO] (Voxy) [me.cx.vy.cl.VoxyInstance]: Initializing voxy instance
[08:27:46] [Render thread/INFO] (Voxy) [me.cx.vy.cl.VoxyInstance]: Dedicated voxy thread pool size: 9
[08:27:46] [Render thread/INFO] (Voxy) [me.cx.vy.cl.VoxyInstance]: Creating new world engine: 7462760223788803275@1605706307
[08:27:46] [Server thread/INFO] (Minecraft) Changing view distance to 8, from 10
[08:27:46] [Server thread/INFO] (Minecraft) Changing simulation distance to 5, from 0
[08:27:47] [Render thread/INFO] (Voxy) [nt.mt.ct.rr.LevelRenderer]: [native-vk] native instance mode: world engine created; no renderer
[08:27:47] [Render thread/INFO] (ChunkBuilder) Started 8 worker threads
[08:27:47] [Render thread/INFO] (Voxy) [me.cx.vy.cl.VoxyInstance]: Dedicated voxy thread pool size: 1
[08:27:47] [Render thread/INFO] (Minecraft) Loaded 2 advancements
[08:27:47] [Render thread/INFO] (ChunkBuilder) Stopping worker threads
[08:27:47] [Render thread/INFO] (ChunkBuilder) Started 8 worker threads
[08:27:47] [Render thread/INFO] (Voxy) [me.cx.vy.ct.ce.vk.me.McNativeDepthLadder]: [native-vk] created the depth-ladder pipelines on Minecraft's device (colour 37, depth 126, depth writes OFF)
[08:27:47] [Render thread/INFO] (Voxy) [me.cx.vy.ct.ce.vk.me.McNativeHierarchicalLoad]: [native-vk] hier frames entering stage create: composited=0 skipped=0 builds=0
[08:27:47] [Render thread/INFO] (Voxy) [me.cx.vy.ct.ce.vk.me.McNativeAtlas]: [native-vk] requested the block atlas (2048x2048) through Blaze3D
[08:27:47] [Render thread/INFO] (Voxy) [me.cx.vy.ct.ce.vk.me.McNativeInstanceProbe]: [native-vk] native instance at frame 1 stage=create factory=true instance=true engine=true live=true activeSections=18 renderer=false ingest=true cameraCaptures=1 storedNearCamera=3
[08:27:47] [Render thread/INFO] (Minecraft) Resizing Dynamic Transforms UBO, capacity limit of 2 reached during a single frame. New capacity will be 4.
[08:27:47] [Render thread/INFO] (Minecraft) [STDOUT]: [voxy-harness] stage=warmup
[08:27:47] [Server thread/INFO] (Minecraft) [Player4: Set minecraft:overworld to time marker minecraft:noon]
[08:27:47] [Server thread/INFO] (Minecraft) [Player4: Set the weather to clear]
[08:27:47] [Render thread/INFO] (Minecraft) Resizing Dynamic Transforms UBO, capacity limit of 4 reached during a single frame. New capacity will be 8.
[08:27:47] [Render thread/INFO] (Voxy) [me.cx.vy.ct.ce.vk.me.McNativeDepthLadder]: [native-vk] depth ladder sample requested at draw 2 stage=warmup camera=[10.5 76.61832308769226 9.5 0.0 0.0]
[08:27:47] [Server thread/INFO] (Minecraft) [Player4: Teleported Player4 to 0.500000, 120.000000, 0.500000]
[08:27:47] [Download-2/ERROR] (Minecraft) Failed to retrieve profile key pair

MinecraftClientHttpException[type=HTTP_ERROR, status=401, response=ErrorResponse[path=/player/certificates, error=null, errorMessage=null, details=null]]
	at knot//com.mojang.authlib.minecraft.client.MinecraftClient.buildHttpException(MinecraftClient.java:170)
	at knot//com.mojang.authlib.minecraft.client.MinecraftClient.readServiceResponse(MinecraftClient.java:147)
	at knot//com.mojang.authlib.minecraft.client.MinecraftClient.post(MinecraftClient.java:89)
	at knot//com.mojang.authlib.yggdrasil.YggdrasilUserApiService.getKeyPair(YggdrasilUserApiService.java:62)
	at knot//net.minecraft.client.multiplayer.AccountProfileKeyPairManager.fetchProfileKeyPair(AccountProfileKeyPairManager.java:128)
	at knot//net.minecraft.client.multiplayer.AccountProfileKeyPairManager.lambda$readOrFetchProfileKeyPair$0(AccountProfileKeyPairManager.java:77)
	at java.base/java.util.concurrent.CompletableFuture$AsyncSupply.run(CompletableFuture.java:1789)
	at java.base/java.util.concurrent.ThreadPoolExecutor.runWorker(ThreadPoolExecutor.java:1090)
	at java.base/java.util.concurrent.ThreadPoolExecutor$Worker.run(ThreadPoolExecutor.java:614)
	at java.base/java.lang.Thread.run(Thread.java:1474)
[08:27:47] [Render thread/INFO] (Voxy) [me.cx.vy.ct.ce.vk.sr.VkShader$Builder]: VkShader 'vk-terrain-per_section': 8 bindings, push=0B, stages=[VERTEX, FRAGMENT]
[08:27:47] [Render thread/INFO] (Voxy) [me.cx.vy.ct.ce.vk.me.McNativeTerrainScene]: [native-vk] terrain reference on the adopted device: 21972 of 1639680 pixels are not background
[08:27:47] [Render thread/INFO] (Voxy) [me.cx.vy.ct.ce.vk.me.McNativeTerrainLoad]: [native-vk] terrain-LOAD scene built: 21972 reference pixels, 10 draw(s), depth state declared [6, 1, 1]
[08:27:47] [Render thread/INFO] (Voxy) [me.cx.vy.ct.ce.vk.me.McNativeHierarchicalLoad]: [native-vk] hier frames entering stage warmup: composited=0 skipped=1 builds=0
[08:27:47] [Render thread/INFO] (Voxy) [me.cx.vy.ct.ce.vk.me.McNativeAtlas]: [native-vk] block atlas read through Blaze3D: 2048x2048
[08:27:47] [Render thread/INFO] (Minecraft) [System] [CHAT] Set minecraft:overworld to time marker minecraft:noon
[08:27:47] [Render thread/INFO] (Minecraft) [System] [CHAT] Set the weather to clear
[08:27:47] [Render thread/INFO] (Minecraft) [System] [CHAT] Teleported Player4 to 0.500000, 120.000000, 0.500000
[08:27:47] [Render thread/INFO] (Voxy) [me.cx.vy.ct.ce.vk.sr.VkShader$Builder]: VkShader 'vk-hiz': 1 bindings, push=0B, stages=[VERTEX, FRAGMENT]
[08:27:47] [Render thread/INFO] (Voxy) [me.cx.vy.ct.ce.vk.sr.VkShader$Builder]: VkShader 'vk-traversal': 10 bindings, push=4B, stages=[COMPUTE]
[08:27:47] [Render thread/INFO] (Voxy) [me.cx.vy.ct.ce.vk.sr.VkShader$Builder]: VkShader 'vk-merged-prep': 8 bindings, push=0B, stages=[COMPUTE]
[08:27:47] [Render thread/INFO] (Voxy) [me.cx.vy.ct.ce.vk.sr.VkShader$Builder]: VkShader 'vk-merged-cmdgen': 10 bindings, push=0B, stages=[COMPUTE]
[08:27:47] [Render thread/INFO] (Voxy) [me.cx.vy.ct.ce.vk.sr.VkShader$Builder]: VkShader 'vk-temporal-prefix': 2 bindings, push=12B, stages=[COMPUTE]
[08:27:47] [Render thread/INFO] (Voxy) [me.cx.vy.ct.ce.vk.sr.VkShader$Builder]: VkShader 'vk-translucent-bucket-scan': 1 bindings, push=0B, stages=[COMPUTE]
[08:27:47] [Render thread/INFO] (Voxy) [me.cx.vy.ct.ce.vk.sr.VkShader$Builder]: VkShader 'vk-translucent-gen': 7 bindings, push=0B, stages=[COMPUTE]
[08:27:47] [Render thread/INFO] (Voxy) [me.cx.vy.ct.ce.vk.sr.VkShader$Builder]: VkShader 'vk-translucent-prefix': 4 bindings, push=4B, stages=[COMPUTE]
[08:27:47] [Render thread/INFO] (Voxy) [me.cx.vy.ct.ce.vk.sr.VkShader$Builder]: VkShader 'vk-merged-prefix': 2 bindings, push=12B, stages=[COMPUTE]
[08:27:47] [Render thread/INFO] (Voxy) [me.cx.vy.ct.ce.vk.sr.VkShader$Builder]: VkShader 'vk-cull-raster': 4 bindings, push=0B, stages=[VERTEX, FRAGMENT]
[08:27:47] [Render thread/INFO] (Voxy) [me.cx.vy.ct.ce.vk.sr.VkShader$Builder]: VkShader 'vk-terrain-merged': 10 bindings, push=0B, stages=[VERTEX, FRAGMENT]
[08:27:47] [Render thread/INFO] (Voxy) [me.cx.vy.ct.ce.vk.sr.VkShader$Builder]: VkShader 'vk-terrain-merged': 10 bindings, push=0B, stages=[VERTEX, FRAGMENT]
[08:27:48] [Render thread/INFO] (Voxy) [me.cx.vy.ct.ce.vk.sr.VkShader$Builder]: VkShader 'vk-terrain-merged': 10 bindings, push=0B, stages=[VERTEX, FRAGMENT]
[08:27:48] [Render thread/INFO] (Voxy) [me.cx.vy.ct.ce.vk.VkRealModelBakery]: [5c-3b] replayed 5 biomes already registered by the world
[08:27:48] [Render thread/INFO] (Voxy) [me.cx.vy.ct.ce.vk.sr.VkShader$Builder]: VkShader 'vk-depth-resolve-reproject': 1 bindings, push=128B, stages=[VERTEX, FRAGMENT]
[08:27:48] [Render thread/INFO] (Voxy) [me.cx.vy.ct.ce.vk.sr.VkShader$Builder]: VkShader 'vk-native-composite': 2 bindings, push=0B, stages=[VERTEX, FRAGMENT]
[08:27:48] [Render thread/INFO] (Voxy) [me.cx.vy.ct.ce.vk.me.McNativeHierarchicalLoad]: [native-vk] hier-LOAD scene #1: streaming render distance 17, sections -1..0
[08:27:48] [Render thread/INFO] (Voxy) [me.cx.vy.ct.ce.vk.me.McNativeDepthLadder]: [native-vk] depth ladder sample at draw 2 flipped=true counts=[anomaly=0 low=0 clear=39927 r0=20464 r1=18457 r2=0 r3=0 r4=0 r5=0 r6=0 r7=0 other=0] stage=warmup camera=[10.5 76.61832308769226 9.5 0.0 0.0]
[08:27:48] [Render thread/INFO] (Voxy) [me.cx.vy.ct.ce.vk.me.McNativeDepthLadder]: [native-vk] depth ladder coexist at draw 2 present=78848 absent=0 other=0 expectedPass=78848 expectedFail=0 absentWherePass=0 presentWhereFail=0 unchanged=0
[08:27:48] [Render thread/INFO] (Voxy) [me.cx.vy.ct.ce.vk.me.McNativeTerrainLoad]: [native-vk] terrain load at draw 2 geometry=21972 noGeometry=56876 expectVisible=21962 expectHidden=0 undetermined=10 visible=21972 hidden=0 ambiguous=0 other=0 visibleWhereHidden=0 hiddenWhereVisible=0 changedWhereNoGeometry=0 depth=[1.4531454E-4 0.0030659903]
[08:27:49] [Render thread/INFO] (Voxy) [me.cx.vy.ct.ce.vk.me.McNativeInstanceProbe]: [native-vk] native instance at frame 60 stage=warmup factory=true instance=true engine=true live=true activeSections=0 renderer=false ingest=true cameraCaptures=60 storedNearCamera=22
[08:27:50] [Chunk Render Task Executor #7/INFO] (Voxy) [me.cx.vy.cn.wd.ActiveSectionTracker]: section raced to into save queue, we lost
[08:27:50] [Chunk Render Task Executor #2/INFO] (Voxy) [me.cx.vy.cn.wd.ActiveSectionTracker]: section raced to into save queue, we lost
[08:27:50] [Render thread/INFO] (Voxy) [me.cx.vy.ct.ce.vk.me.McNativeInstanceProbe]: [native-vk] native instance at frame 120 stage=warmup factory=true instance=true engine=true live=true activeSections=0 renderer=false ingest=true cameraCaptures=120 storedNearCamera=22
[08:27:51] [Render thread/INFO] (Voxy) [me.cx.vy.ct.ce.vk.me.McNativeInstanceProbe]: [native-vk] native instance at frame 180 stage=warmup factory=true instance=true engine=true live=true activeSections=0 renderer=false ingest=true cameraCaptures=180 storedNearCamera=22
[08:27:51] [Chunk Render Task Executor #1/WARN] (Voxy) [me.cx.vy.cn.wd.ActiveSectionTracker]: section raced to save queue, we lost
[08:27:52] [Render thread/INFO] (Voxy) [me.cx.vy.ct.ce.vk.me.McNativeInstanceProbe]: [native-vk] native instance at frame 240 stage=warmup factory=true instance=true engine=true live=true activeSections=0 renderer=false ingest=true cameraCaptures=240 storedNearCamera=22
[08:27:52] [Render thread/INFO] (Voxy) [me.cx.vy.ct.ce.vk.me.McNativeDepthLadder]: [native-vk] depth ladder sample requested at draw 242 stage=warmup camera=[0.5 121.61999988555908 0.5 30.0 0.0]
[08:27:52] [Render thread/INFO] (Voxy) [me.cx.vy.ct.ce.vk.VkRealMesher]: [5c-3b] meshed 8 sections around [0,0,0] r=4 (LoD 3): 4 empty, 717 not in the world yet, 0 gave up, 71 models baked on demand
[08:27:52] [Render thread/INFO] (Voxy) [me.cx.vy.ct.ce.vk.me.McNativeRealLoad]: [native-vk] real-LOAD: nothing meshed at level 3 around [0, 0, 0] (scene #1)
[08:27:52] [Render thread/INFO] (Voxy) [me.cx.vy.ct.ce.vk.me.McNativeRealLoad]: [native-vk] real load at draw 242 status=nothing-meshed
[08:27:52] [Render thread/INFO] (Voxy) [me.cx.vy.ct.ce.vk.me.McNativeDepthLadder]: [native-vk] depth ladder sample at draw 242 flipped=true counts=[anomaly=0 low=0 clear=11485 r0=0 r1=0 r2=67363 r3=0 r4=0 r5=0 r6=0 r7=0 other=0] stage=warmup camera=[0.5 121.61999988555908 0.5 30.0 0.0]
[08:27:52] [Render thread/INFO] (Voxy) [me.cx.vy.ct.ce.vk.me.McNativeDepthLadder]: [native-vk] depth ladder coexist at draw 242 present=78848 absent=0 other=0 expectedPass=78848 expectedFail=0 absentWherePass=0 presentWhereFail=0 unchanged=0
[08:27:53] [Render thread/INFO] (Voxy) [me.cx.vy.ct.ce.vk.me.McNativeInstanceProbe]: [native-vk] native instance at frame 300 stage=warmup factory=true instance=true engine=true live=true activeSections=0 renderer=false ingest=true cameraCaptures=300 storedNearCamera=22
[08:27:54] [Render thread/INFO] (Voxy) [me.cx.vy.ct.ce.vk.me.McNativeInstanceProbe]: [native-vk] native instance at frame 360 stage=warmup factory=true instance=true engine=true live=true activeSections=0 renderer=false ingest=true cameraCaptures=360 storedNearCamera=22
[08:27:55] [Render thread/INFO] (Voxy) [me.cx.vy.ct.ce.vk.me.McNativeInstanceProbe]: [native-vk] native instance at frame 420 stage=warmup factory=true instance=true engine=true live=true activeSections=0 renderer=false ingest=true cameraCaptures=420 storedNearCamera=22
[08:27:56] [Render thread/INFO] (Voxy) [me.cx.vy.ct.ce.vk.me.McNativeInstanceProbe]: [native-vk] native instance at frame 480 stage=warmup factory=true instance=true engine=true live=true activeSections=0 renderer=false ingest=true cameraCaptures=480 storedNearCamera=22
[08:27:56] [Render thread/INFO] (Voxy) [me.cx.vy.ct.ce.vk.me.McNativeDepthLadder]: [native-vk] depth ladder sample requested at draw 482 stage=warmup camera=[0.5 121.61999988555908 0.5 30.0 0.0]
[08:27:56] [Render thread/INFO] (Voxy) [me.cx.vy.ct.ce.vk.me.McNativeHierarchicalLoad]: [native-vk] hier frames before draw 482: composited=479
[08:27:56] [Render thread/INFO] (Voxy) [me.cx.vy.ct.ce.vk.me.McNativeDepthLadder]: [native-vk] depth ladder sample at draw 482 flipped=true counts=[anomaly=0 low=0 clear=11485 r0=0 r1=0 r2=67363 r3=0 r4=0 r5=0 r6=0 r7=0 other=0] stage=warmup camera=[0.5 121.61999988555908 0.5 30.0 0.0]
[08:27:56] [Render thread/INFO] (Voxy) [me.cx.vy.ct.ce.vk.me.McNativeDepthLadder]: [native-vk] depth ladder coexist at draw 482 present=78848 absent=0 other=0 expectedPass=78848 expectedFail=0 absentWherePass=0 presentWhereFail=0 unchanged=0
[08:27:56] [Render thread/INFO] (Voxy) [me.cx.vy.ct.ce.vk.me.McNativeHierarchicalLoad]: [native-vk] hier load at draw 482 status=judged geometry=69945 noGeometry=8903 expectVisible=2582 expectHidden=67363 undetermined=0 visible=2582 hidden=67363 ambiguous=0 other=0 visibleWhereHidden=0 hiddenWhereVisible=0 changedWhereNoGeometry=0 depth=[3.202403E-4 9.179671E-4]
[08:27:57] [Render thread/INFO] (Minecraft) [STDOUT]: [voxy-harness] stage=turn
[08:27:57] [Render thread/INFO] (Voxy) [me.cx.vy.ct.ce.vk.me.McNativeHierarchicalLoad]: [native-vk] hier frames entering stage turn: composited=500 skipped=2 builds=1
[08:27:57] [Render thread/INFO] (Voxy) [me.cx.vy.ct.ce.vk.me.McNativeInstanceProbe]: [native-vk] native instance at frame 540 stage=turn factory=true instance=true engine=true live=true activeSections=0 renderer=false ingest=true cameraCaptures=540 storedNearCamera=22
[08:27:58] [Render thread/INFO] (Voxy) [me.cx.vy.ct.ce.vk.me.McNativeInstanceProbe]: [native-vk] native instance at frame 600 stage=turn factory=true instance=true engine=true live=true activeSections=0 renderer=false ingest=true cameraCaptures=600 storedNearCamera=22
[08:27:59] [Render thread/INFO] (Voxy) [me.cx.vy.ct.ce.vk.me.McNativeInstanceProbe]: [native-vk] native instance at frame 660 stage=turn factory=true instance=true engine=true live=true activeSections=0 renderer=false ingest=true cameraCaptures=660 storedNearCamera=22
[08:28:00] [Render thread/INFO] (Voxy) [me.cx.vy.ct.ce.vk.me.McNativeInstanceProbe]: [native-vk] native instance at frame 720 stage=turn factory=true instance=true engine=true live=true activeSections=0 renderer=false ingest=true cameraCaptures=720 storedNearCamera=22
[08:28:01] [Render thread/INFO] (Voxy) [me.cx.vy.ct.ce.vk.me.McNativeDepthLadder]: [native-vk] depth ladder sample requested at draw 722 stage=turn camera=[0.5 121.61999988555908 0.5 30.0 683.8103637695312]
[08:28:01] [Render thread/INFO] (Voxy) [me.cx.vy.ct.ce.vk.me.McNativeDepthLadder]: [native-vk] depth ladder sample at draw 722 flipped=true counts=[anomaly=0 low=0 clear=14799 r0=0 r1=0 r2=64049 r3=0 r4=0 r5=0 r6=0 r7=0 other=0] stage=turn camera=[0.5 121.61999988555908 0.5 30.0 683.8103637695312]
[08:28:01] [Render thread/INFO] (Voxy) [me.cx.vy.ct.ce.vk.me.McNativeDepthLadder]: [native-vk] depth ladder coexist at draw 722 present=78848 absent=0 other=0 expectedPass=78848 expectedFail=0 absentWherePass=0 presentWhereFail=0 unchanged=0
[08:28:01] [Render thread/INFO] (Voxy) [me.cx.vy.ct.ce.vk.me.McNativeTerrainLoad]: [native-vk] terrain load at draw 722 geometry=21972 noGeometry=56876 expectVisible=21439 expectHidden=17 undetermined=516 visible=21866 hidden=106 ambiguous=0 other=0 visibleWhereHidden=0 hiddenWhereVisible=0 changedWhereNoGeometry=0 depth=[1.4531454E-4 0.0030659903]
[08:28:02] [Render thread/INFO] (Voxy) [me.cx.vy.ct.ce.vk.me.McNativeInstanceProbe]: [native-vk] native instance at frame 780 stage=turn factory=true instance=true engine=true live=true activeSections=0 renderer=false ingest=true cameraCaptures=780 storedNearCamera=22
[08:28:03] [Render thread/INFO] (Voxy) [me.cx.vy.ct.ce.vk.me.McNativeInstanceProbe]: [native-vk] native instance at frame 840 stage=turn factory=true instance=true engine=true live=true activeSections=0 renderer=false ingest=true cameraCaptures=840 storedNearCamera=22
[08:28:04] [Render thread/INFO] (Voxy) [me.cx.vy.ct.ce.vk.me.McNativeInstanceProbe]: [native-vk] native instance at frame 900 stage=turn factory=true instance=true engine=true live=true activeSections=0 renderer=false ingest=true cameraCaptures=900 storedNearCamera=22
[08:28:05] [Render thread/INFO] (Voxy) [me.cx.vy.ct.ce.vk.me.McNativeInstanceProbe]: [native-vk] native instance at frame 960 stage=turn factory=true instance=true engine=true live=true activeSections=0 renderer=false ingest=true cameraCaptures=960 storedNearCamera=22
[08:28:05] [Render thread/INFO] (Voxy) [me.cx.vy.ct.ce.vk.me.McNativeDepthLadder]: [native-vk] depth ladder sample requested at draw 962 stage=turn camera=[0.5 121.61999988555908 0.5 30.0 1412.3355712890625]
[08:28:05] [Render thread/INFO] (Voxy) [me.cx.vy.ct.ce.vk.VkRealMesher]: [5c-3b] meshed 8 sections around [0,0,0] r=4 (LoD 3): 721 empty, 0 not in the world yet, 0 gave up, 71 models baked on demand
[08:28:05] [Render thread/INFO] (Voxy) [me.cx.vy.ct.ce.vk.me.McNativeRealLoad]: [native-vk] real-LOAD: nothing meshed at level 3 around [0, 0, 0] (scene #2)
[08:28:05] [Render thread/INFO] (Voxy) [me.cx.vy.ct.ce.vk.me.McNativeRealLoad]: [native-vk] real load at draw 962 status=nothing-meshed
[08:28:05] [Render thread/INFO] (Voxy) [me.cx.vy.ct.ce.vk.me.McNativeDepthLadder]: [native-vk] depth ladder sample at draw 962 flipped=true counts=[anomaly=0 low=0 clear=10715 r0=0 r1=0 r2=63667 r3=4466 r4=0 r5=0 r6=0 r7=0 other=0] stage=turn camera=[0.5 121.61999988555908 0.5 30.0 1412.3355712890625]
[08:28:05] [Render thread/INFO] (Voxy) [me.cx.vy.ct.ce.vk.me.McNativeDepthLadder]: [native-vk] depth ladder coexist at draw 962 present=78848 absent=0 other=0 expectedPass=78848 expectedFail=0 absentWherePass=0 presentWhereFail=0 unchanged=0
[08:28:06] [Render thread/INFO] (Voxy) [me.cx.vy.ct.ce.vk.me.McNativeInstanceProbe]: [native-vk] native instance at frame 1020 stage=turn factory=true instance=true engine=true live=true activeSections=0 renderer=false ingest=true cameraCaptures=1020 storedNearCamera=22
[08:28:07] [Render thread/INFO] (Voxy) [me.cx.vy.ct.ce.vk.me.McNativeInstanceProbe]: [native-vk] native instance at frame 1080 stage=turn factory=true instance=true engine=true live=true activeSections=0 renderer=false ingest=true cameraCaptures=1080 storedNearCamera=22
[08:28:08] [Render thread/INFO] (Minecraft) [STDOUT]: [voxy-harness] stage=travel
[08:28:08] [Server thread/INFO] (Minecraft) [Player4: Teleported Player4 to 768.500000, 120.000000, 0.500000]
[08:28:08] [Render thread/INFO] (Voxy) [me.cx.vy.ct.ce.vk.me.McNativeHierarchicalLoad]: [native-vk] hier frames entering stage travel: composited=1134 skipped=2 builds=1
[08:28:08] [Render thread/INFO] (Minecraft) [System] [CHAT] Teleported Player4 to 768.500000, 120.000000, 0.500000
[08:28:08] [Render thread/INFO] (Voxy) [me.cx.vy.ct.ce.vk.me.McNativeInstanceProbe]: [native-vk] native instance at frame 1140 stage=travel factory=true instance=true engine=true live=true activeSections=0 renderer=false ingest=true cameraCaptures=1140 storedNearCamera=0
[08:28:09] [Chunk Render Task Executor #0/WARN] (Voxy) [me.cx.vy.cn.wd.ActiveSectionTracker]: section raced to save queue, we lost
[08:28:09] [Render thread/INFO] (Voxy) [me.cx.vy.ct.ce.vk.me.McNativeInstanceProbe]: [native-vk] native instance at frame 1200 stage=travel factory=true instance=true engine=true live=true activeSections=0 renderer=false ingest=true cameraCaptures=1200 storedNearCamera=7
[08:28:09] [Render thread/INFO] (Voxy) [me.cx.vy.ct.ce.vk.me.McNativeDepthLadder]: [native-vk] depth ladder sample requested at draw 1202 stage=travel camera=[768.5 121.61999988555908 0.5 30.0 0.0]
[08:28:09] [Render thread/INFO] (Voxy) [me.cx.vy.ct.ce.vk.me.McNativeHierarchicalLoad]: [native-vk] hier frames before draw 1202: composited=1198
[08:28:09] [Render thread/INFO] (Voxy) [me.cx.vy.ct.ce.vk.me.McNativeDepthLadder]: [native-vk] depth ladder sample at draw 1202 flipped=true counts=[anomaly=0 low=0 clear=78848 r0=0 r1=0 r2=0 r3=0 r4=0 r5=0 r6=0 r7=0 other=0] stage=travel camera=[768.5 121.61999988555908 0.5 30.0 0.0]
[08:28:09] [Render thread/INFO] (Voxy) [me.cx.vy.ct.ce.vk.me.McNativeDepthLadder]: [native-vk] depth ladder coexist at draw 1202 present=78848 absent=0 other=0 expectedPass=78848 expectedFail=0 absentWherePass=0 presentWhereFail=0 unchanged=0
[08:28:09] [Render thread/INFO] (Voxy) [me.cx.vy.ct.ce.vk.me.McNativeHierarchicalLoad]: [native-vk] hier load at draw 1202 status=judged geometry=0 noGeometry=78848 expectVisible=0 expectHidden=0 undetermined=0 visible=0 hidden=0 ambiguous=0 other=0 visibleWhereHidden=0 hiddenWhereVisible=0 changedWhereNoGeometry=0 depth=[NaN NaN]
[08:28:10] [Render thread/INFO] (Voxy) [me.cx.vy.ct.ce.vk.me.McNativeInstanceProbe]: [native-vk] native instance at frame 1260 stage=travel factory=true instance=true engine=true live=true activeSections=0 renderer=false ingest=true cameraCaptures=1260 storedNearCamera=9
[08:28:10] [Chunk Render Task Executor #6/WARN] (Voxy) [me.cx.vy.cn.wd.ActiveSectionTracker]: section raced to save queue, we lost
[08:28:11] [Dedicated Voxy Worker #8/WARN] (Voxy) [me.cx.vy.cn.wd.ActiveSectionTracker]: section raced to save queue, we lost
[08:28:11] [Dedicated Voxy Worker #8/WARN] (Voxy) [me.cx.vy.cn.wd.ActiveSectionTracker]: section raced to save queue, we lost
[08:28:11] [Render thread/INFO] (Voxy) [me.cx.vy.ct.ce.vk.me.McNativeInstanceProbe]: [native-vk] native instance at frame 1320 stage=travel factory=true instance=true engine=true live=true activeSections=0 renderer=false ingest=true cameraCaptures=1320 storedNearCamera=9
[08:28:11] [Chunk Render Task Executor #4/WARN] (Voxy) [me.cx.vy.cn.wd.ActiveSectionTracker]: section raced to save queue, we lost
[08:28:12] [Chunk Render Task Executor #3/WARN] (Voxy) [me.cx.vy.cn.wd.ActiveSectionTracker]: section raced to save queue, we lost
[08:28:12] [Chunk Render Task Executor #0/WARN] (Voxy) [me.cx.vy.cn.wd.ActiveSectionTracker]: section raced to save queue, we lost
[08:28:12] [Render thread/INFO] (Voxy) [me.cx.vy.ct.ce.vk.me.McNativeInstanceProbe]: [native-vk] native instance at frame 1380 stage=travel factory=true instance=true engine=true live=true activeSections=0 renderer=false ingest=true cameraCaptures=1380 storedNearCamera=9
[08:28:12] [Dedicated Voxy Worker #8/WARN] (Voxy) [me.cx.vy.cn.wd.ActiveSectionTracker]: section raced to save queue, we lost
[08:28:13] [Render thread/INFO] (Voxy) [me.cx.vy.ct.ce.vk.me.McNativeInstanceProbe]: [native-vk] native instance at frame 1440 stage=travel factory=true instance=true engine=true live=true activeSections=0 renderer=false ingest=true cameraCaptures=1440 storedNearCamera=9
[08:28:13] [Render thread/INFO] (Voxy) [me.cx.vy.ct.ce.vk.me.McNativeDepthLadder]: [native-vk] depth ladder sample requested at draw 1442 stage=travel camera=[768.5 121.61999988555908 0.5 30.0 0.0]
[08:28:13] [Render thread/INFO] (Voxy) [me.cx.vy.ct.ce.vk.me.McNativeDepthLadder]: [native-vk] depth ladder sample at draw 1442 flipped=true counts=[anomaly=0 low=0 clear=78848 r0=0 r1=0 r2=0 r3=0 r4=0 r5=0 r6=0 r7=0 other=0] stage=travel camera=[768.5 121.61999988555908 0.5 30.0 0.0]
[08:28:13] [Render thread/INFO] (Voxy) [me.cx.vy.ct.ce.vk.me.McNativeDepthLadder]: [native-vk] depth ladder coexist at draw 1442 present=78848 absent=0 other=0 expectedPass=78848 expectedFail=0 absentWherePass=0 presentWhereFail=0 unchanged=0
[08:28:13] [Render thread/INFO] (Voxy) [me.cx.vy.ct.ce.vk.me.McNativeTerrainLoad]: [native-vk] terrain load at draw 1442 geometry=21972 noGeometry=56876 expectVisible=21972 expectHidden=0 undetermined=0 visible=21972 hidden=0 ambiguous=0 other=0 visibleWhereHidden=0 hiddenWhereVisible=0 changedWhereNoGeometry=0 depth=[1.4531454E-4 0.0030659903]
[08:28:14] [Render thread/INFO] (Voxy) [me.cx.vy.ct.ce.vk.me.McNativeInstanceProbe]: [native-vk] native instance at frame 1500 stage=travel factory=true instance=true engine=true live=true activeSections=0 renderer=false ingest=true cameraCaptures=1500 storedNearCamera=9
[08:28:15] [Render thread/INFO] (Voxy) [me.cx.vy.ct.ce.vk.me.McNativeInstanceProbe]: [native-vk] native instance at frame 1560 stage=travel factory=true instance=true engine=true live=true activeSections=0 renderer=false ingest=true cameraCaptures=1560 storedNearCamera=9
[08:28:16] [Render thread/INFO] (Voxy) [me.cx.vy.ct.ce.vk.me.McNativeInstanceProbe]: [native-vk] native instance at frame 1620 stage=travel factory=true instance=true engine=true live=true activeSections=0 renderer=false ingest=true cameraCaptures=1620 storedNearCamera=9
[08:28:17] [Render thread/INFO] (Voxy) [me.cx.vy.ct.ce.vk.me.McNativeInstanceProbe]: [native-vk] native instance at frame 1680 stage=travel factory=true instance=true engine=true live=true activeSections=0 renderer=false ingest=true cameraCaptures=1680 storedNearCamera=9
[08:28:17] [Render thread/INFO] (Voxy) [me.cx.vy.ct.ce.vk.me.McNativeDepthLadder]: [native-vk] depth ladder sample requested at draw 1682 stage=travel camera=[768.5 121.61999988555908 0.5 30.0 0.0]
[08:28:17] [Render thread/INFO] (Voxy) [me.cx.vy.ct.ce.vk.VkRealMesher]: [5c-3b] meshed 16 sections around [3,0,0] r=4 (LoD 3): 8 empty, 705 not in the world yet, 0 gave up, 86 models baked on demand
[08:28:17] [Render thread/INFO] (Voxy) [me.cx.vy.ct.ce.vk.VkRealModelBakery]: [5c-3b] replayed 14 biomes already registered by the world
[08:28:17] [Render thread/INFO] (Voxy) [me.cx.vy.ct.ce.vk.sr.VkShader$Builder]: VkShader 'vk-terrain-per_section': 8 bindings, push=0B, stages=[VERTEX, FRAGMENT]
[08:28:17] [Render thread/INFO] (Voxy) [me.cx.vy.ct.ce.vk.me.McNativeRealScene]: [native-vk] real-LOAD scene #3: 8 sections, 3136 quads, 49 draws at level 3 around [3, 0, 0] r=4 excludedNear=8 cut=128
[08:28:17] [Render thread/INFO] (Voxy) [me.cx.vy.ct.ce.vk.me.McNativeDepthLadder]: [native-vk] depth ladder sample at draw 1682 flipped=true counts=[anomaly=0 low=0 clear=78848 r0=0 r1=0 r2=0 r3=0 r4=0 r5=0 r6=0 r7=0 other=0] stage=travel camera=[768.5 121.61999988555908 0.5 30.0 0.0]
[08:28:17] [Render thread/INFO] (Voxy) [me.cx.vy.ct.ce.vk.me.McNativeDepthLadder]: [native-vk] depth ladder coexist at draw 1682 present=78848 absent=0 other=0 expectedPass=78848 expectedFail=0 absentWherePass=0 presentWhereFail=0 unchanged=0
[08:28:18] [Render thread/INFO] (Voxy) [me.cx.vy.ct.ce.vk.me.McNativeRealLoad]: [native-vk] real load at draw 1682 status=judged geometry=0 noGeometry=78848 expectVisible=0 expectHidden=0 undetermined=0 visible=0 hidden=0 ambiguous=0 other=0 visibleWhereHidden=0 hiddenWhereVisible=0 changedWhereNoGeometry=0 depth=[NaN NaN]
[08:28:18] [Render thread/INFO] (Minecraft) [STDOUT]: [voxy-harness] stage=return
[08:28:18] [Server thread/INFO] (Minecraft) [Player4: Teleported Player4 to 0.500000, 120.000000, 0.500000]
[08:28:18] [Render thread/INFO] (Voxy) [me.cx.vy.ct.ce.vk.me.McNativeHierarchicalLoad]: [native-vk] hier frames entering stage return: composited=1696 skipped=2 builds=1
[08:28:18] [Render thread/INFO] (Minecraft) [System] [CHAT] Teleported Player4 to 0.500000, 120.000000, 0.500000
[08:28:19] [Render thread/INFO] (Voxy) [me.cx.vy.ct.ce.vk.me.McNativeInstanceProbe]: [native-vk] native instance at frame 1740 stage=return factory=true instance=true engine=true live=true activeSections=0 renderer=false ingest=true cameraCaptures=1740 storedNearCamera=22
[08:28:20] [Render thread/INFO] (Voxy) [me.cx.vy.ct.ce.vk.me.McNativeInstanceProbe]: [native-vk] native instance at frame 1800 stage=return factory=true instance=true engine=true live=true activeSections=0 renderer=false ingest=true cameraCaptures=1800 storedNearCamera=22
[08:28:21] [Render thread/INFO] (Voxy) [me.cx.vy.ct.ce.vk.me.McNativeInstanceProbe]: [native-vk] native instance at frame 1860 stage=return factory=true instance=true engine=true live=true activeSections=0 renderer=false ingest=true cameraCaptures=1860 storedNearCamera=22
[08:28:22] [Render thread/INFO] (Voxy) [me.cx.vy.ct.ce.vk.me.McNativeInstanceProbe]: [native-vk] native instance at frame 1920 stage=return factory=true instance=true engine=true live=true activeSections=0 renderer=false ingest=true cameraCaptures=1920 storedNearCamera=22
[08:28:22] [Render thread/INFO] (Voxy) [me.cx.vy.ct.ce.vk.me.McNativeDepthLadder]: [native-vk] depth ladder sample requested at draw 1922 stage=return camera=[0.5 121.61999988555908 0.5 30.0 0.0]
[08:28:22] [Render thread/INFO] (Voxy) [me.cx.vy.ct.ce.vk.me.McNativeHierarchicalLoad]: [native-vk] hier frames before draw 1922: composited=1917
[08:28:22] [Render thread/INFO] (Voxy) [me.cx.vy.ct.ce.vk.me.McNativeDepthLadder]: [native-vk] depth ladder sample at draw 1922 flipped=true counts=[anomaly=0 low=0 clear=11485 r0=0 r1=0 r2=67363 r3=0 r4=0 r5=0 r6=0 r7=0 other=0] stage=return camera=[0.5 121.61999988555908 0.5 30.0 0.0]
[08:28:22] [Render thread/INFO] (Voxy) [me.cx.vy.ct.ce.vk.me.McNativeDepthLadder]: [native-vk] depth ladder coexist at draw 1922 present=78848 absent=0 other=0 expectedPass=78848 expectedFail=0 absentWherePass=0 presentWhereFail=0 unchanged=0
[08:28:22] [Render thread/INFO] (Voxy) [me.cx.vy.ct.ce.vk.me.McNativeHierarchicalLoad]: [native-vk] hier load at draw 1922 status=judged geometry=69945 noGeometry=8903 expectVisible=2582 expectHidden=67363 undetermined=0 visible=2582 hidden=67363 ambiguous=0 other=0 visibleWhereHidden=0 hiddenWhereVisible=0 changedWhereNoGeometry=0 depth=[3.202403E-4 9.179671E-4]
[08:28:23] [Render thread/INFO] (Voxy) [me.cx.vy.ct.ce.vk.me.McNativeInstanceProbe]: [native-vk] native instance at frame 1980 stage=return factory=true instance=true engine=true live=true activeSections=0 renderer=false ingest=true cameraCaptures=1980 storedNearCamera=22
[08:28:24] [Render thread/INFO] (Voxy) [me.cx.vy.ct.ce.vk.me.McNativeInstanceProbe]: [native-vk] native instance at frame 2040 stage=return factory=true instance=true engine=true live=true activeSections=0 renderer=false ingest=true cameraCaptures=2040 storedNearCamera=22
[08:28:25] [Render thread/INFO] (Voxy) [me.cx.vy.ct.ce.vk.me.McNativeInstanceProbe]: [native-vk] native instance at frame 2100 stage=return factory=true instance=true engine=true live=true activeSections=0 renderer=false ingest=true cameraCaptures=2100 storedNearCamera=22
[08:28:26] [Render thread/INFO] (Voxy) [me.cx.vy.ct.ce.vk.me.McNativeInstanceProbe]: [native-vk] native instance at frame 2160 stage=return factory=true instance=true engine=true live=true activeSections=0 renderer=false ingest=true cameraCaptures=2160 storedNearCamera=22
[08:28:26] [Render thread/INFO] (Voxy) [me.cx.vy.ct.ce.vk.me.McNativeDepthLadder]: [native-vk] depth ladder sample requested at draw 2162 stage=return camera=[0.5 121.61999988555908 0.5 30.0 0.0]
[08:28:26] [Render thread/INFO] (Voxy) [me.cx.vy.ct.ce.vk.me.McNativeDepthLadder]: [native-vk] depth ladder sample at draw 2162 flipped=true counts=[anomaly=0 low=0 clear=11485 r0=0 r1=0 r2=67363 r3=0 r4=0 r5=0 r6=0 r7=0 other=0] stage=return camera=[0.5 121.61999988555908 0.5 30.0 0.0]
[08:28:26] [Render thread/INFO] (Voxy) [me.cx.vy.ct.ce.vk.me.McNativeDepthLadder]: [native-vk] depth ladder coexist at draw 2162 present=78848 absent=0 other=0 expectedPass=78848 expectedFail=0 absentWherePass=0 presentWhereFail=0 unchanged=0
[08:28:26] [Render thread/INFO] (Voxy) [me.cx.vy.ct.ce.vk.me.McNativeTerrainLoad]: [native-vk] terrain load at draw 2162 geometry=21972 noGeometry=56876 expectVisible=20754 expectHidden=58 undetermined=1160 visible=21682 hidden=290 ambiguous=0 other=0 visibleWhereHidden=0 hiddenWhereVisible=0 changedWhereNoGeometry=0 depth=[1.4531454E-4 0.0030659903]
[08:28:27] [Render thread/INFO] (Voxy) [me.cx.vy.ct.ce.vk.me.McNativeInstanceProbe]: [native-vk] native instance at frame 2220 stage=return factory=true instance=true engine=true live=true activeSections=0 renderer=false ingest=true cameraCaptures=2220 storedNearCamera=22
[08:28:28] [Render thread/INFO] (Voxy) [me.cx.vy.ct.ce.vk.me.McNativeInstanceProbe]: [native-vk] native instance at frame 2280 stage=return factory=true instance=true engine=true live=true activeSections=0 renderer=false ingest=true cameraCaptures=2280 storedNearCamera=22
[08:28:28] [Render thread/INFO] (Minecraft) [STDOUT]: [voxy-harness] stage=horizon
[08:28:28] [Render thread/INFO] (Voxy) [me.cx.vy.ct.ce.vk.me.McNativeHierarchicalLoad]: [native-vk] hier frames entering stage horizon: composited=2281 skipped=2 builds=1
[08:28:28] [Server thread/INFO] (Minecraft) [Player4: Successfully filled 208 block(s)]
[08:28:28] [Server thread/INFO] (Minecraft) [Player4: Teleported Player4 to 0.500000, 160.000000, 0.500000]
[08:28:28] [Render thread/INFO] (Minecraft) [System] [CHAT] Successfully filled 208 block(s)
[08:28:28] [Render thread/INFO] (Minecraft) [System] [CHAT] Teleported Player4 to 0.500000, 160.000000, 0.500000
[08:28:29] [Render thread/INFO] (Voxy) [me.cx.vy.ct.ce.vk.me.McNativeInstanceProbe]: [native-vk] native instance at frame 2340 stage=horizon factory=true instance=true engine=true live=true activeSections=0 renderer=false ingest=true cameraCaptures=2340 storedNearCamera=4
[08:28:30] [Render thread/INFO] (Voxy) [me.cx.vy.ct.ce.vk.me.McNativeInstanceProbe]: [native-vk] native instance at frame 2400 stage=horizon factory=true instance=true engine=true live=true activeSections=0 renderer=false ingest=true cameraCaptures=2400 storedNearCamera=4
[08:28:30] [Render thread/INFO] (Voxy) [me.cx.vy.ct.ce.vk.me.McNativeDepthLadder]: [native-vk] depth ladder sample requested at draw 2402 stage=horizon camera=[0.5 161.61999988555908 0.5 18.0 -90.0]
[08:28:30] [Render thread/INFO] (Voxy) [me.cx.vy.ct.ce.vk.VkRealMesher]: [5c-3b] meshed 16 sections around [0,0,0] r=4 (LoD 3): 8 empty, 705 not in the world yet, 0 gave up, 86 models baked on demand
[08:28:30] [Render thread/INFO] (Voxy) [me.cx.vy.ct.ce.vk.VkRealModelBakery]: [5c-3b] replayed 14 biomes already registered by the world
[08:28:30] [Render thread/INFO] (Voxy) [me.cx.vy.ct.ce.vk.sr.VkShader$Builder]: VkShader 'vk-terrain-per_section': 8 bindings, push=0B, stages=[VERTEX, FRAGMENT]
[08:28:30] [Render thread/INFO] (Voxy) [me.cx.vy.ct.ce.vk.me.McNativeRealScene]: [native-vk] real-LOAD scene #4: 12 sections, 2632 quads, 69 draws at level 3 around [0, 0, 0] r=4 excludedNear=4 cut=128
[08:28:30] [Render thread/INFO] (Voxy) [me.cx.vy.ct.ce.vk.me.McNativeDepthLadder]: [native-vk] depth ladder sample at draw 2402 flipped=true counts=[anomaly=0 low=0 clear=47239 r0=0 r1=0 r2=0 r3=31609 r4=0 r5=0 r6=0 r7=0 other=0] stage=horizon camera=[0.5 161.61999988555908 0.5 18.0 -90.0]
[08:28:30] [Render thread/INFO] (Voxy) [me.cx.vy.ct.ce.vk.me.McNativeDepthLadder]: [native-vk] depth ladder coexist at draw 2402 present=78848 absent=0 other=0 expectedPass=78848 expectedFail=0 absentWherePass=0 presentWhereFail=0 unchanged=0
[08:28:30] [Render thread/INFO] (Voxy) [me.cx.vy.ct.ce.vk.me.McNativeRealLoad]: [native-vk] real load at draw 2402 status=judged geometry=5309 noGeometry=73539 expectVisible=2003 expectHidden=3306 undetermined=0 visible=2003 hidden=3306 ambiguous=0 other=0 visibleWhereHidden=0 hiddenWhereVisible=0 changedWhereNoGeometry=0 depth=[3.3360342E-5 4.9877224E-5]
[08:28:31] [Render thread/INFO] (Voxy) [me.cx.vy.ct.ce.vk.me.McNativeInstanceProbe]: [native-vk] native instance at frame 2460 stage=horizon factory=true instance=true engine=true live=true activeSections=0 renderer=false ingest=true cameraCaptures=2460 storedNearCamera=4
[08:28:32] [Render thread/INFO] (Voxy) [me.cx.vy.ct.ce.vk.me.McNativeInstanceProbe]: [native-vk] native instance at frame 2520 stage=horizon factory=true instance=true engine=true live=true activeSections=0 renderer=false ingest=true cameraCaptures=2520 storedNearCamera=4
[08:28:33] [Render thread/INFO] (Voxy) [me.cx.vy.ct.ce.vk.me.McNativeInstanceProbe]: [native-vk] native instance at frame 2580 stage=horizon factory=true instance=true engine=true live=true activeSections=0 renderer=false ingest=true cameraCaptures=2580 storedNearCamera=4
[08:28:34] [Render thread/INFO] (Voxy) [me.cx.vy.ct.ce.vk.me.McNativeInstanceProbe]: [native-vk] native instance at frame 2640 stage=horizon factory=true instance=true engine=true live=true activeSections=0 renderer=false ingest=true cameraCaptures=2640 storedNearCamera=4
[08:28:34] [Render thread/INFO] (Voxy) [me.cx.vy.ct.ce.vk.me.McNativeDepthLadder]: [native-vk] depth ladder sample requested at draw 2642 stage=horizon camera=[0.5 161.61999988555908 0.5 18.0 -90.0]
[08:28:34] [Render thread/INFO] (Voxy) [me.cx.vy.ct.ce.vk.me.McNativeHierarchicalLoad]: [native-vk] hier frames before draw 2642: composited=2636
[08:28:34] [Render thread/INFO] (Voxy) [me.cx.vy.ct.ce.vk.me.McNativeDepthLadder]: [native-vk] depth ladder sample at draw 2642 flipped=true counts=[anomaly=0 low=0 clear=47239 r0=0 r1=0 r2=0 r3=31609 r4=0 r5=0 r6=0 r7=0 other=0] stage=horizon camera=[0.5 161.61999988555908 0.5 18.0 -90.0]
[08:28:34] [Render thread/INFO] (Voxy) [me.cx.vy.ct.ce.vk.me.McNativeDepthLadder]: [native-vk] depth ladder coexist at draw 2642 present=78848 absent=0 other=0 expectedPass=78848 expectedFail=0 absentWherePass=0 presentWhereFail=0 unchanged=0
[08:28:34] [Render thread/INFO] (Voxy) [me.cx.vy.ct.ce.vk.me.McNativeHierarchicalLoad]: [native-vk] hier load at draw 2642 status=judged geometry=6567 noGeometry=72281 expectVisible=2605 expectHidden=3962 undetermined=0 visible=2605 hidden=3962 ambiguous=0 other=0 visibleWhereHidden=0 hiddenWhereVisible=0 changedWhereNoGeometry=0 depth=[3.1495387E-5 5.389039E-5]
[08:28:35] [Render thread/INFO] (Voxy) [me.cx.vy.ct.ce.vk.me.McNativeInstanceProbe]: [native-vk] native instance at frame 2700 stage=horizon factory=true instance=true engine=true live=true activeSections=0 renderer=false ingest=true cameraCaptures=2700 storedNearCamera=4
[08:28:36] [Render thread/INFO] (Voxy) [me.cx.vy.ct.ce.vk.me.McNativeInstanceProbe]: [native-vk] native instance at frame 2760 stage=horizon factory=true instance=true engine=true live=true activeSections=0 renderer=false ingest=true cameraCaptures=2760 storedNearCamera=4
[08:28:37] [Render thread/INFO] (Voxy) [me.cx.vy.ct.ce.vk.me.McNativeInstanceProbe]: [native-vk] native instance at frame 2820 stage=horizon factory=true instance=true engine=true live=true activeSections=0 renderer=false ingest=true cameraCaptures=2820 storedNearCamera=4
[08:28:38] [Render thread/INFO] (Minecraft) [STDOUT]: [voxy-harness] stage=edit
[08:28:38] [Render thread/INFO] (Voxy) [me.cx.vy.ct.ce.vk.me.McNativeHierarchicalLoad]: [native-vk] hier frames entering stage edit: composited=2854 skipped=2 builds=1
[08:28:38] [Server thread/INFO] (Minecraft) [Player4: Successfully filled 208 block(s)]
[08:28:38] [Server thread/INFO] (Minecraft) [Player4: Teleported Player4 to 0.500000, 120.000000, 0.500000]
[08:28:38] [Server thread/INFO] (Minecraft) [Player4: Successfully filled 1377 block(s)]
[08:28:38] [Render thread/INFO] (Minecraft) [System] [CHAT] Successfully filled 208 block(s)
[08:28:38] [Render thread/INFO] (Minecraft) [System] [CHAT] Teleported Player4 to 0.500000, 120.000000, 0.500000
[08:28:38] [Render thread/INFO] (Minecraft) [System] [CHAT] Successfully filled 1377 block(s)
[08:28:38] [Render thread/INFO] (Voxy) [me.cx.vy.ct.ce.vk.me.McNativeInstanceProbe]: [native-vk] native instance at frame 2880 stage=edit factory=true instance=true engine=true live=true activeSections=0 renderer=false ingest=true cameraCaptures=2880 storedNearCamera=22
[08:28:38] [Render thread/INFO] (Voxy) [me.cx.vy.ct.ce.vk.me.McNativeDepthLadder]: [native-vk] depth ladder sample requested at draw 2882 stage=edit camera=[0.5 121.61999988555908 0.5 30.0 0.0]
[08:28:38] [Render thread/INFO] (Voxy) [me.cx.vy.ct.ce.vk.VkRealMesher]: [5c-3b] meshed 16 sections around [0,0,0] r=4 (LoD 3): 713 empty, 0 not in the world yet, 0 gave up, 86 models baked on demand
[08:28:38] [Render thread/INFO] (Voxy) [me.cx.vy.ct.ce.vk.VkRealModelBakery]: [5c-3b] replayed 14 biomes already registered by the world
[08:28:38] [Render thread/INFO] (Voxy) [me.cx.vy.ct.ce.vk.sr.VkShader$Builder]: VkShader 'vk-terrain-per_section': 8 bindings, push=0B, stages=[VERTEX, FRAGMENT]
[08:28:38] [Render thread/INFO] (Voxy) [me.cx.vy.ct.ce.vk.me.McNativeRealScene]: [native-vk] real-LOAD scene #5: 8 sections, 2005 quads, 48 draws at level 3 around [0, 0, 0] r=4 excludedNear=8 cut=128
[08:28:39] [Render thread/INFO] (Voxy) [me.cx.vy.ct.ce.vk.me.McNativeDepthLadder]: [native-vk] depth ladder sample at draw 2882 flipped=true counts=[anomaly=0 low=0 clear=11485 r0=0 r1=0 r2=67363 r3=0 r4=0 r5=0 r6=0 r7=0 other=0] stage=edit camera=[0.5 121.61999988555908 0.5 30.0 0.0]
[08:28:39] [Render thread/INFO] (Voxy) [me.cx.vy.ct.ce.vk.me.McNativeDepthLadder]: [native-vk] depth ladder coexist at draw 2882 present=78848 absent=0 other=0 expectedPass=78848 expectedFail=0 absentWherePass=0 presentWhereFail=0 unchanged=0
[08:28:39] [Render thread/INFO] (Voxy) [me.cx.vy.ct.ce.vk.me.McNativeRealLoad]: [native-vk] real load at draw 2882 status=judged geometry=0 noGeometry=78848 expectVisible=0 expectHidden=0 undetermined=0 visible=0 hidden=0 ambiguous=0 other=0 visibleWhereHidden=0 hiddenWhereVisible=0 changedWhereNoGeometry=0 depth=[NaN NaN]
[08:28:39] [Render thread/INFO] (Voxy) [me.cx.vy.ct.ce.vk.me.McNativeInstanceProbe]: [native-vk] native instance at frame 2940 stage=edit factory=true instance=true engine=true live=true activeSections=0 renderer=false ingest=true cameraCaptures=2940 storedNearCamera=22
[08:28:40] [Render thread/INFO] (Voxy) [me.cx.vy.ct.ce.vk.me.McNativeInstanceProbe]: [native-vk] native instance at frame 3000 stage=edit factory=true instance=true engine=true live=true activeSections=0 renderer=false ingest=true cameraCaptures=3000 storedNearCamera=22
[08:28:43] [Render thread/INFO] (Voxy) [me.cx.vy.ct.ce.vk.me.McNativeInstanceProbe]: [native-vk] native instance at frame 3060 stage=edit factory=true instance=true engine=true live=true activeSections=0 renderer=false ingest=true cameraCaptures=3060 storedNearCamera=22
[08:28:45] [Render thread/INFO] (Voxy) [me.cx.vy.ct.ce.vk.me.McNativeInstanceProbe]: [native-vk] native instance at frame 3120 stage=edit factory=true instance=true engine=true live=true activeSections=0 renderer=false ingest=true cameraCaptures=3120 storedNearCamera=22
[08:28:45] [Render thread/INFO] (Voxy) [me.cx.vy.ct.ce.vk.me.McNativeDepthLadder]: [native-vk] depth ladder sample requested at draw 3122 stage=edit camera=[0.5 121.61999988555908 0.5 30.0 0.0]
[08:28:45] [Render thread/INFO] (Voxy) [me.cx.vy.ct.ce.vk.me.McNativeHierarchicalLoad]: [native-vk] hier frames before draw 3122: composited=3115
[08:28:45] [Render thread/INFO] (Voxy) [me.cx.vy.ct.ce.vk.me.McNativeDepthLadder]: [native-vk] depth ladder sample at draw 3122 flipped=true counts=[anomaly=0 low=0 clear=11485 r0=0 r1=0 r2=67363 r3=0 r4=0 r5=0 r6=0 r7=0 other=0] stage=edit camera=[0.5 121.61999988555908 0.5 30.0 0.0]
[08:28:45] [Render thread/INFO] (Voxy) [me.cx.vy.ct.ce.vk.me.McNativeDepthLadder]: [native-vk] depth ladder coexist at draw 3122 present=78848 absent=0 other=0 expectedPass=78848 expectedFail=0 absentWherePass=0 presentWhereFail=0 unchanged=0
[08:28:45] [Render thread/INFO] (Voxy) [me.cx.vy.ct.ce.vk.me.McNativeHierarchicalLoad]: [native-vk] hier load at draw 3122 status=judged geometry=69945 noGeometry=8903 expectVisible=2582 expectHidden=67363 undetermined=0 visible=2582 hidden=67363 ambiguous=0 other=0 visibleWhereHidden=0 hiddenWhereVisible=0 changedWhereNoGeometry=0 depth=[3.202403E-4 9.179671E-4]
[08:28:47] [Render thread/INFO] (Voxy) [me.cx.vy.ct.ce.vk.me.McNativeInstanceProbe]: [native-vk] native instance at frame 3180 stage=edit factory=true instance=true engine=true live=true activeSections=0 renderer=false ingest=true cameraCaptures=3180 storedNearCamera=22
[08:28:48] [Render thread/INFO] (Minecraft) [STDOUT]: [voxy-harness] stage=remove
[08:28:48] [Render thread/INFO] (Voxy) [me.cx.vy.ct.ce.vk.me.McNativeHierarchicalLoad]: [native-vk] hier frames entering stage remove: composited=3213 skipped=2 builds=1
[08:28:48] [Server thread/INFO] (Minecraft) [Player4: Successfully filled 1377 block(s)]
[08:28:48] [Render thread/INFO] (Minecraft) [System] [CHAT] Successfully filled 1377 block(s)
[08:28:49] [Render thread/INFO] (Voxy) [me.cx.vy.ct.ce.vk.me.McNativeInstanceProbe]: [native-vk] native instance at frame 3240 stage=remove factory=true instance=true engine=true live=true activeSections=0 renderer=false ingest=true cameraCaptures=3240 storedNearCamera=22
[08:28:51] [Render thread/INFO] (Voxy) [me.cx.vy.ct.ce.vk.me.McNativeInstanceProbe]: [native-vk] native instance at frame 3300 stage=remove factory=true instance=true engine=true live=true activeSections=0 renderer=false ingest=true cameraCaptures=3300 storedNearCamera=22
[08:28:53] [Render thread/INFO] (Voxy) [me.cx.vy.ct.ce.vk.me.McNativeInstanceProbe]: [native-vk] native instance at frame 3360 stage=remove factory=true instance=true engine=true live=true activeSections=0 renderer=false ingest=true cameraCaptures=3360 storedNearCamera=22
[08:28:53] [Render thread/INFO] (Voxy) [me.cx.vy.ct.ce.vk.me.McNativeDepthLadder]: [native-vk] depth ladder sample requested at draw 3362 stage=remove camera=[0.5 121.61999988555908 0.5 30.0 0.0]
[08:28:53] [Render thread/INFO] (Voxy) [me.cx.vy.ct.ce.vk.me.McNativeDepthLadder]: [native-vk] depth ladder sample at draw 3362 flipped=true counts=[anomaly=0 low=0 clear=11485 r0=0 r1=0 r2=67363 r3=0 r4=0 r5=0 r6=0 r7=0 other=0] stage=remove camera=[0.5 121.61999988555908 0.5 30.0 0.0]
[08:28:53] [Render thread/INFO] (Voxy) [me.cx.vy.ct.ce.vk.me.McNativeDepthLadder]: [native-vk] depth ladder coexist at draw 3362 present=78848 absent=0 other=0 expectedPass=78848 expectedFail=0 absentWherePass=0 presentWhereFail=0 unchanged=0
[08:28:53] [Render thread/INFO] (Voxy) [me.cx.vy.ct.ce.vk.me.McNativeTerrainLoad]: [native-vk] terrain load at draw 3362 geometry=21972 noGeometry=56876 expectVisible=20754 expectHidden=58 undetermined=1160 visible=21682 hidden=290 ambiguous=0 other=0 visibleWhereHidden=0 hiddenWhereVisible=0 changedWhereNoGeometry=0 depth=[1.4531454E-4 0.0030659903]
[08:28:55] [Render thread/INFO] (Voxy) [me.cx.vy.ct.ce.vk.me.McNativeInstanceProbe]: [native-vk] native instance at frame 3420 stage=remove factory=true instance=true engine=true live=true activeSections=0 renderer=false ingest=true cameraCaptures=3420 storedNearCamera=22
[08:28:57] [Render thread/INFO] (Voxy) [me.cx.vy.ct.ce.vk.me.McNativeInstanceProbe]: [native-vk] native instance at frame 3480 stage=remove factory=true instance=true engine=true live=true activeSections=0 renderer=false ingest=true cameraCaptures=3480 storedNearCamera=22
[08:28:58] [Render thread/INFO] (Minecraft) [STDOUT]: [voxy-harness] stage=resize
[08:28:58] [Render thread/INFO] (Voxy) [me.cx.vy.ct.ce.vk.me.McNativeHierarchicalLoad]: [native-vk] hier frames entering stage resize: composited=3510 skipped=2 builds=1
[08:28:58] [Render thread/INFO] (Voxy) [me.cx.vy.ct.ce.vk.sr.VkShader$Builder]: VkShader 'vk-hiz': 1 bindings, push=0B, stages=[VERTEX, FRAGMENT]
[08:28:58] [Render thread/INFO] (Voxy) [me.cx.vy.ct.ce.vk.sr.VkShader$Builder]: VkShader 'vk-traversal': 10 bindings, push=4B, stages=[COMPUTE]
[08:28:58] [Render thread/INFO] (Voxy) [me.cx.vy.ct.ce.vk.sr.VkShader$Builder]: VkShader 'vk-merged-prep': 8 bindings, push=0B, stages=[COMPUTE]
[08:28:58] [Render thread/INFO] (Voxy) [me.cx.vy.ct.ce.vk.sr.VkShader$Builder]: VkShader 'vk-merged-cmdgen': 10 bindings, push=0B, stages=[COMPUTE]
[08:28:58] [Render thread/INFO] (Voxy) [me.cx.vy.ct.ce.vk.sr.VkShader$Builder]: VkShader 'vk-temporal-prefix': 2 bindings, push=12B, stages=[COMPUTE]
[08:28:58] [Render thread/INFO] (Voxy) [me.cx.vy.ct.ce.vk.sr.VkShader$Builder]: VkShader 'vk-translucent-bucket-scan': 1 bindings, push=0B, stages=[COMPUTE]
[08:28:58] [Render thread/INFO] (Voxy) [me.cx.vy.ct.ce.vk.sr.VkShader$Builder]: VkShader 'vk-translucent-gen': 7 bindings, push=0B, stages=[COMPUTE]
[08:28:58] [Render thread/INFO] (Voxy) [me.cx.vy.ct.ce.vk.sr.VkShader$Builder]: VkShader 'vk-translucent-prefix': 4 bindings, push=4B, stages=[COMPUTE]
[08:28:58] [Render thread/INFO] (Voxy) [me.cx.vy.ct.ce.vk.sr.VkShader$Builder]: VkShader 'vk-merged-prefix': 2 bindings, push=12B, stages=[COMPUTE]
[08:28:58] [Render thread/INFO] (Voxy) [me.cx.vy.ct.ce.vk.sr.VkShader$Builder]: VkShader 'vk-cull-raster': 4 bindings, push=0B, stages=[VERTEX, FRAGMENT]
[08:28:58] [Render thread/INFO] (Voxy) [me.cx.vy.ct.ce.vk.sr.VkShader$Builder]: VkShader 'vk-terrain-merged': 10 bindings, push=0B, stages=[VERTEX, FRAGMENT]
[08:28:58] [Render thread/INFO] (Voxy) [me.cx.vy.ct.ce.vk.sr.VkShader$Builder]: VkShader 'vk-terrain-merged': 10 bindings, push=0B, stages=[VERTEX, FRAGMENT]
[08:28:58] [Render thread/INFO] (Voxy) [me.cx.vy.ct.ce.vk.sr.VkShader$Builder]: VkShader 'vk-terrain-merged': 10 bindings, push=0B, stages=[VERTEX, FRAGMENT]
[08:28:58] [Render thread/INFO] (Voxy) [me.cx.vy.ct.ce.vk.VkRealModelBakery]: [5c-3b] replayed 14 biomes already registered by the world
[08:28:58] [Render thread/INFO] (Voxy) [me.cx.vy.ct.ce.vk.sr.VkShader$Builder]: VkShader 'vk-depth-resolve-reproject': 1 bindings, push=128B, stages=[VERTEX, FRAGMENT]
[08:28:58] [Render thread/INFO] (Voxy) [me.cx.vy.ct.ce.vk.sr.VkShader$Builder]: VkShader 'vk-native-composite': 2 bindings, push=0B, stages=[VERTEX, FRAGMENT]
[08:28:58] [Render thread/INFO] (Voxy) [me.cx.vy.ct.ce.vk.me.McNativeHierarchicalLoad]: [native-vk] hier-LOAD scene #2: streaming render distance 17, sections -1..0
[08:28:59] [Render thread/INFO] (Voxy) [me.cx.vy.ct.ce.vk.me.McNativeInstanceProbe]: [native-vk] native instance at frame 3540 stage=resize factory=true instance=true engine=true live=true activeSections=0 renderer=false ingest=true cameraCaptures=3540 storedNearCamera=22
[08:29:01] [Render thread/INFO] (Voxy) [me.cx.vy.ct.ce.vk.me.McNativeInstanceProbe]: [native-vk] native instance at frame 3600 stage=resize factory=true instance=true engine=true live=true activeSections=0 renderer=false ingest=true cameraCaptures=3600 storedNearCamera=22
[08:29:01] [Render thread/INFO] (Voxy) [me.cx.vy.ct.ce.vk.me.McNativeDepthLadder]: [native-vk] depth ladder sample requested at draw 3602 stage=resize camera=[0.5 121.61999988555908 0.5 30.0 0.0]
[08:29:01] [Render thread/INFO] (Voxy) [me.cx.vy.ct.ce.vk.VkRealMesher]: [5c-3b] meshed 16 sections around [0,0,0] r=4 (LoD 3): 8 empty, 705 not in the world yet, 0 gave up, 86 models baked on demand
[08:29:01] [Render thread/INFO] (Voxy) [me.cx.vy.ct.ce.vk.VkRealModelBakery]: [5c-3b] replayed 14 biomes already registered by the world
[08:29:01] [Render thread/INFO] (Voxy) [me.cx.vy.ct.ce.vk.sr.VkShader$Builder]: VkShader 'vk-terrain-per_section': 8 bindings, push=0B, stages=[VERTEX, FRAGMENT]
[08:29:01] [Render thread/INFO] (Voxy) [me.cx.vy.ct.ce.vk.me.McNativeRealScene]: [native-vk] real-LOAD scene #6: 8 sections, 2005 quads, 48 draws at level 3 around [0, 0, 0] r=4 excludedNear=8 cut=128
[08:29:01] [Render thread/INFO] (Voxy) [me.cx.vy.ct.ce.vk.me.McNativeDepthLadder]: [native-vk] depth ladder sample at draw 3602 flipped=true counts=[anomaly=0 low=0 clear=14439 r0=0 r1=0 r2=84633 r3=0 r4=0 r5=0 r6=0 r7=0 other=0] stage=resize camera=[0.5 121.61999988555908 0.5 30.0 0.0]
[08:29:01] [Render thread/INFO] (Voxy) [me.cx.vy.ct.ce.vk.me.McNativeDepthLadder]: [native-vk] depth ladder coexist at draw 3602 present=99072 absent=0 other=0 expectedPass=99072 expectedFail=0 absentWherePass=0 presentWhereFail=0 unchanged=0
[08:29:01] [Render thread/INFO] (Voxy) [me.cx.vy.ct.ce.vk.me.McNativeRealLoad]: [native-vk] real load at draw 3602 status=judged geometry=0 noGeometry=99072 expectVisible=0 expectHidden=0 undetermined=0 visible=0 hidden=0 ambiguous=0 other=0 visibleWhereHidden=0 hiddenWhereVisible=0 changedWhereNoGeometry=0 depth=[NaN NaN]
[08:29:03] [Render thread/INFO] (Voxy) [me.cx.vy.ct.ce.vk.me.McNativeInstanceProbe]: [native-vk] native instance at frame 3660 stage=resize factory=true instance=true engine=true live=true activeSections=0 renderer=false ingest=true cameraCaptures=3660 storedNearCamera=22
[08:29:05] [Render thread/INFO] (Voxy) [me.cx.vy.ct.ce.vk.me.McNativeInstanceProbe]: [native-vk] native instance at frame 3720 stage=resize factory=true instance=true engine=true live=true activeSections=0 renderer=false ingest=true cameraCaptures=3720 storedNearCamera=22
[08:29:07] [Render thread/INFO] (Voxy) [me.cx.vy.ct.ce.vk.me.McNativeInstanceProbe]: [native-vk] native instance at frame 3780 stage=resize factory=true instance=true engine=true live=true activeSections=0 renderer=false ingest=true cameraCaptures=3780 storedNearCamera=22
[08:29:08] [Render thread/INFO] (Minecraft) [STDOUT]: [voxy-harness] stage=reload
[08:29:08] [Render thread/INFO] (Minecraft) Reloading ResourceManager: vanilla, fabric-api, fabric-api-base, fabric-api-lookup-api-v1, fabric-biome-api-v1, fabric-block-api-v1, fabric-block-getter-api-v2, fabric-client-gametest-api-v1, fabric-command-api-v2, fabric-content-registries-v0, fabric-convention-tags-v2, fabric-crash-report-info-v1, fabric-creative-tab-api-v1, fabric-data-attachment-api-v1, fabric-data-generation-api-v1, fabric-debug-api-v1, fabric-dimensions-v1, fabric-entity-events-v1, fabric-events-interaction-v0, fabric-game-rule-api-v1, fabric-gametest-api-v1, fabric-item-api-v1, fabric-key-mapping-api-v1, fabric-lifecycle-events-v1, fabric-loot-api-v3, fabric-menu-api-v1, fabric-message-api-v1, fabric-model-loading-api-v1, fabric-networking-api-v1, fabric-object-builder-api-v1, fabric-particles-v1, fabric-permission-api-v1, fabric-recipe-api-v1, fabric-registry-sync-v0, fabric-renderer-api-v1, fabric-renderer-indigo, fabric-rendering-fluids-v1, fabric-rendering-v1, fabric-resource-conditions-api-v1, fabric-resource-loader-v0, fabric-resource-loader-v1, fabric-screen-api-v1, fabric-serialization-api-v1, fabric-sound-api-v1, fabric-tag-api-v1, fabric-transfer-api-v1, fabric-transitive-access-wideners-v1, fabricloader, lithium, modmenu, sodium, voxy
[08:29:08] [Render thread/INFO] (Voxy) [me.cx.vy.ct.ce.vk.me.McNativeHierarchicalLoad]: [native-vk] hier frames entering stage reload: composited=3798 skipped=2 builds=2
[08:29:08] [Server thread/INFO] (Minecraft) Saving and pausing game...
[08:29:08] [Server thread/INFO] (Minecraft) Saving chunks for level 'ServerLevel[voxy-harness]'/minecraft:overworld
[08:29:08] [Worker-Main-5/INFO] (Minecraft) Found unifont_all_no_pua-17.0.01.hex, loading
[08:29:08] [Worker-Main-12/INFO] (Minecraft) Found unifont_pua-17.0.01.hex, loading
[08:29:08] [Server thread/INFO] (Minecraft) Saving chunks for level 'ServerLevel[voxy-harness]'/minecraft:the_end
[08:29:08] [Server thread/INFO] (Minecraft) Saving chunks for level 'ServerLevel[voxy-harness]'/minecraft:the_nether
[08:29:08] [Worker-Main-5/INFO] (Minecraft) Found unifont_jp_patch-17.0.01.hex, loading
[08:29:09] [Render thread/INFO] (Minecraft) OpenAL initialized on device MacBook Pro Speakers
[08:29:09] [Render thread/INFO] (Minecraft) Sound engine started
[08:29:09] [Render thread/INFO] (Minecraft) Created: 512x256x0 minecraft:textures/atlas/particles.png-atlas
[08:29:09] [Render thread/INFO] (Minecraft) Created: 128x128x0 minecraft:textures/atlas/decorated_pot.png-atlas
[08:29:09] [Render thread/INFO] (Minecraft) Created: 2048x1024x0 minecraft:textures/atlas/armor_trims.png-atlas
[08:29:09] [Render thread/INFO] (Minecraft) Created: 512x256x0 minecraft:textures/atlas/paintings.png-atlas
[08:29:09] [Render thread/INFO] (Minecraft) Created: 1024x512x0 minecraft:textures/atlas/shield_patterns.png-atlas
[08:29:09] [Render thread/INFO] (Minecraft) Created: 2048x2048x4 minecraft:textures/atlas/blocks.png-atlas
[08:29:09] [Render thread/INFO] (Minecraft) Created: 512x512x0 minecraft:textures/atlas/chest.png-atlas
[08:29:09] [Render thread/INFO] (Minecraft) Created: 256x128x0 minecraft:textures/atlas/celestials.png-atlas
[08:29:09] [Render thread/INFO] (Minecraft) Created: 1024x512x0 minecraft:textures/atlas/banner_patterns.png-atlas
[08:29:09] [Render thread/INFO] (Minecraft) Created: 1024x512x0 minecraft:textures/atlas/items.png-atlas
[08:29:10] [Render thread/INFO] (Minecraft) Created: 1024x1024x0 minecraft:textures/atlas/gui.png-atlas
[08:29:10] [Render thread/INFO] (Minecraft) Created: 128x64x0 minecraft:textures/atlas/map_decorations.png-atlas
[08:29:10] [Render thread/INFO] (Minecraft) Created: 512x512x0 minecraft:textures/atlas/shulker_boxes.png-atlas
[08:29:10] [Render thread/INFO] (Voxy) [me.cx.vy.ct.ce.vk.me.McNativeAtlas]: [native-vk] requested the block atlas (2048x2048) through Blaze3D
[08:29:10] [Render thread/INFO] (Voxy) [nt.mt.ct.rr.LevelRenderer]: [native-vk] native instance mode: world engine created; no renderer
[08:29:10] [Render thread/INFO] (ChunkBuilder) Stopping worker threads
[08:29:10] [Render thread/INFO] (ChunkBuilder) Started 8 worker threads
[08:29:10] [Render thread/INFO] (Voxy) [me.cx.vy.ct.ce.vk.me.McNativeAtlas]: [native-vk] block atlas read through Blaze3D: 2048x2048
[08:29:10] [Render thread/INFO] (Voxy) [me.cx.vy.ct.ce.vk.sr.VkShader$Builder]: VkShader 'vk-hiz': 1 bindings, push=0B, stages=[VERTEX, FRAGMENT]
[08:29:10] [Render thread/INFO] (Voxy) [me.cx.vy.ct.ce.vk.sr.VkShader$Builder]: VkShader 'vk-traversal': 10 bindings, push=4B, stages=[COMPUTE]
[08:29:10] [Render thread/INFO] (Voxy) [me.cx.vy.ct.ce.vk.sr.VkShader$Builder]: VkShader 'vk-merged-prep': 8 bindings, push=0B, stages=[COMPUTE]
[08:29:10] [Render thread/INFO] (Voxy) [me.cx.vy.ct.ce.vk.sr.VkShader$Builder]: VkShader 'vk-merged-cmdgen': 10 bindings, push=0B, stages=[COMPUTE]
[08:29:10] [Render thread/INFO] (Voxy) [me.cx.vy.ct.ce.vk.sr.VkShader$Builder]: VkShader 'vk-temporal-prefix': 2 bindings, push=12B, stages=[COMPUTE]
[08:29:10] [Render thread/INFO] (Voxy) [me.cx.vy.ct.ce.vk.sr.VkShader$Builder]: VkShader 'vk-translucent-bucket-scan': 1 bindings, push=0B, stages=[COMPUTE]
[08:29:10] [Render thread/INFO] (Voxy) [me.cx.vy.ct.ce.vk.sr.VkShader$Builder]: VkShader 'vk-translucent-gen': 7 bindings, push=0B, stages=[COMPUTE]
[08:29:10] [Render thread/INFO] (Voxy) [me.cx.vy.ct.ce.vk.sr.VkShader$Builder]: VkShader 'vk-translucent-prefix': 4 bindings, push=4B, stages=[COMPUTE]
[08:29:10] [Render thread/INFO] (Voxy) [me.cx.vy.ct.ce.vk.sr.VkShader$Builder]: VkShader 'vk-merged-prefix': 2 bindings, push=12B, stages=[COMPUTE]
[08:29:10] [Render thread/INFO] (Voxy) [me.cx.vy.ct.ce.vk.sr.VkShader$Builder]: VkShader 'vk-cull-raster': 4 bindings, push=0B, stages=[VERTEX, FRAGMENT]
[08:29:10] [Render thread/INFO] (Voxy) [me.cx.vy.ct.ce.vk.sr.VkShader$Builder]: VkShader 'vk-terrain-merged': 10 bindings, push=0B, stages=[VERTEX, FRAGMENT]
[08:29:10] [Render thread/INFO] (Voxy) [me.cx.vy.ct.ce.vk.sr.VkShader$Builder]: VkShader 'vk-terrain-merged': 10 bindings, push=0B, stages=[VERTEX, FRAGMENT]
[08:29:10] [Render thread/INFO] (Voxy) [me.cx.vy.ct.ce.vk.sr.VkShader$Builder]: VkShader 'vk-terrain-merged': 10 bindings, push=0B, stages=[VERTEX, FRAGMENT]
[08:29:10] [Render thread/INFO] (Voxy) [me.cx.vy.ct.ce.vk.VkRealModelBakery]: [5c-3b] replayed 14 biomes already registered by the world
[08:29:10] [Render thread/INFO] (Voxy) [me.cx.vy.ct.ce.vk.sr.VkShader$Builder]: VkShader 'vk-depth-resolve-reproject': 1 bindings, push=128B, stages=[VERTEX, FRAGMENT]
[08:29:10] [Render thread/INFO] (Voxy) [me.cx.vy.ct.ce.vk.sr.VkShader$Builder]: VkShader 'vk-native-composite': 2 bindings, push=0B, stages=[VERTEX, FRAGMENT]
[08:29:10] [Render thread/INFO] (Voxy) [me.cx.vy.ct.ce.vk.me.McNativeHierarchicalLoad]: [native-vk] hier-LOAD scene #3: streaming render distance 17, sections -1..0
[08:29:11] [Render thread/INFO] (Voxy) [me.cx.vy.ct.ce.vk.me.McNativeInstanceProbe]: [native-vk] native instance at frame 3840 stage=reload factory=true instance=true engine=true live=true activeSections=0 renderer=false ingest=true cameraCaptures=3840 storedNearCamera=22
[08:29:11] [Render thread/INFO] (Voxy) [me.cx.vy.ct.ce.vk.me.McNativeDepthLadder]: [native-vk] depth ladder sample requested at draw 3842 stage=reload camera=[0.5 121.61999988555908 0.5 30.0 0.0]
[08:29:11] [Render thread/INFO] (Voxy) [me.cx.vy.ct.ce.vk.me.McNativeHierarchicalLoad]: [native-vk] hier frames before draw 3842: composited=3832
[08:29:11] [Render thread/INFO] (Voxy) [me.cx.vy.ct.ce.vk.me.McNativeDepthLadder]: [native-vk] depth ladder sample at draw 3842 flipped=true counts=[anomaly=0 low=0 clear=14439 r0=0 r1=0 r2=84633 r3=0 r4=0 r5=0 r6=0 r7=0 other=0] stage=reload camera=[0.5 121.61999988555908 0.5 30.0 0.0]
[08:29:11] [Render thread/INFO] (Voxy) [me.cx.vy.ct.ce.vk.me.McNativeDepthLadder]: [native-vk] depth ladder coexist at draw 3842 present=99072 absent=0 other=0 expectedPass=99072 expectedFail=0 absentWherePass=0 presentWhereFail=0 unchanged=0
[08:29:11] [Render thread/INFO] (Voxy) [me.cx.vy.ct.ce.vk.me.McNativeHierarchicalLoad]: [native-vk] hier load at draw 3842 status=judged geometry=99072 noGeometry=0 expectVisible=14439 expectHidden=84633 undetermined=0 visible=14439 hidden=84633 ambiguous=0 other=0 visibleWhereHidden=0 hiddenWhereVisible=0 changedWhereNoGeometry=0 depth=[4.5641113E-4 0.0015332259]
[08:29:13] [Render thread/INFO] (Voxy) [me.cx.vy.ct.ce.vk.me.McNativeInstanceProbe]: [native-vk] native instance at frame 3900 stage=reload factory=true instance=true engine=true live=true activeSections=0 renderer=false ingest=true cameraCaptures=3900 storedNearCamera=22
[08:29:15] [Render thread/INFO] (Voxy) [me.cx.vy.ct.ce.vk.me.McNativeInstanceProbe]: [native-vk] native instance at frame 3960 stage=reload factory=true instance=true engine=true live=true activeSections=0 renderer=false ingest=true cameraCaptures=3960 storedNearCamera=22
[08:29:17] [Render thread/INFO] (Voxy) [me.cx.vy.ct.ce.vk.me.McNativeInstanceProbe]: [native-vk] native instance at frame 4020 stage=reload factory=true instance=true engine=true live=true activeSections=0 renderer=false ingest=true cameraCaptures=4020 storedNearCamera=22
[08:29:18] [Render thread/INFO] (Minecraft) [STDOUT]: [voxy-harness] stage=nether
[08:29:18] [Render thread/INFO] (Voxy) [me.cx.vy.ct.ce.vk.me.McNativeHierarchicalLoad]: [native-vk] hier frames entering stage nether: composited=4044 skipped=4 builds=3
[08:29:18] [Server thread/INFO] (Minecraft) Player4 has made the advancement [We Need to Go Deeper]
[08:29:18] [Server thread/INFO] (Minecraft) [Player4: Teleported Player4 to 0.500000, 100.000000, 0.500000]
[08:29:18] [Render thread/INFO] (Voxy) [me.cx.vy.cl.VoxyInstance]: Creating new world engine: -804933456715516506@1605706307
[08:29:18] [Render thread/INFO] (Voxy) [nt.mt.ct.rr.LevelRenderer]: [native-vk] native instance mode: world engine created; no renderer
[08:29:18] [Render thread/INFO] (ChunkBuilder) Stopping worker threads
[08:29:18] [Render thread/INFO] (ChunkBuilder) Started 8 worker threads
[08:29:18] [Render thread/INFO] (Minecraft) [System] [CHAT] Player4 has made the advancement [We Need to Go Deeper]
[08:29:18] [Render thread/INFO] (Minecraft) [System] [CHAT] Teleported Player4 to 0.500000, 100.000000, 0.500000
[08:29:18] [Render thread/INFO] (ChunkBuilder) Stopping worker threads
[08:29:18] [Render thread/INFO] (ChunkBuilder) Started 8 worker threads
[08:29:18] [Render thread/INFO] (Voxy) [me.cx.vy.ct.ce.vk.sr.VkShader$Builder]: VkShader 'vk-hiz': 1 bindings, push=0B, stages=[VERTEX, FRAGMENT]
[08:29:18] [Render thread/INFO] (Voxy) [me.cx.vy.ct.ce.vk.sr.VkShader$Builder]: VkShader 'vk-traversal': 10 bindings, push=4B, stages=[COMPUTE]
[08:29:18] [Render thread/INFO] (Voxy) [me.cx.vy.ct.ce.vk.sr.VkShader$Builder]: VkShader 'vk-merged-prep': 8 bindings, push=0B, stages=[COMPUTE]
[08:29:18] [Render thread/INFO] (Voxy) [me.cx.vy.ct.ce.vk.sr.VkShader$Builder]: VkShader 'vk-merged-cmdgen': 10 bindings, push=0B, stages=[COMPUTE]
[08:29:18] [Render thread/INFO] (Voxy) [me.cx.vy.ct.ce.vk.sr.VkShader$Builder]: VkShader 'vk-temporal-prefix': 2 bindings, push=12B, stages=[COMPUTE]
[08:29:18] [Render thread/INFO] (Voxy) [me.cx.vy.ct.ce.vk.sr.VkShader$Builder]: VkShader 'vk-translucent-bucket-scan': 1 bindings, push=0B, stages=[COMPUTE]
[08:29:18] [Render thread/INFO] (Voxy) [me.cx.vy.ct.ce.vk.sr.VkShader$Builder]: VkShader 'vk-translucent-gen': 7 bindings, push=0B, stages=[COMPUTE]
[08:29:18] [Render thread/INFO] (Voxy) [me.cx.vy.ct.ce.vk.sr.VkShader$Builder]: VkShader 'vk-translucent-prefix': 4 bindings, push=4B, stages=[COMPUTE]
[08:29:18] [Render thread/INFO] (Voxy) [me.cx.vy.ct.ce.vk.sr.VkShader$Builder]: VkShader 'vk-merged-prefix': 2 bindings, push=12B, stages=[COMPUTE]
[08:29:18] [Render thread/INFO] (Voxy) [me.cx.vy.ct.ce.vk.sr.VkShader$Builder]: VkShader 'vk-cull-raster': 4 bindings, push=0B, stages=[VERTEX, FRAGMENT]
[08:29:18] [Render thread/INFO] (Voxy) [me.cx.vy.ct.ce.vk.sr.VkShader$Builder]: VkShader 'vk-terrain-merged': 10 bindings, push=0B, stages=[VERTEX, FRAGMENT]
[08:29:18] [Render thread/INFO] (Voxy) [me.cx.vy.ct.ce.vk.sr.VkShader$Builder]: VkShader 'vk-terrain-merged': 10 bindings, push=0B, stages=[VERTEX, FRAGMENT]
[08:29:18] [Render thread/INFO] (Voxy) [me.cx.vy.ct.ce.vk.sr.VkShader$Builder]: VkShader 'vk-terrain-merged': 10 bindings, push=0B, stages=[VERTEX, FRAGMENT]
[08:29:18] [Render thread/INFO] (Voxy) [me.cx.vy.ct.ce.vk.VkRealModelBakery]: [5c-3b] replayed 0 biomes already registered by the world
[08:29:18] [Render thread/INFO] (Voxy) [me.cx.vy.ct.ce.vk.sr.VkShader$Builder]: VkShader 'vk-depth-resolve-reproject': 1 bindings, push=128B, stages=[VERTEX, FRAGMENT]
[08:29:18] [Render thread/INFO] (Voxy) [me.cx.vy.ct.ce.vk.sr.VkShader$Builder]: VkShader 'vk-native-composite': 2 bindings, push=0B, stages=[VERTEX, FRAGMENT]
[08:29:18] [Render thread/INFO] (Voxy) [me.cx.vy.ct.ce.vk.me.McNativeHierarchicalLoad]: [native-vk] hier-LOAD scene #4: streaming render distance 17, sections 0..0
[08:29:19] [Render thread/INFO] (Minecraft) Loaded 29 advancements
[08:29:19] [Render thread/INFO] (Minecraft) Loaded 29 advancements
[08:29:19] [Render thread/INFO] (Voxy) [me.cx.vy.ct.ce.vk.me.McNativeInstanceProbe]: [native-vk] native instance at frame 4080 stage=nether factory=true instance=true engine=true live=true activeSections=0 renderer=false ingest=true cameraCaptures=4080 storedNearCamera=27
[08:29:19] [Render thread/INFO] (Voxy) [me.cx.vy.ct.ce.vk.me.McNativeDepthLadder]: [native-vk] depth ladder sample requested at draw 4082 stage=nether camera=[0.5 101.61999988555908 0.5 30.0 0.0]
[08:29:19] [Render thread/INFO] (Voxy) [me.cx.vy.ct.ce.vk.sr.VkShader$Builder]: VkShader 'vk-terrain-per_section': 8 bindings, push=0B, stages=[VERTEX, FRAGMENT]
[08:29:19] [Render thread/INFO] (Voxy) [me.cx.vy.ct.ce.vk.me.McNativeTerrainScene]: [native-vk] terrain reference on the adopted device: 28964 of 2073600 pixels are not background
[08:29:19] [Render thread/INFO] (Voxy) [me.cx.vy.ct.ce.vk.me.McNativeTerrainLoad]: [native-vk] terrain-LOAD scene built: 28964 reference pixels, 10 draw(s), depth state declared [6, 1, 1]
[08:29:19] [Render thread/INFO] (Voxy) [me.cx.vy.ct.ce.vk.me.McNativeDepthLadder]: [native-vk] depth ladder sample at draw 4082 flipped=true counts=[anomaly=0 low=0 clear=80030 r0=0 r1=0 r2=0 r3=2738 r4=16304 r5=0 r6=0 r7=0 other=0] stage=nether camera=[0.5 101.61999988555908 0.5 30.0 0.0]
[08:29:19] [Render thread/INFO] (Voxy) [me.cx.vy.ct.ce.vk.me.McNativeDepthLadder]: [native-vk] depth ladder coexist at draw 4082 present=82768 absent=16304 other=0 expectedPass=82768 expectedFail=16304 absentWherePass=0 presentWhereFail=0 unchanged=16304
[08:29:19] [Render thread/INFO] (Voxy) [me.cx.vy.ct.ce.vk.me.McNativeTerrainLoad]: [native-vk] terrain load at draw 4082 geometry=28964 noGeometry=70108 expectVisible=21492 expectHidden=7458 undetermined=14 visible=21492 hidden=7472 ambiguous=0 other=0 visibleWhereHidden=0 hiddenWhereVisible=0 changedWhereNoGeometry=0 depth=[1.453138E-4 0.0030660268]
[08:29:21] [Render thread/INFO] (Voxy) [me.cx.vy.ct.ce.vk.me.McNativeInstanceProbe]: [native-vk] native instance at frame 4140 stage=nether factory=true instance=true engine=true live=true activeSections=0 renderer=false ingest=true cameraCaptures=4140 storedNearCamera=27
[08:29:23] [Render thread/INFO] (Voxy) [me.cx.vy.ct.ce.vk.me.McNativeInstanceProbe]: [native-vk] native instance at frame 4200 stage=nether factory=true instance=true engine=true live=true activeSections=0 renderer=false ingest=true cameraCaptures=4200 storedNearCamera=27
[08:29:25] [Render thread/INFO] (Voxy) [me.cx.vy.ct.ce.vk.me.McNativeInstanceProbe]: [native-vk] native instance at frame 4260 stage=nether factory=true instance=true engine=true live=true activeSections=0 renderer=false ingest=true cameraCaptures=4260 storedNearCamera=27
[08:29:27] [Render thread/INFO] (Voxy) [me.cx.vy.ct.ce.vk.me.McNativeInstanceProbe]: [native-vk] native instance at frame 4320 stage=nether factory=true instance=true engine=true live=true activeSections=0 renderer=false ingest=true cameraCaptures=4320 storedNearCamera=27
[08:29:27] [Render thread/INFO] (Voxy) [me.cx.vy.ct.ce.vk.me.McNativeDepthLadder]: [native-vk] depth ladder sample requested at draw 4322 stage=nether camera=[0.5 101.61999988555908 0.5 30.0 0.0]
[08:29:28] [Render thread/INFO] (Voxy) [me.cx.vy.ct.ce.vk.VkRealMesher]: [5c-3b] meshed 4 sections around [0,0,0] r=4 (LoD 3): 4 empty, 721 not in the world yet, 0 gave up, 20 models baked on demand
[08:29:28] [Render thread/INFO] (Voxy) [me.cx.vy.ct.ce.vk.me.McNativeRealLoad]: [native-vk] real-LOAD: nothing meshed at level 3 around [0, 0, 0] (scene #7)
[08:29:28] [Render thread/INFO] (Voxy) [me.cx.vy.ct.ce.vk.me.McNativeRealLoad]: [native-vk] real load at draw 4322 status=nothing-meshed
[08:29:28] [Render thread/INFO] (Voxy) [me.cx.vy.ct.ce.vk.me.McNativeDepthLadder]: [native-vk] depth ladder sample at draw 4322 flipped=true counts=[anomaly=0 low=0 clear=80030 r0=0 r1=0 r2=0 r3=2738 r4=16304 r5=0 r6=0 r7=0 other=0] stage=nether camera=[0.5 101.61999988555908 0.5 30.0 0.0]
[08:29:28] [Render thread/INFO] (Voxy) [me.cx.vy.ct.ce.vk.me.McNativeDepthLadder]: [native-vk] depth ladder coexist at draw 4322 present=82768 absent=16304 other=0 expectedPass=82768 expectedFail=16304 absentWherePass=0 presentWhereFail=0 unchanged=16304
[08:29:28] [Active world cleaner/INFO] (Voxy) [me.cx.vy.cl.VoxyInstance]: Shutting down idle world: 7462760223788803275
[08:29:28] [Render thread/INFO] (Minecraft) [STDOUT]: [voxy-harness] stage=overworld
[08:29:28] [Render thread/INFO] (Voxy) [me.cx.vy.ct.ce.vk.me.McNativeHierarchicalLoad]: [native-vk] hier frames entering stage overworld: composited=4328 skipped=4 builds=4
[08:29:28] [Server thread/INFO] (Minecraft) [Player4: Teleported Player4 to 0.500000, 120.000000, 0.500000]
[08:29:28] [Render thread/INFO] (Voxy) [me.cx.vy.cl.VoxyInstance]: Creating new world engine: 7462760223788803275@1605706307
[08:29:28] [Render thread/INFO] (Voxy) [nt.mt.ct.rr.LevelRenderer]: [native-vk] native instance mode: world engine created; no renderer
[08:29:28] [Render thread/INFO] (ChunkBuilder) Stopping worker threads
[08:29:28] [Render thread/INFO] (ChunkBuilder) Started 8 worker threads
[08:29:28] [Render thread/INFO] (Minecraft) [System] [CHAT] Teleported Player4 to 0.500000, 120.000000, 0.500000
[08:29:28] [Render thread/INFO] (ChunkBuilder) Stopping worker threads
[08:29:28] [Render thread/INFO] (ChunkBuilder) Started 8 worker threads
[08:29:28] [Render thread/INFO] (Voxy) [me.cx.vy.ct.ce.vk.sr.VkShader$Builder]: VkShader 'vk-hiz': 1 bindings, push=0B, stages=[VERTEX, FRAGMENT]
[08:29:28] [Render thread/INFO] (Voxy) [me.cx.vy.ct.ce.vk.sr.VkShader$Builder]: VkShader 'vk-traversal': 10 bindings, push=4B, stages=[COMPUTE]
[08:29:28] [Render thread/INFO] (Voxy) [me.cx.vy.ct.ce.vk.sr.VkShader$Builder]: VkShader 'vk-merged-prep': 8 bindings, push=0B, stages=[COMPUTE]
[08:29:28] [Render thread/INFO] (Voxy) [me.cx.vy.ct.ce.vk.sr.VkShader$Builder]: VkShader 'vk-merged-cmdgen': 10 bindings, push=0B, stages=[COMPUTE]
[08:29:28] [Render thread/INFO] (Voxy) [me.cx.vy.ct.ce.vk.sr.VkShader$Builder]: VkShader 'vk-temporal-prefix': 2 bindings, push=12B, stages=[COMPUTE]
[08:29:28] [Render thread/INFO] (Voxy) [me.cx.vy.ct.ce.vk.sr.VkShader$Builder]: VkShader 'vk-translucent-bucket-scan': 1 bindings, push=0B, stages=[COMPUTE]
[08:29:28] [Render thread/INFO] (Voxy) [me.cx.vy.ct.ce.vk.sr.VkShader$Builder]: VkShader 'vk-translucent-gen': 7 bindings, push=0B, stages=[COMPUTE]
[08:29:28] [Render thread/INFO] (Voxy) [me.cx.vy.ct.ce.vk.sr.VkShader$Builder]: VkShader 'vk-translucent-prefix': 4 bindings, push=4B, stages=[COMPUTE]
[08:29:28] [Render thread/INFO] (Voxy) [me.cx.vy.ct.ce.vk.sr.VkShader$Builder]: VkShader 'vk-merged-prefix': 2 bindings, push=12B, stages=[COMPUTE]
[08:29:28] [Render thread/INFO] (Voxy) [me.cx.vy.ct.ce.vk.sr.VkShader$Builder]: VkShader 'vk-cull-raster': 4 bindings, push=0B, stages=[VERTEX, FRAGMENT]
[08:29:28] [Render thread/INFO] (Voxy) [me.cx.vy.ct.ce.vk.sr.VkShader$Builder]: VkShader 'vk-terrain-merged': 10 bindings, push=0B, stages=[VERTEX, FRAGMENT]
[08:29:28] [Render thread/INFO] (Voxy) [me.cx.vy.ct.ce.vk.sr.VkShader$Builder]: VkShader 'vk-terrain-merged': 10 bindings, push=0B, stages=[VERTEX, FRAGMENT]
[08:29:28] [Render thread/INFO] (Voxy) [me.cx.vy.ct.ce.vk.sr.VkShader$Builder]: VkShader 'vk-terrain-merged': 10 bindings, push=0B, stages=[VERTEX, FRAGMENT]
[08:29:28] [Render thread/INFO] (Voxy) [me.cx.vy.ct.ce.vk.VkRealModelBakery]: [5c-3b] replayed 14 biomes already registered by the world
[08:29:28] [Render thread/INFO] (Voxy) [me.cx.vy.ct.ce.vk.sr.VkShader$Builder]: VkShader 'vk-depth-resolve-reproject': 1 bindings, push=128B, stages=[VERTEX, FRAGMENT]
[08:29:28] [Render thread/INFO] (Voxy) [me.cx.vy.ct.ce.vk.sr.VkShader$Builder]: VkShader 'vk-native-composite': 2 bindings, push=0B, stages=[VERTEX, FRAGMENT]
[08:29:28] [Render thread/INFO] (Voxy) [me.cx.vy.ct.ce.vk.me.McNativeHierarchicalLoad]: [native-vk] hier-LOAD scene #5: streaming render distance 17, sections -1..0
[08:29:30] [Render thread/INFO] (Voxy) [me.cx.vy.ct.ce.vk.me.McNativeInstanceProbe]: [native-vk] native instance at frame 4380 stage=overworld factory=true instance=true engine=true live=true activeSections=0 renderer=false ingest=true cameraCaptures=4380 storedNearCamera=22
[08:29:32] [Render thread/INFO] (Voxy) [me.cx.vy.ct.ce.vk.me.McNativeInstanceProbe]: [native-vk] native instance at frame 4440 stage=overworld factory=true instance=true engine=true live=true activeSections=0 renderer=false ingest=true cameraCaptures=4440 storedNearCamera=22
[08:29:34] [Render thread/INFO] (Voxy) [me.cx.vy.ct.ce.vk.me.McNativeInstanceProbe]: [native-vk] native instance at frame 4500 stage=overworld factory=true instance=true engine=true live=true activeSections=0 renderer=false ingest=true cameraCaptures=4500 storedNearCamera=22
[08:29:36] [Render thread/INFO] (Voxy) [me.cx.vy.ct.ce.vk.me.McNativeInstanceProbe]: [native-vk] native instance at frame 4560 stage=overworld factory=true instance=true engine=true live=true activeSections=0 renderer=false ingest=true cameraCaptures=4560 storedNearCamera=22
[08:29:36] [Render thread/INFO] (Voxy) [me.cx.vy.ct.ce.vk.me.McNativeDepthLadder]: [native-vk] depth ladder sample requested at draw 4562 stage=overworld camera=[0.5 121.61999988555908 0.5 30.0 0.0]
[08:29:36] [Render thread/INFO] (Voxy) [me.cx.vy.ct.ce.vk.me.McNativeHierarchicalLoad]: [native-vk] hier frames before draw 4562: composited=4551
[08:29:36] [Render thread/INFO] (Voxy) [me.cx.vy.ct.ce.vk.me.McNativeDepthLadder]: [native-vk] depth ladder sample at draw 4562 flipped=true counts=[anomaly=0 low=0 clear=14439 r0=0 r1=0 r2=84633 r3=0 r4=0 r5=0 r6=0 r7=0 other=0] stage=overworld camera=[0.5 121.61999988555908 0.5 30.0 0.0]
[08:29:36] [Render thread/INFO] (Voxy) [me.cx.vy.ct.ce.vk.me.McNativeDepthLadder]: [native-vk] depth ladder coexist at draw 4562 present=99072 absent=0 other=0 expectedPass=99072 expectedFail=0 absentWherePass=0 presentWhereFail=0 unchanged=0
[08:29:36] [Render thread/INFO] (Voxy) [me.cx.vy.ct.ce.vk.me.McNativeHierarchicalLoad]: [native-vk] hier load at draw 4562 status=judged geometry=88032 noGeometry=11040 expectVisible=3399 expectHidden=84633 undetermined=0 visible=3399 hidden=84633 ambiguous=0 other=0 visibleWhereHidden=0 hiddenWhereVisible=0 changedWhereNoGeometry=0 depth=[3.2109942E-4 9.1801473E-4]
[08:29:38] [Render thread/INFO] (Voxy) [me.cx.vy.ct.ce.vk.me.McNativeInstanceProbe]: [native-vk] native instance at frame 4620 stage=overworld factory=true instance=true engine=true live=true activeSections=0 renderer=false ingest=true cameraCaptures=4620 storedNearCamera=22
[08:29:38] [Render thread/INFO] (Minecraft) [STDOUT]: [voxy-harness] stage=descend
[08:29:38] [Server thread/INFO] (Minecraft) [Player4: Teleported Player4 to 0.500000, 79.000000, 0.500000]
[08:29:38] [Render thread/INFO] (Voxy) [me.cx.vy.ct.ce.vk.me.McNativeHierarchicalLoad]: [native-vk] hier frames entering stage descend: composited=4618 skipped=4 builds=5
[08:29:38] [Active world cleaner/INFO] (Voxy) [me.cx.vy.cl.VoxyInstance]: Shutting down idle world: -804933456715516506
[08:29:38] [Render thread/INFO] (Minecraft) [System] [CHAT] Teleported Player4 to 0.500000, 79.000000, 0.500000
[08:29:40] [Render thread/INFO] (Voxy) [me.cx.vy.ct.ce.vk.me.McNativeInstanceProbe]: [native-vk] native instance at frame 4680 stage=descend factory=true instance=true engine=true live=true activeSections=0 renderer=false ingest=true cameraCaptures=4680 storedNearCamera=27
[08:29:42] [Render thread/INFO] (Voxy) [me.cx.vy.ct.ce.vk.me.McNativeInstanceProbe]: [native-vk] native instance at frame 4740 stage=descend factory=true instance=true engine=true live=true activeSections=0 renderer=false ingest=true cameraCaptures=4740 storedNearCamera=27
[08:29:44] [Render thread/INFO] (Voxy) [me.cx.vy.ct.ce.vk.me.McNativeInstanceProbe]: [native-vk] native instance at frame 4800 stage=descend factory=true instance=true engine=true live=true activeSections=0 renderer=false ingest=true cameraCaptures=4800 storedNearCamera=27
[08:29:44] [Render thread/INFO] (Voxy) [me.cx.vy.ct.ce.vk.me.McNativeDepthLadder]: [native-vk] depth ladder sample requested at draw 4802 stage=descend camera=[0.5 80.61999988555908 0.5 90.0 0.0]
[08:29:44] [Render thread/INFO] (Voxy) [me.cx.vy.ct.ce.vk.me.McNativeDepthLadder]: [native-vk] depth ladder sample at draw 4802 flipped=true counts=[anomaly=0 low=0 clear=0 r0=0 r1=0 r2=0 r3=45734 r4=53338 r5=0 r6=0 r7=0 other=0] stage=descend camera=[0.5 80.61999988555908 0.5 90.0 0.0]
[08:29:44] [Render thread/INFO] (Voxy) [me.cx.vy.ct.ce.vk.me.McNativeDepthLadder]: [native-vk] depth ladder coexist at draw 4802 present=45734 absent=53338 other=0 expectedPass=45734 expectedFail=53338 absentWherePass=0 presentWhereFail=0 unchanged=53338
[08:29:44] [Render thread/INFO] (Voxy) [me.cx.vy.ct.ce.vk.me.McNativeTerrainLoad]: [native-vk] terrain load at draw 4802 geometry=28964 noGeometry=70108 expectVisible=0 expectHidden=14782 undetermined=14182 visible=0 hidden=28964 ambiguous=0 other=0 visibleWhereHidden=0 hiddenWhereVisible=0 changedWhereNoGeometry=0 depth=[1.453138E-4 0.0030660268]
[08:29:46] [Render thread/INFO] (Voxy) [me.cx.vy.ct.ce.vk.me.McNativeInstanceProbe]: [native-vk] native instance at frame 4860 stage=descend factory=true instance=true engine=true live=true activeSections=0 renderer=false ingest=true cameraCaptures=4860 storedNearCamera=27
[08:29:48] [Render thread/INFO] (Voxy) [me.cx.vy.ct.ce.vk.me.McNativeInstanceProbe]: [native-vk] native instance at frame 4920 stage=descend factory=true instance=true engine=true live=true activeSections=0 renderer=false ingest=true cameraCaptures=4920 storedNearCamera=27
[08:29:48] [Render thread/INFO] (Minecraft) [STDOUT]: [voxy-harness] stage=ascend
[08:29:48] [Render thread/INFO] (Voxy) [me.cx.vy.ct.ce.vk.me.McNativeHierarchicalLoad]: [native-vk] hier frames entering stage ascend: composited=4914 skipped=4 builds=5
[08:29:48] [Server thread/INFO] (Minecraft) [Player4: Teleported Player4 to 0.500000, 175.000000, 0.500000]
[08:29:48] [Render thread/INFO] (Minecraft) [System] [CHAT] Teleported Player4 to 0.500000, 175.000000, 0.500000
[08:29:50] [Render thread/INFO] (Voxy) [me.cx.vy.ct.ce.vk.me.McNativeInstanceProbe]: [native-vk] native instance at frame 4980 stage=ascend factory=true instance=true engine=true live=true activeSections=0 renderer=false ingest=true cameraCaptures=4980 storedNearCamera=4
[08:29:52] [Render thread/INFO] (Voxy) [me.cx.vy.ct.ce.vk.me.McNativeInstanceProbe]: [native-vk] native instance at frame 5040 stage=ascend factory=true instance=true engine=true live=true activeSections=0 renderer=false ingest=true cameraCaptures=5040 storedNearCamera=4
[08:29:52] [Render thread/INFO] (Voxy) [me.cx.vy.ct.ce.vk.me.McNativeDepthLadder]: [native-vk] depth ladder sample requested at draw 5042 stage=ascend camera=[0.5 176.61999988555908 0.5 90.0 0.0]
[08:29:52] [Render thread/INFO] (Voxy) [me.cx.vy.ct.ce.vk.VkRealMesher]: [5c-3b] meshed 16 sections around [0,0,0] r=4 (LoD 3): 8 empty, 705 not in the world yet, 0 gave up, 86 models baked on demand
[08:29:52] [Render thread/INFO] (Voxy) [me.cx.vy.ct.ce.vk.VkRealModelBakery]: [5c-3b] replayed 14 biomes already registered by the world
[08:29:52] [Render thread/INFO] (Voxy) [me.cx.vy.ct.ce.vk.sr.VkShader$Builder]: VkShader 'vk-terrain-per_section': 8 bindings, push=0B, stages=[VERTEX, FRAGMENT]
[08:29:52] [Render thread/INFO] (Voxy) [me.cx.vy.ct.ce.vk.me.McNativeRealScene]: [native-vk] real-LOAD scene #8: 12 sections, 2632 quads, 69 draws at level 3 around [0, 0, 0] r=4 excludedNear=4 cut=128
[08:29:52] [Render thread/INFO] (Voxy) [me.cx.vy.ct.ce.vk.me.McNativeDepthLadder]: [native-vk] depth ladder sample at draw 5042 flipped=true counts=[anomaly=0 low=0 clear=0 r0=0 r1=0 r2=99072 r3=0 r4=0 r5=0 r6=0 r7=0 other=0] stage=ascend camera=[0.5 176.61999988555908 0.5 90.0 0.0]
[08:29:52] [Render thread/INFO] (Voxy) [me.cx.vy.ct.ce.vk.me.McNativeDepthLadder]: [native-vk] depth ladder coexist at draw 5042 present=99072 absent=0 other=0 expectedPass=99072 expectedFail=0 absentWherePass=0 presentWhereFail=0 unchanged=0
[08:29:52] [Render thread/INFO] (Voxy) [me.cx.vy.ct.ce.vk.me.McNativeRealLoad]: [native-vk] real load at draw 5042 status=judged geometry=89956 noGeometry=9116 expectVisible=0 expectHidden=85312 undetermined=4644 visible=0 hidden=89956 ambiguous=0 other=0 visibleWhereHidden=0 hiddenWhereVisible=0 changedWhereNoGeometry=0 depth=[1.8338698E-4 2.5864982E-4]
[08:29:54] [Render thread/INFO] (Voxy) [me.cx.vy.ct.ce.vk.me.McNativeInstanceProbe]: [native-vk] native instance at frame 5100 stage=ascend factory=true instance=true engine=true live=true activeSections=0 renderer=false ingest=true cameraCaptures=5100 storedNearCamera=4
[08:29:56] [Render thread/INFO] (Voxy) [me.cx.vy.ct.ce.vk.me.McNativeInstanceProbe]: [native-vk] native instance at frame 5160 stage=ascend factory=true instance=true engine=true live=true activeSections=0 renderer=false ingest=true cameraCaptures=5160 storedNearCamera=4
[08:29:58] [Render thread/INFO] (Minecraft) [STDOUT]: [voxy-harness] stage=disconnect
[08:29:58] [Server thread/INFO] (Minecraft) Stopping server
[08:29:58] [Server thread/INFO] (Minecraft) Saving players
[08:29:58] [Server thread/INFO] (Minecraft) Saving worlds
[08:29:58] [Server thread/INFO] (Minecraft) Saving chunks for level 'ServerLevel[voxy-harness]'/minecraft:overworld
[08:29:59] [Server thread/INFO] (Minecraft) Saving chunks for level 'ServerLevel[voxy-harness]'/minecraft:the_end
[08:29:59] [Server thread/INFO] (Minecraft) Saving chunks for level 'ServerLevel[voxy-harness]'/minecraft:the_nether
[08:29:59] [Server thread/INFO] (Minecraft) ThreadedAnvilChunkStorage (world): All chunks are saved
[08:29:59] [Server thread/INFO] (Minecraft) ThreadedAnvilChunkStorage (DIM1): All chunks are saved
[08:29:59] [Server thread/INFO] (Minecraft) ThreadedAnvilChunkStorage (DIM-1): All chunks are saved
[08:29:59] [Server thread/INFO] (Minecraft) ThreadedAnvilChunkStorage: All dimensions are saved
[08:29:59] [Render thread/INFO] (ChunkBuilder) Stopping worker threads
[08:29:59] [Render thread/INFO] (Voxy) [me.cx.vy.cl.VoxyInstance]: Shutting down voxy instance
[08:29:59] [Render thread/INFO] (Voxy) [me.cx.vy.cl.VoxyInstance]: Instance shutdown
[08:29:59] [Render thread/INFO] (Minecraft) [STDOUT]: [voxy-harness] stage=reconnect
[08:29:59] [Render thread/INFO] (Minecraft) Found new data pack fabric-convention-tags-v2, loading it automatically
[08:29:59] [Render thread/INFO] (Minecraft) Found new data pack fabric-gametest-api-v1, loading it automatically
[08:30:00] [Render thread/INFO] (Minecraft) Loaded 1585 recipes
[08:30:00] [Render thread/INFO] (Minecraft) Loaded 1688 advancements
[08:30:00] [Render thread/INFO] (BiomeModificationImpl) Applied 0 biome modifications to 0 of 66 new biomes in 167.4 μs
[08:30:00] [Server thread/INFO] (Minecraft) Starting integrated minecraft server version 26.2
[08:30:00] [Server thread/INFO] (Minecraft) Generating keypair
[08:30:00] [Server thread/INFO] (Minecraft) Loading 0 persistent chunks...
[08:30:00] [Server thread/INFO] (Minecraft) Saving chunks for level 'ServerLevel[voxy-harness]'/minecraft:overworld
[08:30:00] [Server thread/INFO] (Minecraft) Saving chunks for level 'ServerLevel[voxy-harness]'/minecraft:the_end
[08:30:00] [Server thread/INFO] (Minecraft) Saving chunks for level 'ServerLevel[voxy-harness]'/minecraft:the_nether
[08:30:00] [Server thread/INFO] (Minecraft) ThreadedAnvilChunkStorage (world): All chunks are saved
[08:30:00] [Server thread/INFO] (Minecraft) ThreadedAnvilChunkStorage (DIM1): All chunks are saved
[08:30:00] [Server thread/INFO] (Minecraft) ThreadedAnvilChunkStorage (DIM-1): All chunks are saved
[08:30:00] [Server thread/INFO] (Minecraft) ThreadedAnvilChunkStorage: All dimensions are saved
[08:30:00] [Server thread/INFO] (Minecraft) Loading 49 chunks for player spawn...
[08:30:00] [Server thread/INFO] (Minecraft) Preparing spawn area: 16%
[08:30:00] [Server thread/INFO] (Minecraft) Time elapsed: 382 ms
[08:30:00] [Server thread/INFO] (Minecraft) Player4[local:E:e27d9869] logged in with entity id 760 at (0.5, 175.0, 0.5)
[08:30:00] [Server thread/INFO] (Minecraft) Player4 joined the game
[08:30:00] [Server thread/INFO] (Minecraft) Changing view distance to 8, from 10
[08:30:00] [Server thread/INFO] (Minecraft) Changing simulation distance to 5, from 0
[08:30:00] [Render thread/INFO] (Voxy) [me.cx.vy.cl.VoxyInstance]: Initializing voxy instance
[08:30:00] [Render thread/INFO] (Voxy) [me.cx.vy.cl.VoxyInstance]: Dedicated voxy thread pool size: 9
[08:30:00] [Render thread/INFO] (Voxy) [me.cx.vy.cl.VoxyInstance]: Creating new world engine: 7462760223788803275@2102514106
[08:30:00] [Render thread/INFO] (Voxy) [nt.mt.ct.rr.LevelRenderer]: [native-vk] native instance mode: world engine created; no renderer
[08:30:00] [Render thread/INFO] (ChunkBuilder) Started 8 worker threads
[08:30:00] [Render thread/INFO] (Voxy) [me.cx.vy.cl.VoxyInstance]: Dedicated voxy thread pool size: 1
[08:30:00] [Render thread/INFO] (Minecraft) Loaded 29 advancements
[08:30:00] [Render thread/INFO] (ChunkBuilder) Stopping worker threads
[08:30:00] [Render thread/INFO] (ChunkBuilder) Started 8 worker threads
[08:30:00] [Render thread/INFO] (Voxy) [me.cx.vy.ct.ce.vk.me.McNativeHierarchicalLoad]: [native-vk] hier frames entering stage reconnect: composited=5207 skipped=4 builds=5
[08:30:00] [Render thread/INFO] (Voxy) [me.cx.vy.ct.ce.vk.me.McNativeAtlas]: [native-vk] requested the block atlas (2048x2048) through Blaze3D
[08:30:00] [Render thread/INFO] (Voxy) [me.cx.vy.ct.ce.vk.me.McNativeInstanceProbe]: [native-vk] native instance at frame 5220 stage=reconnect factory=true instance=true engine=true live=true activeSections=6 renderer=false ingest=true cameraCaptures=5220 storedNearCamera=4
[08:30:00] [Render thread/INFO] (Voxy) [me.cx.vy.ct.ce.vk.me.McNativeAtlas]: [native-vk] block atlas read through Blaze3D: 2048x2048
[08:30:01] [Render thread/INFO] (Voxy) [me.cx.vy.ct.ce.vk.sr.VkShader$Builder]: VkShader 'vk-hiz': 1 bindings, push=0B, stages=[VERTEX, FRAGMENT]
[08:30:01] [Render thread/INFO] (Voxy) [me.cx.vy.ct.ce.vk.sr.VkShader$Builder]: VkShader 'vk-traversal': 10 bindings, push=4B, stages=[COMPUTE]
[08:30:01] [Render thread/INFO] (Voxy) [me.cx.vy.ct.ce.vk.sr.VkShader$Builder]: VkShader 'vk-merged-prep': 8 bindings, push=0B, stages=[COMPUTE]
[08:30:01] [Render thread/INFO] (Voxy) [me.cx.vy.ct.ce.vk.sr.VkShader$Builder]: VkShader 'vk-merged-cmdgen': 10 bindings, push=0B, stages=[COMPUTE]
[08:30:01] [Render thread/INFO] (Voxy) [me.cx.vy.ct.ce.vk.sr.VkShader$Builder]: VkShader 'vk-temporal-prefix': 2 bindings, push=12B, stages=[COMPUTE]
[08:30:01] [Render thread/INFO] (Voxy) [me.cx.vy.ct.ce.vk.sr.VkShader$Builder]: VkShader 'vk-translucent-bucket-scan': 1 bindings, push=0B, stages=[COMPUTE]
[08:30:01] [Render thread/INFO] (Voxy) [me.cx.vy.ct.ce.vk.sr.VkShader$Builder]: VkShader 'vk-translucent-gen': 7 bindings, push=0B, stages=[COMPUTE]
[08:30:01] [Render thread/INFO] (Voxy) [me.cx.vy.ct.ce.vk.sr.VkShader$Builder]: VkShader 'vk-translucent-prefix': 4 bindings, push=4B, stages=[COMPUTE]
[08:30:01] [Render thread/INFO] (Voxy) [me.cx.vy.ct.ce.vk.sr.VkShader$Builder]: VkShader 'vk-merged-prefix': 2 bindings, push=12B, stages=[COMPUTE]
[08:30:01] [Render thread/INFO] (Voxy) [me.cx.vy.ct.ce.vk.sr.VkShader$Builder]: VkShader 'vk-cull-raster': 4 bindings, push=0B, stages=[VERTEX, FRAGMENT]
[08:30:01] [Download-8/ERROR] (Minecraft) Failed to retrieve profile key pair

MinecraftClientHttpException[type=HTTP_ERROR, status=401, response=ErrorResponse[path=/player/certificates, error=null, errorMessage=null, details=null]]
	at knot//com.mojang.authlib.minecraft.client.MinecraftClient.buildHttpException(MinecraftClient.java:170)
	at knot//com.mojang.authlib.minecraft.client.MinecraftClient.readServiceResponse(MinecraftClient.java:147)
	at knot//com.mojang.authlib.minecraft.client.MinecraftClient.post(MinecraftClient.java:89)
	at knot//com.mojang.authlib.yggdrasil.YggdrasilUserApiService.getKeyPair(YggdrasilUserApiService.java:62)
	at knot//net.minecraft.client.multiplayer.AccountProfileKeyPairManager.fetchProfileKeyPair(AccountProfileKeyPairManager.java:128)
	at knot//net.minecraft.client.multiplayer.AccountProfileKeyPairManager.lambda$readOrFetchProfileKeyPair$0(AccountProfileKeyPairManager.java:77)
	at java.base/java.util.concurrent.CompletableFuture$AsyncSupply.run(CompletableFuture.java:1789)
	at java.base/java.util.concurrent.ThreadPoolExecutor.runWorker(ThreadPoolExecutor.java:1090)
	at java.base/java.util.concurrent.ThreadPoolExecutor$Worker.run(ThreadPoolExecutor.java:614)
	at java.base/java.lang.Thread.run(Thread.java:1474)
[08:30:01] [Render thread/INFO] (Voxy) [me.cx.vy.ct.ce.vk.sr.VkShader$Builder]: VkShader 'vk-terrain-merged': 10 bindings, push=0B, stages=[VERTEX, FRAGMENT]
[08:30:01] [Render thread/INFO] (Voxy) [me.cx.vy.ct.ce.vk.sr.VkShader$Builder]: VkShader 'vk-terrain-merged': 10 bindings, push=0B, stages=[VERTEX, FRAGMENT]
[08:30:01] [Render thread/INFO] (Voxy) [me.cx.vy.ct.ce.vk.sr.VkShader$Builder]: VkShader 'vk-terrain-merged': 10 bindings, push=0B, stages=[VERTEX, FRAGMENT]
[08:30:01] [Render thread/INFO] (Voxy) [me.cx.vy.ct.ce.vk.VkRealModelBakery]: [5c-3b] replayed 14 biomes already registered by the world
[08:30:01] [Render thread/INFO] (Voxy) [me.cx.vy.ct.ce.vk.sr.VkShader$Builder]: VkShader 'vk-depth-resolve-reproject': 1 bindings, push=128B, stages=[VERTEX, FRAGMENT]
[08:30:01] [Render thread/INFO] (Voxy) [me.cx.vy.ct.ce.vk.sr.VkShader$Builder]: VkShader 'vk-native-composite': 2 bindings, push=0B, stages=[VERTEX, FRAGMENT]
[08:30:01] [Render thread/INFO] (Voxy) [me.cx.vy.ct.ce.vk.me.McNativeHierarchicalLoad]: [native-vk] hier-LOAD scene #6: streaming render distance 17, sections -1..0
[08:30:03] [Render thread/INFO] (Voxy) [me.cx.vy.ct.ce.vk.me.McNativeInstanceProbe]: [native-vk] native instance at frame 5280 stage=reconnect factory=true instance=true engine=true live=true activeSections=0 renderer=false ingest=true cameraCaptures=5280 storedNearCamera=4
[08:30:03] [Render thread/INFO] (Voxy) [me.cx.vy.ct.ce.vk.me.McNativeDepthLadder]: [native-vk] depth ladder sample requested at draw 5282 stage=reconnect camera=[0.5 176.61999988555908 0.5 30.0 0.0]
[08:30:03] [Render thread/INFO] (Voxy) [me.cx.vy.ct.ce.vk.me.McNativeHierarchicalLoad]: [native-vk] hier frames before draw 5282: composited=5268
[08:30:03] [Render thread/INFO] (Voxy) [me.cx.vy.ct.ce.vk.me.McNativeDepthLadder]: [native-vk] depth ladder sample at draw 5282 flipped=true counts=[anomaly=0 low=0 clear=99072 r0=0 r1=0 r2=0 r3=0 r4=0 r5=0 r6=0 r7=0 other=0] stage=reconnect camera=[0.5 176.61999988555908 0.5 30.0 0.0]
[08:30:03] [Render thread/INFO] (Voxy) [me.cx.vy.ct.ce.vk.me.McNativeDepthLadder]: [native-vk] depth ladder coexist at draw 5282 present=99072 absent=0 other=0 expectedPass=99072 expectedFail=0 absentWherePass=0 presentWhereFail=0 unchanged=0
[08:30:03] [Render thread/INFO] (Voxy) [me.cx.vy.ct.ce.vk.me.McNativeHierarchicalLoad]: [native-vk] hier load at draw 5282 status=judged geometry=4055 noGeometry=95017 expectVisible=4055 expectHidden=0 undetermined=0 visible=4055 hidden=0 ambiguous=0 other=0 visibleWhereHidden=0 hiddenWhereVisible=0 changedWhereNoGeometry=0 depth=[3.0536434E-4 3.387812E-4]
[08:30:05] [Render thread/INFO] (Voxy) [me.cx.vy.ct.ce.vk.me.McNativeInstanceProbe]: [native-vk] native instance at frame 5340 stage=reconnect factory=true instance=true engine=true live=true activeSections=0 renderer=false ingest=true cameraCaptures=5340 storedNearCamera=4
[08:30:07] [Render thread/INFO] (Voxy) [me.cx.vy.ct.ce.vk.me.McNativeInstanceProbe]: [native-vk] native instance at frame 5400 stage=reconnect factory=true instance=true engine=true live=true activeSections=0 renderer=false ingest=true cameraCaptures=5400 storedNearCamera=4
[08:30:09] [Render thread/INFO] (Voxy) [me.cx.vy.ct.ce.vk.me.McNativeInstanceProbe]: [native-vk] native instance at frame 5460 stage=reconnect factory=true instance=true engine=true live=true activeSections=0 renderer=false ingest=true cameraCaptures=5460 storedNearCamera=4
[08:30:10] [Render thread/INFO] (Minecraft) [STDOUT]: [voxy-harness] finished failures=0
[08:30:10] [Render thread/INFO] (Minecraft) Stopping!
[08:30:10] [Render thread/INFO] (Voxy) [me.cx.vy.ct.ce.vk.me.McNativeVkContext]: [native-vk] released Minecraft's device from VkContext (nothing of Minecraft's was destroyed)
[08:30:10] [Server thread/INFO] (Minecraft) Stopping server
[08:30:10] [Server thread/INFO] (Minecraft) Saving players
[08:30:10] [Server thread/INFO] (Minecraft) Player4 lost connection: Disconnected
[08:30:10] [Server thread/INFO] (Minecraft) Player4 left the game
[08:30:10] [Server thread/INFO] (Minecraft) Stopping singleplayer server as player logged out
[08:30:10] [Server thread/INFO] (Minecraft) Saving worlds
[08:30:10] [Server thread/INFO] (Minecraft) Saving chunks for level 'ServerLevel[voxy-harness]'/minecraft:overworld
[08:30:10] [Server thread/INFO] (Minecraft) Saving chunks for level 'ServerLevel[voxy-harness]'/minecraft:the_end
[08:30:10] [Server thread/INFO] (Minecraft) Saving chunks for level 'ServerLevel[voxy-harness]'/minecraft:the_nether
[08:30:10] [Server thread/INFO] (Minecraft) ThreadedAnvilChunkStorage (world): All chunks are saved
[08:30:10] [Server thread/INFO] (Minecraft) ThreadedAnvilChunkStorage (DIM1): All chunks are saved
[08:30:10] [Server thread/INFO] (Minecraft) ThreadedAnvilChunkStorage (DIM-1): All chunks are saved
[08:30:10] [Server thread/INFO] (Minecraft) ThreadedAnvilChunkStorage: All dimensions are saved
[08:30:10] [Render thread/INFO] (ChunkBuilder) Stopping worker threads
[08:30:10] [Render thread/INFO] (Voxy) [me.cx.vy.cl.VoxyInstance]: Shutting down voxy instance
[08:30:10] [Render thread/INFO] (Voxy) [me.cx.vy.cl.VoxyInstance]: Instance shutdown
[Vulkan Loader] DEBUG | LAYER:  Unloading layer library /opt/homebrew/Cellar/vulkan-validationlayers/1.4.357.0/lib/libVkLayer_khronos_validation.dylib

[Incubating] Problems report is available at: file:///Users/xyz/dev/voxy/build/reports/problems/problems-report.html

Deprecated Gradle features were used in this build, making it incompatible with Gradle 10.

You can use '--warning-mode all' to show the individual deprecation warnings and determine if they come from your own scripts or plugins.

For more on this, please refer to https://docs.gradle.org/9.6.0/userguide/command_line_interface.html#sec:command_line_warnings in the Gradle documentation.

BUILD SUCCESSFUL in 2m 36s
8 actionable tasks: 2 executed, 6 up-to-date
Consider enabling configuration cache to speed up this build: https://docs.gradle.org/9.6.0/userguide/configuration_cache_enabling.html
