To honour the JVM settings for this build a single-use Daemon process will be forked. For more on this, please refer to https://docs.gradle.org/9.6.0/userguide/gradle_daemon.html#sec:disabling_the_daemon in the Gradle documentation.
Daemon will be stopped at the end of the build 

> Configure project :
Fabric Loom: 1.16.3

> Task :compileJava UP-TO-DATE
> Task :processResources
> Task :classes
> Task :compileHarnessJava UP-TO-DATE
> Task :generateLog4jConfig UP-TO-DATE
> Task :generateDLIConfig UP-TO-DATE
> Task :configureLaunch UP-TO-DATE
> Task :downloadAssets UP-TO-DATE
> Task :configureClientLaunch UP-TO-DATE
> Task :processHarnessResources UP-TO-DATE
> Task :harnessClasses UP-TO-DATE

> Task :runHarnessClient
[23:41:18] [main/INFO] (FabricLoader/GameProvider) Loading Minecraft 26.2 with Fabric Loader 0.19.3
[23:41:18] [main/INFO] (FabricLoader/Mappings) Mappings not present!
[23:41:18] [main/INFO] (FabricLoader) Loading 55 mods:
	- fabric-api 0.152.2+26.2
	- fabric-api-base 2.0.4+ece063239e
	- fabric-api-lookup-api-v1 2.0.17+11e1c9a39e
	- fabric-biome-api-v1 18.0.6+c7bd5b8e9e
	- fabric-block-api-v1 3.0.3+ec56b6019e
	- fabric-block-getter-api-v2 2.0.7+ec56b6019e
	- fabric-client-gametest-api-v1 5.1.0+db5795489e
	- fabric-command-api-v2 3.1.0+00cb03469e
	- fabric-content-registries-v0 11.2.2+b7a678a99e
	- fabric-convention-tags-v2 4.6.4+2aae60389e
	- fabric-crash-report-info-v1 1.0.5+086d547a9e
	- fabric-creative-tab-api-v1 5.0.14+d871b99e9e
	- fabric-data-attachment-api-v1 2.2.16+aa0fd6fe9e
	- fabric-data-generation-api-v1 25.4.2+5e56e5409e
	- fabric-debug-api-v1 1.0.2+c792624d9e
	- fabric-dimensions-v1 5.1.9+9cbf5da59e
	- fabric-entity-events-v1 5.0.5+06488ac19e
	- fabric-events-interaction-v0 5.2.6+8f57f7ee9e
	- fabric-game-rule-api-v1 4.0.8+46a6d00c9e
	- fabric-gametest-api-v1 4.0.21+4a7fa0819e
	- fabric-item-api-v1 14.1.6+0ecb053f9e
	- fabric-key-mapping-api-v1 2.0.5+e2bdee789e
	- fabric-lifecycle-events-v1 4.1.3+4575b05f9e
	- fabric-loot-api-v3 3.0.17+06488ac19e
	- fabric-menu-api-v1 2.0.16+086d547a9e
	- fabric-message-api-v1 7.0.7+086d547a9e
	- fabric-model-loading-api-v1 8.0.12+c80601bb9e
	- fabric-networking-api-v1 6.3.3+72073ef09e
	- fabric-object-builder-api-v1 24.0.6+46a6d00c9e
	- fabric-particles-v1 5.0.18+d1756aa99e
	- fabric-permission-api-v1 1.0.2+7c33558a9e
	- fabric-recipe-api-v1 9.0.20+11e1c9a39e
	- fabric-registry-sync-v0 7.1.0+c7bd5b8e9e
	- fabric-renderer-api-v1 14.0.2+93d3a2f59e
	- fabric-renderer-indigo 9.0.2+e73ab60d9e
	- fabric-rendering-fluids-v1 6.0.4+06488ac19e
	- fabric-rendering-v1 25.1.6+46a6d00c9e
	- fabric-resource-conditions-api-v1 6.1.0+10e9a28b9e
	- fabric-resource-loader-v0 3.3.20+4fc5413f9e
	- fabric-resource-loader-v1 2.0.13+9edec1269e
	- fabric-screen-api-v1 5.0.3+086d547a9e
	- fabric-serialization-api-v1 2.0.4+11a26f319e
	- fabric-sound-api-v1 2.0.5+11a26f319e
	- fabric-tag-api-v1 2.1.3+794df31d9e
	- fabric-transfer-api-v1 8.0.11+39b5a3929e
	- fabric-transitive-access-wideners-v1 8.1.3+e098252d9e
	- fabricloader 0.19.3
	- java 25
	- lithium 0.25.1+mc26.2
	- minecraft 26.2
	- mixinextras 0.5.4
	- modmenu 20.0.0
	- sodium 0.9.2-alpha.3+mc26.2
	- voxy 0.2.19-beta
	- voxy_harness 1.0.0
[23:41:18] [main/INFO] (FabricLoader/Mixin) SpongePowered MIXIN Subsystem Version=0.8.7 Source=file:/Users/xyz/.gradle/caches/modules-2/files-2.1/net.fabricmc/sponge-mixin/0.17.3+mixin.0.8.7/41c4a3984a80f4679e759fb9f495587acc5cdac7/sponge-mixin-0.17.3+mixin.0.8.7.jar Service=Knot/Fabric Env=CLIENT
[23:41:18] [main/INFO] (FabricLoader/Mixin) Compatibility level set to JAVA_25
[23:41:18] [main/INFO] (Lithium) Loaded configuration file for Lithium: 171 options available, 0 override(s) found.
[23:41:19] [main/INFO] (Sodium) Loaded configuration file for Sodium: 37 options available, 0 override(s) found
[23:41:19] [main/WARN] (FabricLoader/Mixin) Error loading class: net/minecraft/client/renderer/StagedVertexBuffer/GpuBufferPool (java.lang.ClassNotFoundException: net/minecraft/client/renderer/StagedVertexBuffer/GpuBufferPool)
[23:41:19] [main/WARN] (FabricLoader/Mixin) @Mixin target net.minecraft.client.renderer.StagedVertexBuffer.GpuBufferPool was not found sodium-common.mixins.json:core.StagedVertexBufferMixin from mod sodium
[23:41:19] [main/WARN] (FabricLoader/Mixin) Error loading class: com/moulberry/flashback/record/FlashbackMeta (java.lang.ClassNotFoundException: com/moulberry/flashback/record/FlashbackMeta)
[23:41:19] [main/WARN] (FabricLoader/Mixin) @Mixin target com.moulberry.flashback.record.FlashbackMeta was not found client.voxy.mixins.json:flashback.MixinFlashbackMeta from mod voxy
[23:41:19] [main/WARN] (FabricLoader/Mixin) Error loading class: com/moulberry/flashback/record/Recorder (java.lang.ClassNotFoundException: com/moulberry/flashback/record/Recorder)
[23:41:19] [main/WARN] (FabricLoader/Mixin) @Mixin target com.moulberry.flashback.record.Recorder was not found client.voxy.mixins.json:flashback.MixinFlashbackRecorder from mod voxy
[23:41:19] [main/WARN] (FabricLoader/Mixin) Error loading class: me/cortex/nvidium/RenderPipeline (java.lang.ClassNotFoundException: me/cortex/nvidium/RenderPipeline)
[23:41:19] [main/WARN] (FabricLoader/Mixin) @Mixin target me.cortex.nvidium.RenderPipeline was not found client.voxy.mixins.json:nvidium.MixinRenderPipeline from mod voxy
[23:41:19] [main/WARN] (FabricLoader/Mixin) Error loading class: org/popcraft/chunky/platform/FabricWorld (java.lang.ClassNotFoundException: org/popcraft/chunky/platform/FabricWorld)
[23:41:19] [main/WARN] (FabricLoader/Mixin) @Mixin target org.popcraft.chunky.platform.FabricWorld was not found common.voxy.mixins.json:chunky.MixinFabricWorld from mod voxy
[23:41:19] [main/INFO] (Sodium-GraphicsAdapterProbe) Searching for graphics cards...
[23:41:19] [main/INFO] (FabricLoader/MixinExtras|Service) Initializing MixinExtras via com.llamalad7.mixinextras.service.MixinExtrasServiceImpl(version=0.5.4).
[23:41:19] [Datafixer Bootstrap #0/INFO] (Minecraft) 295 Datafixer optimizations took 130 milliseconds
[23:41:20] [main/WARN] (MacOperatingSystem) Unable to parse version 27.0 to a codename.
[23:41:21] [Render thread/INFO] (Minecraft) Environment: Environment[sessionHost=https://sessionserver.mojang.com, servicesHost=https://api.minecraftservices.com, profilesHost=https://api.mojang.com, name=PROD]
[23:41:21] [Render thread/INFO] (Minecraft) Setting user: Player399
[23:41:21] [Render thread/INFO] (Voxy) [me.cx.vy.cn.cg.Serialization]: Registered Config as Serializer for config type SectionStorageConfig
[23:41:21] [Render thread/INFO] (Voxy) [me.cx.vy.cn.cg.Serialization]: Registered Config as RocksDB for config type StorageConfig
[23:41:21] [Render thread/INFO] (Voxy) [me.cx.vy.cn.cg.Serialization]: Registered Config as Redis for config type StorageConfig
[23:41:21] [Render thread/INFO] (Voxy) [me.cx.vy.cn.cg.Serialization]: Registered Config as FragmentationAdaptor for config type StorageConfig
[23:41:21] [Render thread/INFO] (Voxy) [me.cx.vy.cn.cg.Serialization]: Registered Config2 as AutoFragmentationAdaptor for config type StorageConfig
[23:41:21] [Render thread/INFO] (Voxy) [me.cx.vy.cn.cg.Serialization]: Registered ConditionalStorageBackendConfig as ConditionalConfig for config type StorageConfig
[23:41:21] [Render thread/INFO] (Voxy) [me.cx.vy.cn.cg.Serialization]: Registered Config as CompressionAdaptor for config type StorageConfig
[23:41:21] [Render thread/INFO] (Voxy) [me.cx.vy.cn.cg.Serialization]: Registered Config as ReadonlyCachingLayer for config type StorageConfig
[23:41:21] [Render thread/INFO] (Voxy) [me.cx.vy.cn.cg.Serialization]: Registered BasicPathInsertionConfig as BasicPathConfig for config type StorageConfig
[23:41:21] [Render thread/INFO] (Voxy) [me.cx.vy.cn.cg.Serialization]: Registered Config as Memory for config type StorageConfig
[23:41:21] [Render thread/INFO] (Voxy) [me.cx.vy.cn.cg.Serialization]: Registered Config as LMDB for config type StorageConfig
[23:41:21] [Render thread/INFO] (Voxy) [me.cx.vy.cn.cg.Serialization]: Registered Config as LZ4 for config type CompressorConfig
[23:41:21] [Render thread/INFO] (Voxy) [me.cx.vy.cn.cg.Serialization]: Registered Config as ZSTD for config type CompressorConfig
[23:41:21] [Render thread/INFO] (Voxy) [me.cx.vy.cn.cg.Serialization]: Registered 13 config types
[23:41:22] [Render thread/INFO] (Mod Menu/Update Checker) Checking mod updates...
[23:41:22] [Render thread/INFO] (Indigo) [Indigo] Different rendering plugin detected; not applying Indigo.
[23:41:22] [ModMenu/Update Checker/Fabric Loader/INFO] (Mod Menu/Update Checker) Update available for 'fabricloader@0.19.3'
[23:41:22] [Render thread/INFO] (Sodium) Setting exclusive fullscreen to true by default, as the user is not on Windows and the language cannot be guessed.
[23:41:22] [Render thread/INFO] (Minecraft) Backend library: LWJGL version 3.4.1-snapshot
[23:41:22] [Render thread/WARN] (Minecraft) Graphics backend forced to vulkan by launch argument, in-game preferred graphics backend setting is ignored
[Vulkan Loader] LAYER:          Searching for implicit layer manifest files
[Vulkan Loader] LAYER:             In following locations:
[Vulkan Loader] LAYER:                /Library/Java/JavaVirtualMachines/temurin-25.jdk/Contents/Home/bin/vulkan/implicit_layer.d
[Vulkan Loader] LAYER:                /Users/xyz/.config/vulkan/implicit_layer.d
[Vulkan Loader] LAYER:                /opt/homebrew/etc/xdg/vulkan/implicit_layer.d
[Vulkan Loader] LAYER:                /etc/xdg/vulkan/implicit_layer.d
[Vulkan Loader] LAYER:                /opt/homebrew/etc/vulkan/implicit_layer.d
[Vulkan Loader] LAYER:                /etc/vulkan/implicit_layer.d
[Vulkan Loader] LAYER:                /Users/xyz/.local/share/vulkan/implicit_layer.d
[Vulkan Loader] LAYER:                /usr/local/share/vulkan/implicit_layer.d
[Vulkan Loader] LAYER:                /usr/share/vulkan/implicit_layer.d
[Vulkan Loader] LAYER:                /Users/xyz/.nix-profile/share/vulkan/implicit_layer.d
[Vulkan Loader] LAYER:                /nix/var/nix/profiles/default/share/vulkan/implicit_layer.d
[Vulkan Loader] LAYER:             Found no files
[Vulkan Loader] LAYER:          Searching for implicit layer manifest files
[Vulkan Loader] LAYER:             In following locations:
[Vulkan Loader] LAYER:                /Library/Java/JavaVirtualMachines/temurin-25.jdk/Contents/Home/bin/vulkan/implicit_layer.d
[Vulkan Loader] LAYER:                /Users/xyz/.config/vulkan/implicit_layer.d
[Vulkan Loader] LAYER:                /opt/homebrew/etc/xdg/vulkan/implicit_layer.d
[Vulkan Loader] LAYER:                /etc/xdg/vulkan/implicit_layer.d
[Vulkan Loader] LAYER:                /opt/homebrew/etc/vulkan/implicit_layer.d
[Vulkan Loader] LAYER:                /etc/vulkan/implicit_layer.d
[Vulkan Loader] LAYER:                /Users/xyz/.local/share/vulkan/implicit_layer.d
[Vulkan Loader] LAYER:                /usr/local/share/vulkan/implicit_layer.d
[Vulkan Loader] LAYER:                /usr/share/vulkan/implicit_layer.d
[Vulkan Loader] LAYER:                /Users/xyz/.nix-profile/share/vulkan/implicit_layer.d
[Vulkan Loader] LAYER:                /nix/var/nix/profiles/default/share/vulkan/implicit_layer.d
[Vulkan Loader] LAYER:             Found no files
[Vulkan Loader] LAYER:          Searching for implicit layer manifest files
[Vulkan Loader] LAYER:             In following locations:
[Vulkan Loader] LAYER:                /Library/Java/JavaVirtualMachines/temurin-25.jdk/Contents/Home/bin/vulkan/implicit_layer.d
[Vulkan Loader] LAYER:                /Users/xyz/.config/vulkan/implicit_layer.d
[Vulkan Loader] LAYER:                /opt/homebrew/etc/xdg/vulkan/implicit_layer.d
[Vulkan Loader] LAYER:                /etc/xdg/vulkan/implicit_layer.d
[Vulkan Loader] LAYER:                /opt/homebrew/etc/vulkan/implicit_layer.d
[Vulkan Loader] LAYER:                /etc/vulkan/implicit_layer.d
[Vulkan Loader] LAYER:                /Users/xyz/.local/share/vulkan/implicit_layer.d
[Vulkan Loader] LAYER:                /usr/local/share/vulkan/implicit_layer.d
[Vulkan Loader] LAYER:                /usr/share/vulkan/implicit_layer.d
[Vulkan Loader] LAYER:                /Users/xyz/.nix-profile/share/vulkan/implicit_layer.d
[Vulkan Loader] LAYER:                /nix/var/nix/profiles/default/share/vulkan/implicit_layer.d
[Vulkan Loader] LAYER:             Found no files
[Vulkan Loader] LAYER:          Searching for implicit layer manifest files
[Vulkan Loader] LAYER:             In following locations:
[Vulkan Loader] LAYER:                /Library/Java/JavaVirtualMachines/temurin-25.jdk/Contents/Home/bin/vulkan/implicit_layer.d
[Vulkan Loader] LAYER:                /Users/xyz/.config/vulkan/implicit_layer.d
[Vulkan Loader] LAYER:                /opt/homebrew/etc/xdg/vulkan/implicit_layer.d
[Vulkan Loader] LAYER:                /etc/xdg/vulkan/implicit_layer.d
[Vulkan Loader] LAYER:                /opt/homebrew/etc/vulkan/implicit_layer.d
[Vulkan Loader] LAYER:                /etc/vulkan/implicit_layer.d
[Vulkan Loader] LAYER:                /Users/xyz/.local/share/vulkan/implicit_layer.d
[Vulkan Loader] LAYER:                /usr/local/share/vulkan/implicit_layer.d
[Vulkan Loader] LAYER:                /usr/share/vulkan/implicit_layer.d
[Vulkan Loader] LAYER:                /Users/xyz/.nix-profile/share/vulkan/implicit_layer.d
[Vulkan Loader] LAYER:                /nix/var/nix/profiles/default/share/vulkan/implicit_layer.d
[Vulkan Loader] LAYER:             Found no files
[Vulkan Loader] LAYER:          Searching for implicit layer manifest files
[Vulkan Loader] LAYER:             In following locations:
[Vulkan Loader] LAYER:                /Library/Java/JavaVirtualMachines/temurin-25.jdk/Contents/Home/bin/vulkan/implicit_layer.d
[Vulkan Loader] LAYER:                /Users/xyz/.config/vulkan/implicit_layer.d
[Vulkan Loader] LAYER:                /opt/homebrew/etc/xdg/vulkan/implicit_layer.d
[Vulkan Loader] LAYER:                /etc/xdg/vulkan/implicit_layer.d
[Vulkan Loader] LAYER:                /opt/homebrew/etc/vulkan/implicit_layer.d
[Vulkan Loader] LAYER:                /etc/vulkan/implicit_layer.d
[Vulkan Loader] LAYER:                /Users/xyz/.local/share/vulkan/implicit_layer.d
[Vulkan Loader] LAYER:                /usr/local/share/vulkan/implicit_layer.d
[Vulkan Loader] LAYER:                /usr/share/vulkan/implicit_layer.d
[Vulkan Loader] LAYER:                /Users/xyz/.nix-profile/share/vulkan/implicit_layer.d
[Vulkan Loader] LAYER:                /nix/var/nix/profiles/default/share/vulkan/implicit_layer.d
[Vulkan Loader] LAYER:             Found no files
[Vulkan Loader] LAYER:          Searching for implicit layer manifest files
[Vulkan Loader] LAYER:             In following locations:
[Vulkan Loader] LAYER:                /Library/Java/JavaVirtualMachines/temurin-25.jdk/Contents/Home/bin/vulkan/implicit_layer.d
[Vulkan Loader] LAYER:                /Users/xyz/.config/vulkan/implicit_layer.d
[Vulkan Loader] LAYER:                /opt/homebrew/etc/xdg/vulkan/implicit_layer.d
[Vulkan Loader] LAYER:                /etc/xdg/vulkan/implicit_layer.d
[Vulkan Loader] LAYER:                /opt/homebrew/etc/vulkan/implicit_layer.d
[Vulkan Loader] LAYER:                /etc/vulkan/implicit_layer.d
[Vulkan Loader] LAYER:                /Users/xyz/.local/share/vulkan/implicit_layer.d
[Vulkan Loader] LAYER:                /usr/local/share/vulkan/implicit_layer.d
[Vulkan Loader] LAYER:                /usr/share/vulkan/implicit_layer.d
[Vulkan Loader] LAYER:                /Users/xyz/.nix-profile/share/vulkan/implicit_layer.d
[Vulkan Loader] LAYER:                /nix/var/nix/profiles/default/share/vulkan/implicit_layer.d
[Vulkan Loader] LAYER:             Found no files
[Vulkan Loader] LAYER:          Searching for explicit layer manifest files
[Vulkan Loader] LAYER:             In following locations:
[Vulkan Loader] LAYER:                /opt/homebrew/opt/vulkan-validationlayers/share/vulkan/explicit_layer.d
[Vulkan Loader] LAYER:             Found the following files:
[Vulkan Loader] LAYER:                /opt/homebrew/opt/vulkan-validationlayers/share/vulkan/explicit_layer.d/VkLayer_khronos_validation.json
[Vulkan Loader] LAYER:          Searching for implicit layer manifest files
[Vulkan Loader] LAYER:             In following locations:
[Vulkan Loader] LAYER:                /Library/Java/JavaVirtualMachines/temurin-25.jdk/Contents/Home/bin/vulkan/implicit_layer.d
[Vulkan Loader] LAYER:                /Users/xyz/.config/vulkan/implicit_layer.d
[Vulkan Loader] LAYER:                /opt/homebrew/etc/xdg/vulkan/implicit_layer.d
[Vulkan Loader] LAYER:                /etc/xdg/vulkan/implicit_layer.d
[Vulkan Loader] LAYER:                /opt/homebrew/etc/vulkan/implicit_layer.d
[Vulkan Loader] LAYER:                /etc/vulkan/implicit_layer.d
[Vulkan Loader] LAYER:                /Users/xyz/.local/share/vulkan/implicit_layer.d
[Vulkan Loader] LAYER:                /usr/local/share/vulkan/implicit_layer.d
[Vulkan Loader] LAYER:                /usr/share/vulkan/implicit_layer.d
[Vulkan Loader] LAYER:                /Users/xyz/.nix-profile/share/vulkan/implicit_layer.d
[Vulkan Loader] LAYER:                /nix/var/nix/profiles/default/share/vulkan/implicit_layer.d
[Vulkan Loader] LAYER:             Found no files
[Vulkan Loader] LAYER:          Searching for implicit layer manifest files
[Vulkan Loader] LAYER:             In following locations:
[Vulkan Loader] LAYER:                /Library/Java/JavaVirtualMachines/temurin-25.jdk/Contents/Home/bin/vulkan/implicit_layer.d
[Vulkan Loader] LAYER:                /Users/xyz/.config/vulkan/implicit_layer.d
[Vulkan Loader] LAYER:                /opt/homebrew/etc/xdg/vulkan/implicit_layer.d
[Vulkan Loader] LAYER:                /etc/xdg/vulkan/implicit_layer.d
[Vulkan Loader] LAYER:                /opt/homebrew/etc/vulkan/implicit_layer.d
[Vulkan Loader] LAYER:                /etc/vulkan/implicit_layer.d
[Vulkan Loader] LAYER:                /Users/xyz/.local/share/vulkan/implicit_layer.d
[Vulkan Loader] LAYER:                /usr/local/share/vulkan/implicit_layer.d
[Vulkan Loader] LAYER:                /usr/share/vulkan/implicit_layer.d
[Vulkan Loader] LAYER:                /Users/xyz/.nix-profile/share/vulkan/implicit_layer.d
[Vulkan Loader] LAYER:                /nix/var/nix/profiles/default/share/vulkan/implicit_layer.d
[Vulkan Loader] LAYER:             Found no files
[Vulkan Loader] LAYER:          Searching for explicit layer manifest files
[Vulkan Loader] LAYER:             In following locations:
[Vulkan Loader] LAYER:                /opt/homebrew/opt/vulkan-validationlayers/share/vulkan/explicit_layer.d
[Vulkan Loader] LAYER:             Found the following files:
[Vulkan Loader] LAYER:                /opt/homebrew/opt/vulkan-validationlayers/share/vulkan/explicit_layer.d/VkLayer_khronos_validation.json
[23:41:22] [Render thread/WARN] (Minecraft) Enabling Vulkan validation layers
[Vulkan Loader] LAYER:          Searching for implicit layer manifest files
[Vulkan Loader] LAYER:             In following locations:
[Vulkan Loader] LAYER:                /Library/Java/JavaVirtualMachines/temurin-25.jdk/Contents/Home/bin/vulkan/implicit_layer.d
[Vulkan Loader] LAYER:                /Users/xyz/.config/vulkan/implicit_layer.d
[Vulkan Loader] LAYER:                /opt/homebrew/etc/xdg/vulkan/implicit_layer.d
[Vulkan Loader] LAYER:                /etc/xdg/vulkan/implicit_layer.d
[Vulkan Loader] LAYER:                /opt/homebrew/etc/vulkan/implicit_layer.d
[Vulkan Loader] LAYER:                /etc/vulkan/implicit_layer.d
[Vulkan Loader] LAYER:                /Users/xyz/.local/share/vulkan/implicit_layer.d
[Vulkan Loader] LAYER:                /usr/local/share/vulkan/implicit_layer.d
[Vulkan Loader] LAYER:                /usr/share/vulkan/implicit_layer.d
[Vulkan Loader] LAYER:                /Users/xyz/.nix-profile/share/vulkan/implicit_layer.d
[Vulkan Loader] LAYER:                /nix/var/nix/profiles/default/share/vulkan/implicit_layer.d
[Vulkan Loader] LAYER:             Found no files
[Vulkan Loader] LAYER:          Searching for implicit layer manifest files
[Vulkan Loader] LAYER:             In following locations:
[Vulkan Loader] LAYER:                /Library/Java/JavaVirtualMachines/temurin-25.jdk/Contents/Home/bin/vulkan/implicit_layer.d
[Vulkan Loader] LAYER:                /Users/xyz/.config/vulkan/implicit_layer.d
[Vulkan Loader] LAYER:                /opt/homebrew/etc/xdg/vulkan/implicit_layer.d
[Vulkan Loader] LAYER:                /etc/xdg/vulkan/implicit_layer.d
[Vulkan Loader] LAYER:                /opt/homebrew/etc/vulkan/implicit_layer.d
[Vulkan Loader] LAYER:                /etc/vulkan/implicit_layer.d
[Vulkan Loader] LAYER:                /Users/xyz/.local/share/vulkan/implicit_layer.d
[Vulkan Loader] LAYER:                /usr/local/share/vulkan/implicit_layer.d
[Vulkan Loader] LAYER:                /usr/share/vulkan/implicit_layer.d
[Vulkan Loader] LAYER:                /Users/xyz/.nix-profile/share/vulkan/implicit_layer.d
[Vulkan Loader] LAYER:                /nix/var/nix/profiles/default/share/vulkan/implicit_layer.d
[Vulkan Loader] LAYER:             Found no files
[Vulkan Loader] LAYER:          Searching for implicit layer manifest files
[Vulkan Loader] LAYER:             In following locations:
[Vulkan Loader] LAYER:                /Library/Java/JavaVirtualMachines/temurin-25.jdk/Contents/Home/bin/vulkan/implicit_layer.d
[Vulkan Loader] LAYER:                /Users/xyz/.config/vulkan/implicit_layer.d
[Vulkan Loader] LAYER:                /opt/homebrew/etc/xdg/vulkan/implicit_layer.d
[Vulkan Loader] LAYER:                /etc/xdg/vulkan/implicit_layer.d
[Vulkan Loader] LAYER:                /opt/homebrew/etc/vulkan/implicit_layer.d
[Vulkan Loader] LAYER:                /etc/vulkan/implicit_layer.d
[Vulkan Loader] LAYER:                /Users/xyz/.local/share/vulkan/implicit_layer.d
[Vulkan Loader] LAYER:                /usr/local/share/vulkan/implicit_layer.d
[Vulkan Loader] LAYER:                /usr/share/vulkan/implicit_layer.d
[Vulkan Loader] LAYER:                /Users/xyz/.nix-profile/share/vulkan/implicit_layer.d
[Vulkan Loader] LAYER:                /nix/var/nix/profiles/default/share/vulkan/implicit_layer.d
[Vulkan Loader] LAYER:             Found no files
[Vulkan Loader] LAYER:          Searching for implicit layer manifest files
[Vulkan Loader] LAYER:             In following locations:
[Vulkan Loader] LAYER:                /Library/Java/JavaVirtualMachines/temurin-25.jdk/Contents/Home/bin/vulkan/implicit_layer.d
[Vulkan Loader] LAYER:                /Users/xyz/.config/vulkan/implicit_layer.d
[Vulkan Loader] LAYER:                /opt/homebrew/etc/xdg/vulkan/implicit_layer.d
[Vulkan Loader] LAYER:                /etc/xdg/vulkan/implicit_layer.d
[Vulkan Loader] LAYER:                /opt/homebrew/etc/vulkan/implicit_layer.d
[Vulkan Loader] LAYER:                /etc/vulkan/implicit_layer.d
[Vulkan Loader] LAYER:                /Users/xyz/.local/share/vulkan/implicit_layer.d
[Vulkan Loader] LAYER:                /usr/local/share/vulkan/implicit_layer.d
[Vulkan Loader] LAYER:                /usr/share/vulkan/implicit_layer.d
[Vulkan Loader] LAYER:                /Users/xyz/.nix-profile/share/vulkan/implicit_layer.d
[Vulkan Loader] LAYER:                /nix/var/nix/profiles/default/share/vulkan/implicit_layer.d
[Vulkan Loader] LAYER:             Found no files
[Vulkan Loader] LAYER:          Searching for implicit layer manifest files
[Vulkan Loader] LAYER:             In following locations:
[Vulkan Loader] LAYER:                /Library/Java/JavaVirtualMachines/temurin-25.jdk/Contents/Home/bin/vulkan/implicit_layer.d
[Vulkan Loader] LAYER:                /Users/xyz/.config/vulkan/implicit_layer.d
[Vulkan Loader] LAYER:                /opt/homebrew/etc/xdg/vulkan/implicit_layer.d
[Vulkan Loader] LAYER:                /etc/xdg/vulkan/implicit_layer.d
[Vulkan Loader] LAYER:                /opt/homebrew/etc/vulkan/implicit_layer.d
[Vulkan Loader] LAYER:                /etc/vulkan/implicit_layer.d
[Vulkan Loader] LAYER:                /Users/xyz/.local/share/vulkan/implicit_layer.d
[Vulkan Loader] LAYER:                /usr/local/share/vulkan/implicit_layer.d
[Vulkan Loader] LAYER:                /usr/share/vulkan/implicit_layer.d
[Vulkan Loader] LAYER:                /Users/xyz/.nix-profile/share/vulkan/implicit_layer.d
[Vulkan Loader] LAYER:                /nix/var/nix/profiles/default/share/vulkan/implicit_layer.d
[Vulkan Loader] LAYER:             Found no files
[Vulkan Loader] LAYER:          Searching for explicit layer manifest files
[Vulkan Loader] LAYER:             In following locations:
[Vulkan Loader] LAYER:                /opt/homebrew/opt/vulkan-validationlayers/share/vulkan/explicit_layer.d
[Vulkan Loader] LAYER:             Found the following files:
[Vulkan Loader] LAYER:                /opt/homebrew/opt/vulkan-validationlayers/share/vulkan/explicit_layer.d/VkLayer_khronos_validation.json
[Vulkan Loader] WARNING | LAYER: env var 'VK_INSTANCE_LAYERS' defined and adding layers "VK_LAYER_KHRONOS_validation"
[Vulkan Loader] WARNING | LAYER: env var 'VK_INSTANCE_LAYERS' defined and adding layers "VK_LAYER_KHRONOS_validation"
[Vulkan Loader] DEBUG | LAYER:  Loading layer library libVkLayer_khronos_validation.dylib
[Vulkan Loader] INFO | LAYER:   Insert instance layer "VK_LAYER_KHRONOS_validation" (/opt/homebrew/Cellar/vulkan-validationlayers/1.4.357.0/lib/libVkLayer_khronos_validation.dylib)
[Vulkan Loader] LAYER:          vkCreateInstance layer callstack setup to:
[Vulkan Loader] LAYER:             <Application>
[Vulkan Loader] LAYER:               ||
[Vulkan Loader] LAYER:             <Loader>
[Vulkan Loader] LAYER:               ||
[Vulkan Loader] LAYER:             VK_LAYER_KHRONOS_validation
[Vulkan Loader] LAYER:                     Type: Explicit
[Vulkan Loader] LAYER:                     Enabled By: Environment Variable VK_INSTANCE_LAYERS
[Vulkan Loader] LAYER:                     Manifest: /opt/homebrew/opt/vulkan-validationlayers/share/vulkan/explicit_layer.d/VkLayer_khronos_validation.json
[Vulkan Loader] LAYER:                     Library:  /opt/homebrew/Cellar/vulkan-validationlayers/1.4.357.0/lib/libVkLayer_khronos_validation.dylib
[Vulkan Loader] LAYER:               ||
[Vulkan Loader] LAYER:             <Drivers>
[23:41:22] [Render thread/WARN] (Voxy) [me.cx.vy.ct.ce.vk.me.McNativeDeviceFeatures]: [native-vk] drawIndirectFirstInstance: offset 40 verified by read-back
[23:41:22] [Render thread/WARN] (Voxy) [me.cx.vy.ct.ce.vk.me.McNativeDeviceFeatures]: [native-vk] shaderInt64: offset 160 verified by read-back
[23:41:22] [Render thread/WARN] (Voxy) [me.cx.vy.ct.ce.vk.me.McNativeDeviceFeatures]: [native-vk] fragmentStoresAndAtomics: offset 104 verified by read-back
[23:41:22] [Render thread/WARN] (Voxy) [me.cx.vy.ct.ce.vk.me.McNativeDeviceFeatures]: [native-vk] vertexPipelineStoresAndAtomics: offset 100 verified by read-back
[23:41:22] [Render thread/INFO] (Voxy) [me.cx.vy.ct.ce.vk.me.McNativeDeviceFeatures]: [native-vk] asked Minecraft's device for [drawIndirectFirstInstance, shaderInt64, fragmentStoresAndAtomics, vertexPipelineStoresAndAtomics] (supported by this device, not requested by Minecraft)
[Vulkan Loader] INFO | LAYER:   Inserted device layer "VK_LAYER_KHRONOS_validation" (/opt/homebrew/Cellar/vulkan-validationlayers/1.4.357.0/lib/libVkLayer_khronos_validation.dylib)
[Vulkan Loader] DRIVER:         vkCreateDevice layer callstack setup to:
[Vulkan Loader] DRIVER:            <Application>
[Vulkan Loader] DRIVER:              ||
[Vulkan Loader] DRIVER:            <Loader>
[Vulkan Loader] DRIVER:              ||
[Vulkan Loader] LAYER:             VK_LAYER_KHRONOS_validation
[Vulkan Loader] LAYER:                     Type: Explicit
[Vulkan Loader] LAYER:                     Enabled By: Environment Variable VK_INSTANCE_LAYERS
[Vulkan Loader] LAYER:                     Manifest: /opt/homebrew/opt/vulkan-validationlayers/share/vulkan/explicit_layer.d/VkLayer_khronos_validation.json
[Vulkan Loader] LAYER:                     Library:  /opt/homebrew/Cellar/vulkan-validationlayers/1.4.357.0/lib/libVkLayer_khronos_validation.dylib
[Vulkan Loader] LAYER:               ||
[Vulkan Loader] DRIVER:            <Device>
[Vulkan Loader] DRIVER:                Using "Apple M4 Pro" with driver: "/opt/homebrew/Cellar/molten-vk/1.4.2/lib/libMoltenVK.dylib"
[23:41:22] [Download-3/INFO] (Mod Menu/Update Checker) Update available for 'lithium@0.25.1+mc26.2', (-> mc26.2-0.25.3-fabric)
[23:41:22] [Download-3/INFO] (Mod Menu/Update Checker) Update available for 'fabric-api@0.152.2+26.2', (-> 0.161.0+26.2)
[23:41:22] [Download-3/INFO] (Mod Menu/Update Checker) Update available for 'sodium@0.9.2-alpha.3+mc26.2', (-> mc26.2-0.9.2-fabric)
[23:41:22] [Download-3/INFO] (Mod Menu/Update Checker) Update available for 'modmenu@20.0.0', (-> 20.0.3)
[Vulkan Loader] LAYER:          Searching for implicit layer manifest files
[Vulkan Loader] LAYER:             In following locations:
[Vulkan Loader] LAYER:                /Library/Java/JavaVirtualMachines/temurin-25.jdk/Contents/Home/bin/vulkan/implicit_layer.d
[Vulkan Loader] LAYER:                /Users/xyz/.config/vulkan/implicit_layer.d
[Vulkan Loader] LAYER:                /opt/homebrew/etc/xdg/vulkan/implicit_layer.d
[Vulkan Loader] LAYER:                /etc/xdg/vulkan/implicit_layer.d
[Vulkan Loader] LAYER:                /opt/homebrew/etc/vulkan/implicit_layer.d
[Vulkan Loader] LAYER:                /etc/vulkan/implicit_layer.d
[Vulkan Loader] LAYER:                /Users/xyz/.local/share/vulkan/implicit_layer.d
[Vulkan Loader] LAYER:                /usr/local/share/vulkan/implicit_layer.d
[Vulkan Loader] LAYER:                /usr/share/vulkan/implicit_layer.d
[Vulkan Loader] LAYER:                /Users/xyz/.nix-profile/share/vulkan/implicit_layer.d
[Vulkan Loader] LAYER:                /nix/var/nix/profiles/default/share/vulkan/implicit_layer.d
[Vulkan Loader] LAYER:             Found no files
[23:41:22] [Render thread/INFO] (Voxy) [me.cx.vy.ct.ce.vk.VkContext]: Vulkan (adopted from the host application): Apple M4 Pro api=1.2.357 driver=0.2.2210 vendorID=0x106b deviceID=0x1b000209 (adopted) queueFamily=0 subgroupSize=32 timestampBits=64 maxPushConstants=4096 minSsboOffsetAlign=16 unifiedMemType=1 metalObjects=false validation=true syncValidation=false
[23:41:22] [Render thread/INFO] (Voxy) [me.cx.vy.ct.ce.vk.me.McNativeVkContext]: [native-vk] adopted Minecraft's Vulkan device into VkContext: true
[23:41:22] [Render thread/INFO] (Voxy) [me.cx.vy.ct.ce.gl.Capabilities]: No OpenGL context on this thread (IllegalStateException); Minecraft is probably not using the OpenGL backend.
[23:41:22] [Render thread/INFO] (Voxy) [me.cx.vy.ct.VoxyClient]: [native-vk] native instance mode: Minecraft is on Vulkan and voxy.native.instance is set; starting Voxy's instance (world engine, storage, ingest) without a render path
[23:41:22] [Render thread/INFO] (Minecraft) Using graphics backend Vulkan, using drivers: 1.2.357 MoltenVK 1.4.2
[23:41:22] [Render thread/INFO] (Minecraft) Using graphics device: Apple M4 Pro (APPLE)
[23:41:22] [Render thread/INFO] (Minecraft) Using graphics device extensions: VK_KHR_portability_subset (D), VK_KHR_synchronization2 (D), VK_EXT_metal_surface (I), VK_EXT_vertex_attribute_divisor (D), VK_KHR_portability_enumeration (I), VK_KHR_swapchain (D), VK_KHR_surface (I), VK_KHR_push_descriptor (D), VK_EXT_debug_utils (I), VK_KHR_dynamic_rendering (D)
[23:41:22] [Download-3/INFO] (Minecraft) Could not authorize you against Realms server: java.lang.RuntimeException: Failed to parse into SignedJWT: FabricMC
[23:41:22] [Render thread/INFO] (Minecraft) Reloading ResourceManager: vanilla, fabric-api, fabric-api-base, fabric-api-lookup-api-v1, fabric-biome-api-v1, fabric-block-api-v1, fabric-block-getter-api-v2, fabric-client-gametest-api-v1, fabric-command-api-v2, fabric-content-registries-v0, fabric-convention-tags-v2, fabric-crash-report-info-v1, fabric-creative-tab-api-v1, fabric-data-attachment-api-v1, fabric-data-generation-api-v1, fabric-debug-api-v1, fabric-dimensions-v1, fabric-entity-events-v1, fabric-events-interaction-v0, fabric-game-rule-api-v1, fabric-gametest-api-v1, fabric-item-api-v1, fabric-key-mapping-api-v1, fabric-lifecycle-events-v1, fabric-loot-api-v3, fabric-menu-api-v1, fabric-message-api-v1, fabric-model-loading-api-v1, fabric-networking-api-v1, fabric-object-builder-api-v1, fabric-particles-v1, fabric-permission-api-v1, fabric-recipe-api-v1, fabric-registry-sync-v0, fabric-renderer-api-v1, fabric-renderer-indigo, fabric-rendering-fluids-v1, fabric-rendering-v1, fabric-resource-conditions-api-v1, fabric-resource-loader-v0, fabric-resource-loader-v1, fabric-screen-api-v1, fabric-serialization-api-v1, fabric-sound-api-v1, fabric-tag-api-v1, fabric-transfer-api-v1, fabric-transitive-access-wideners-v1, fabricloader, lithium, modmenu, sodium, voxy
[23:41:22] [Render thread/INFO] (Voxy) [me.cx.vy.ct.ce.vk.me.McNativeVulkanProbe]: [native-vk] Minecraft graphics backend: LWJGL version 3.4.1-snapshot
  minecraft uses its vulkan backend: true
  backend class: com.mojang.blaze3d.vulkan.VulkanDevice
  device: Apple M4 Pro / vendor APPLE / driver 1.2.357 MoltenVK 1.4.2
  VkInstance=0x767bce6800 VkDevice=0x7672300018 vma=0x11dee8000
  queue families: graphics=0 compute=3 transfer=3
  colour: label=Main / Color VkImage=0x520000000052 VkImageView=0x560000000056 format=RGBA8_UNORM 1708x960 mips=1 usage=0xf
  depth: label=Main / Depth VkImage=0x540000000054 VkImageView=0x570000000057 format=D32_FLOAT 1708x960 mips=1 usage=0xf
[23:41:22] [Render thread/INFO] (Voxy) [me.cx.vy.ct.ce.vk.me.McNativeVulkanProbe]: [native-vk] Voxy requires 8 device features; supported-but-not-enabled-by-Minecraft=[drawIndirectFirstInstance, shaderInt64, fragmentStoresAndAtomics, vertexPipelineStoresAndAtomics] unsupported=[] zZeroToOne=true
[23:41:23] [Render thread/INFO] (Voxy) [me.cx.vy.ct.ce.vk.me.McNativeComputeProbe]: [native-vk] int64 compute on Minecraft's device: wrote and read back 0x123456789abcdef
[23:41:23] [Render thread/INFO] (Voxy) [me.cx.vy.ct.ce.vk.me.McNativeVkContext]: [native-vk] Voxy's own buffer + shader + command pool on Minecraft's device: wrote and read back 0x123456789abcdef
[23:41:23] [Worker-Main-4/INFO] (Minecraft) Found unifont_all_no_pua-17.0.01.hex, loading
[23:41:23] [Worker-Main-10/INFO] (Minecraft) Found unifont_pua-17.0.01.hex, loading
[23:41:23] [Worker-Main-11/INFO] (Minecraft) Found unifont_jp_patch-17.0.01.hex, loading
[23:41:23] [Render thread/INFO] (Voxy) [me.cx.vy.ct.ce.vk.sr.VkShader$Builder]: VkShader 'native-merged-index-probe': 3 bindings, push=4B, stages=[COMPUTE]
[23:41:23] [Render thread/INFO] (Voxy) [me.cx.vy.ct.ce.vk.me.McNativeRealShaderProbe]: [native-vk] Voxy's real shader stack on Minecraft's device: 189 quad ordinals resolved, all matching the CPU reference
[23:41:23] [Render thread/INFO] (Minecraft) OpenAL initialized on device MacBook Pro Speakers
[23:41:23] [Render thread/INFO] (Minecraft) Sound engine started
[23:41:23] [Render thread/INFO] (Minecraft) Created: 512x256x0 minecraft:textures/atlas/particles.png-atlas
[23:41:23] [Render thread/INFO] (Minecraft) Created: 128x128x0 minecraft:textures/atlas/decorated_pot.png-atlas
[23:41:23] [Render thread/INFO] (Minecraft) Created: 2048x1024x0 minecraft:textures/atlas/armor_trims.png-atlas
[23:41:23] [Render thread/INFO] (Minecraft) Created: 512x256x0 minecraft:textures/atlas/paintings.png-atlas
[23:41:23] [Render thread/INFO] (Minecraft) Created: 1024x512x0 minecraft:textures/atlas/shield_patterns.png-atlas
[23:41:23] [Render thread/INFO] (Minecraft) Created: 2048x2048x4 minecraft:textures/atlas/blocks.png-atlas
[23:41:24] [Render thread/INFO] (Minecraft) Created: 512x512x0 minecraft:textures/atlas/chest.png-atlas
[23:41:24] [Render thread/INFO] (Minecraft) Created: 256x128x0 minecraft:textures/atlas/celestials.png-atlas
[23:41:24] [Render thread/INFO] (Minecraft) Created: 1024x512x0 minecraft:textures/atlas/banner_patterns.png-atlas
[23:41:24] [Render thread/INFO] (Minecraft) Created: 1024x512x0 minecraft:textures/atlas/items.png-atlas
[23:41:24] [Render thread/INFO] (Minecraft) Created: 1024x1024x0 minecraft:textures/atlas/gui.png-atlas
[23:41:24] [Render thread/INFO] (Minecraft) Created: 128x64x0 minecraft:textures/atlas/map_decorations.png-atlas
[23:41:24] [Render thread/INFO] (Minecraft) Created: 512x512x0 minecraft:textures/atlas/shulker_boxes.png-atlas
[23:41:24] [Render thread/INFO] (Voxy) [me.cx.vy.ct.cg.VoxyConfig]: Config file doesnt exist, creating new
[23:41:24] [Render thread/INFO] (Minecraft) [STDOUT]: [voxy-harness] stage=create
[23:41:24] [Download-3/INFO] (Minecraft) Could not authorize you against Realms server: java.lang.RuntimeException: Failed to parse into SignedJWT: FabricMC
[23:41:24] [Render thread/INFO] (Minecraft) Found new data pack fabric-convention-tags-v2, loading it automatically
[23:41:24] [Render thread/INFO] (Minecraft) Found new data pack fabric-gametest-api-v1, loading it automatically
[23:41:25] [Render thread/INFO] (Minecraft) Loaded 1585 recipes
[23:41:25] [Render thread/INFO] (Minecraft) Loaded 1688 advancements
[23:41:25] [Render thread/INFO] (BiomeModificationImpl) Applied 0 biome modifications to 0 of 66 new biomes in 475.5 μs
[23:41:25] [Server thread/INFO] (Minecraft) Starting integrated minecraft server version 26.2
[23:41:25] [Server thread/INFO] (Minecraft) Generating keypair
[23:41:25] [Server thread/INFO] (Minecraft) Selecting global world spawn...
[23:41:26] [Server thread/INFO] (Minecraft) Loading 0 persistent chunks...
[23:41:26] [Server thread/INFO] (Minecraft) Preparing spawn area: 16%
[23:41:26] [Server thread/INFO] (Minecraft) Saving chunks for level 'ServerLevel[voxy-harness]'/minecraft:overworld
[23:41:26] [Server thread/INFO] (Minecraft) Saving chunks for level 'ServerLevel[voxy-harness]'/minecraft:the_nether
[23:41:26] [Server thread/INFO] (Minecraft) Saving chunks for level 'ServerLevel[voxy-harness]'/minecraft:the_end
[23:41:26] [Server thread/INFO] (Minecraft) ThreadedAnvilChunkStorage (world): All chunks are saved
[23:41:26] [Server thread/INFO] (Minecraft) ThreadedAnvilChunkStorage (DIM-1): All chunks are saved
[23:41:26] [Server thread/INFO] (Minecraft) ThreadedAnvilChunkStorage (DIM1): All chunks are saved
[23:41:26] [Server thread/INFO] (Minecraft) ThreadedAnvilChunkStorage: All dimensions are saved
[23:41:27] [Server thread/INFO] (Minecraft) Loading 47 chunks for player spawn...
[23:41:27] [Server thread/INFO] (Minecraft) Preparing spawn area: 16%
[23:41:27] [Server thread/INFO] (Minecraft) Preparing spawn area: 16%
[23:41:27] [Server thread/INFO] (Minecraft) Preparing spawn area: 16%
[23:41:27] [Server thread/INFO] (Minecraft) Preparing spawn area: 24%
[23:41:27] [Server thread/INFO] (Minecraft) Preparing spawn area: 57%
[23:41:28] [Server thread/INFO] (Minecraft) Time elapsed: 2648 ms
[23:41:28] [Server thread/INFO] (Minecraft) Player399[local:E:6e19614b] logged in with entity id 6 at (0.5, 63.0, -6.5)
[23:41:28] [Server thread/INFO] (Minecraft) Player399 joined the game
[23:41:28] [Render thread/INFO] (Voxy) [me.cx.vy.cl.VoxyInstance]: Initializing voxy instance
[23:41:28] [Render thread/INFO] (Voxy) [me.cx.vy.cl.VoxyInstance]: Dedicated voxy thread pool size: 9
[23:41:28] [Render thread/INFO] (Voxy) [me.cx.vy.cl.VoxyInstance]: Creating new world engine: 7462760223788803275@1872345032
[23:41:28] [Server thread/INFO] (Minecraft) Changing view distance to 8, from 10
[23:41:28] [Server thread/INFO] (Minecraft) Changing simulation distance to 5, from 0
[23:41:28] [Render thread/INFO] (Voxy) [nt.mt.ct.rr.LevelRenderer]: [native-vk] native instance mode: world engine created; no renderer
[23:41:28] [Render thread/INFO] (ChunkBuilder) Started 8 worker threads
[23:41:28] [Render thread/INFO] (Voxy) [me.cx.vy.cl.VoxyInstance]: Dedicated voxy thread pool size: 1
[23:41:28] [Render thread/INFO] (Minecraft) Loaded 2 advancements
[23:41:28] [Render thread/INFO] (ChunkBuilder) Stopping worker threads
[23:41:28] [Render thread/INFO] (ChunkBuilder) Started 8 worker threads
[23:41:28] [Render thread/INFO] (Voxy) [me.cx.vy.ct.ce.vk.me.McNativeDepthLadder]: [native-vk] created the depth-ladder pipelines on Minecraft's device (colour 37, depth 126, depth writes OFF)
[23:41:28] [Render thread/INFO] (Voxy) [me.cx.vy.ct.ce.vk.me.McNativeHierarchicalLoad]: [native-vk] hier frames entering stage create: composited=0 skipped=0 builds=0 vkBuffers=1 vkBufferBytes=25165824 vkTextures=0 frame=0x0
[23:41:28] [Render thread/INFO] (Voxy) [me.cx.vy.ct.ce.vk.me.McNativeAtlas]: [native-vk] requested the block atlas (2048x2048) through Blaze3D
[23:41:28] [Render thread/INFO] (Voxy) [me.cx.vy.ct.ce.vk.me.McNativeInstanceProbe]: [native-vk] native instance at frame 1 stage=create factory=true instance=true engine=true live=true activeSections=26 renderer=false ingest=true cameraCaptures=1 storedNearCamera=4
[23:41:28] [Render thread/INFO] (Minecraft) Resizing Dynamic Transforms UBO, capacity limit of 2 reached during a single frame. New capacity will be 4.
[23:41:28] [Render thread/INFO] (Minecraft) [STDOUT]: [voxy-harness] stage=warmup
[23:41:28] [Server thread/INFO] (Minecraft) [Player399: Set minecraft:overworld to time marker minecraft:noon]
[23:41:28] [Server thread/INFO] (Minecraft) [Player399: Set the weather to clear]
[23:41:28] [Server thread/INFO] (Minecraft) [Player399: Teleported Player399 to 0.500000, 120.000000, 0.500000]
[23:41:28] [Download-3/ERROR] (Minecraft) Failed to retrieve profile key pair

MinecraftClientHttpException[type=HTTP_ERROR, status=401, response=ErrorResponse[path=/player/certificates, error=null, errorMessage=null, details=null]]
	at knot//com.mojang.authlib.minecraft.client.MinecraftClient.buildHttpException(MinecraftClient.java:170)
	at knot//com.mojang.authlib.minecraft.client.MinecraftClient.readServiceResponse(MinecraftClient.java:147)
	at knot//com.mojang.authlib.minecraft.client.MinecraftClient.post(MinecraftClient.java:89)
	at knot//com.mojang.authlib.yggdrasil.YggdrasilUserApiService.getKeyPair(YggdrasilUserApiService.java:62)
	at knot//net.minecraft.client.multiplayer.AccountProfileKeyPairManager.fetchProfileKeyPair(AccountProfileKeyPairManager.java:128)
	at knot//net.minecraft.client.multiplayer.AccountProfileKeyPairManager.lambda$readOrFetchProfileKeyPair$0(AccountProfileKeyPairManager.java:77)
	at java.base/java.util.concurrent.CompletableFuture$AsyncSupply.run(CompletableFuture.java:1789)
	at java.base/java.util.concurrent.ThreadPoolExecutor.runWorker(ThreadPoolExecutor.java:1090)
	at java.base/java.util.concurrent.ThreadPoolExecutor$Worker.run(ThreadPoolExecutor.java:614)
	at java.base/java.lang.Thread.run(Thread.java:1474)
[23:41:28] [Render thread/INFO] (Minecraft) Resizing Dynamic Transforms UBO, capacity limit of 4 reached during a single frame. New capacity will be 8.
[23:41:28] [Render thread/INFO] (Voxy) [me.cx.vy.ct.ce.vk.me.McNativeDepthLadder]: [native-vk] depth ladder sample requested at draw 2 stage=warmup camera=[0.5 64.61846542358398 -6.5 0.0 0.0]
[23:41:28] [Render thread/INFO] (Voxy) [me.cx.vy.ct.ce.vk.sr.VkShader$Builder]: VkShader 'vk-terrain-per_section': 8 bindings, push=0B, stages=[VERTEX, FRAGMENT]
[23:41:28] [Render thread/INFO] (Voxy) [me.cx.vy.ct.ce.vk.me.McNativeTerrainScene]: [native-vk] terrain reference on the adopted device: 21972 of 1639680 pixels are not background
[23:41:28] [Render thread/INFO] (Voxy) [me.cx.vy.ct.ce.vk.me.McNativeTerrainLoad]: [native-vk] terrain-LOAD scene built: 21972 reference pixels, 10 draw(s), depth state declared [6, 1, 1]
[23:41:28] [Render thread/INFO] (Voxy) [me.cx.vy.ct.ce.vk.me.McNativeHierarchicalLoad]: [native-vk] hier frames entering stage warmup: composited=0 skipped=1 builds=0 vkBuffers=26 vkBufferBytes=25770752 vkTextures=3 frame=0x0
[23:41:28] [Render thread/INFO] (Voxy) [me.cx.vy.ct.ce.vk.me.McNativeAtlas]: [native-vk] block atlas read through Blaze3D: 2048x2048
[23:41:28] [Render thread/INFO] (Minecraft) [System] [CHAT] Set minecraft:overworld to time marker minecraft:noon
[23:41:28] [Render thread/INFO] (Minecraft) [System] [CHAT] Set the weather to clear
[23:41:28] [Render thread/INFO] (Minecraft) [System] [CHAT] Teleported Player399 to 0.500000, 120.000000, 0.500000
[23:41:28] [Render thread/INFO] (Voxy) [me.cx.vy.ct.ce.vk.sr.VkShader$Builder]: VkShader 'vk-hiz': 1 bindings, push=0B, stages=[VERTEX, FRAGMENT]
[23:41:28] [Render thread/INFO] (Voxy) [me.cx.vy.ct.ce.vk.sr.VkShader$Builder]: VkShader 'vk-traversal': 10 bindings, push=4B, stages=[COMPUTE]
[23:41:28] [Render thread/INFO] (Voxy) [me.cx.vy.ct.ce.vk.sr.VkShader$Builder]: VkShader 'vk-merged-prep': 8 bindings, push=0B, stages=[COMPUTE]
[23:41:28] [Render thread/INFO] (Voxy) [me.cx.vy.ct.ce.vk.sr.VkShader$Builder]: VkShader 'vk-merged-cmdgen': 10 bindings, push=0B, stages=[COMPUTE]
[23:41:28] [Render thread/INFO] (Voxy) [me.cx.vy.ct.ce.vk.sr.VkShader$Builder]: VkShader 'vk-temporal-prefix': 2 bindings, push=12B, stages=[COMPUTE]
[23:41:28] [Render thread/INFO] (Voxy) [me.cx.vy.ct.ce.vk.sr.VkShader$Builder]: VkShader 'vk-translucent-bucket-scan': 1 bindings, push=0B, stages=[COMPUTE]
[23:41:28] [Render thread/INFO] (Voxy) [me.cx.vy.ct.ce.vk.sr.VkShader$Builder]: VkShader 'vk-translucent-gen': 7 bindings, push=0B, stages=[COMPUTE]
[23:41:28] [Render thread/INFO] (Voxy) [me.cx.vy.ct.ce.vk.sr.VkShader$Builder]: VkShader 'vk-translucent-prefix': 4 bindings, push=4B, stages=[COMPUTE]
[23:41:29] [Render thread/INFO] (Voxy) [me.cx.vy.ct.ce.vk.sr.VkShader$Builder]: VkShader 'vk-merged-prefix': 2 bindings, push=12B, stages=[COMPUTE]
[23:41:29] [Render thread/INFO] (Voxy) [me.cx.vy.ct.ce.vk.sr.VkShader$Builder]: VkShader 'vk-cull-raster': 4 bindings, push=0B, stages=[VERTEX, FRAGMENT]
[23:41:29] [Render thread/INFO] (Voxy) [me.cx.vy.ct.ce.vk.sr.VkShader$Builder]: VkShader 'vk-terrain-merged': 10 bindings, push=0B, stages=[VERTEX, FRAGMENT]
[23:41:29] [Render thread/INFO] (Voxy) [me.cx.vy.ct.ce.vk.sr.VkShader$Builder]: VkShader 'vk-terrain-merged': 10 bindings, push=0B, stages=[VERTEX, FRAGMENT]
[23:41:29] [Render thread/INFO] (Voxy) [me.cx.vy.ct.ce.vk.sr.VkShader$Builder]: VkShader 'vk-terrain-merged': 10 bindings, push=0B, stages=[VERTEX, FRAGMENT]
[23:41:29] [Render thread/INFO] (Voxy) [me.cx.vy.ct.ce.vk.VkRealModelBakery]: [5c-3b] replayed 5 biomes already registered by the world
[23:41:29] [Render thread/INFO] (Voxy) [me.cx.vy.ct.ce.vk.sr.VkShader$Builder]: VkShader 'vk-vanilla-bound': 1 bindings, push=96B, stages=[VERTEX, FRAGMENT]
[23:41:29] [Render thread/INFO] (Voxy) [me.cx.vy.ct.ce.vk.sr.VkShader$Builder]: VkShader 'vk-depth-resolve-reproject': 1 bindings, push=128B, stages=[VERTEX, FRAGMENT]
[23:41:29] [Render thread/INFO] (Voxy) [me.cx.vy.ct.ce.vk.sr.VkShader$Builder]: VkShader 'vk-native-post': 2 bindings, push=128B, stages=[VERTEX, FRAGMENT]
[23:41:29] [Render thread/INFO] (Voxy) [me.cx.vy.ct.ce.vk.sr.VkShader$Builder]: VkShader 'vk-native-composite': 2 bindings, push=0B, stages=[VERTEX, FRAGMENT]
[23:41:29] [Render thread/INFO] (Voxy) [me.cx.vy.ct.ce.vk.me.McNativeHierarchicalLoad]: [native-vk] hier-LOAD scene #1: streaming render distance 17, sections -1..0
[23:41:29] [Render thread/INFO] (Voxy) [me.cx.vy.ct.ce.vk.me.McNativeHierarchicalLoad]: [native-vk] slow native frame 0 stage=warmup: total=18.240542 service=2.5E-4 stream=0.387542 bound=0.404416 prepare=0.398167 begin=0.204292 record=15.3415 postSubmit=1.504375 ms
[23:41:29] [Render thread/INFO] (Voxy) [me.cx.vy.ct.ce.vk.me.McNativeDepthLadder]: [native-vk] depth ladder sample at draw 2 flipped=true counts=[anomaly=0 low=0 clear=78848 r0=0 r1=0 r2=0 r3=0 r4=0 r5=0 r6=0 r7=0 other=0] stage=warmup camera=[0.5 64.61846542358398 -6.5 0.0 0.0]
[23:41:29] [Render thread/INFO] (Voxy) [me.cx.vy.ct.ce.vk.me.McNativeDepthLadder]: [native-vk] depth ladder coexist at draw 2 present=78848 absent=0 other=0 expectedPass=78848 expectedFail=0 absentWherePass=0 presentWhereFail=0 unchanged=0
[23:41:29] [Render thread/INFO] (Voxy) [me.cx.vy.ct.ce.vk.me.McNativeTerrainLoad]: [native-vk] terrain load at draw 2 geometry=21972 noGeometry=56876 expectVisible=21972 expectHidden=0 undetermined=0 visible=21972 hidden=0 ambiguous=0 other=0 visibleWhereHidden=0 hiddenWhereVisible=0 changedWhereNoGeometry=0 depth=[1.4531454E-4 0.0030659903]
[23:41:30] [Render thread/INFO] (Voxy) [me.cx.vy.ct.ce.vk.me.McNativeInstanceProbe]: [native-vk] native instance at frame 60 stage=warmup factory=true instance=true engine=true live=true activeSections=0 renderer=false ingest=true cameraCaptures=60 storedNearCamera=22
[23:41:31] [Render thread/INFO] (Voxy) [me.cx.vy.ct.ce.vk.me.McNativeInstanceProbe]: [native-vk] native instance at frame 120 stage=warmup factory=true instance=true engine=true live=true activeSections=0 renderer=false ingest=true cameraCaptures=120 storedNearCamera=22
[23:41:31] [Chunk Render Task Executor #6/WARN] (Voxy) [me.cx.vy.cn.wd.ActiveSectionTracker]: section raced to save queue, we lost
[23:41:31] [Chunk Render Task Executor #6/WARN] (Voxy) [me.cx.vy.cn.wd.ActiveSectionTracker]: section raced to save queue, we lost
[23:41:31] [Chunk Render Task Executor #3/WARN] (Voxy) [me.cx.vy.cn.wd.ActiveSectionTracker]: section raced to save queue, we lost
[23:41:31] [Dedicated Voxy Worker #8/INFO] (Voxy) [me.cx.vy.cn.wd.ActiveSectionTracker]: section raced to into save queue, we lost
[23:41:32] [Chunk Render Task Executor #7/WARN] (Voxy) [me.cx.vy.cn.wd.ActiveSectionTracker]: section raced to save queue, we lost
[23:41:32] [Chunk Render Task Executor #6/INFO] (Voxy) [me.cx.vy.cn.wd.ActiveSectionTracker]: section raced to into save queue, we lost
[23:41:32] [Render thread/INFO] (Voxy) [me.cx.vy.ct.ce.vk.me.McNativeInstanceProbe]: [native-vk] native instance at frame 180 stage=warmup factory=true instance=true engine=true live=true activeSections=0 renderer=false ingest=true cameraCaptures=180 storedNearCamera=22
[23:41:33] [Render thread/INFO] (Voxy) [me.cx.vy.ct.ce.vk.me.McNativeInstanceProbe]: [native-vk] native instance at frame 240 stage=warmup factory=true instance=true engine=true live=true activeSections=0 renderer=false ingest=true cameraCaptures=240 storedNearCamera=22
[23:41:33] [Render thread/INFO] (Voxy) [me.cx.vy.ct.ce.vk.me.McNativeDepthLadder]: [native-vk] depth ladder sample requested at draw 242 stage=warmup camera=[0.5 121.61999988555908 0.5 30.0 0.0]
[23:41:33] [Render thread/INFO] (Voxy) [me.cx.vy.ct.ce.vk.VkRealMesher]: [5c-3b] meshed 8 sections around [0,0,0] r=4 (LoD 3): 4 empty, 717 not in the world yet, 0 gave up, 74 models baked on demand
[23:41:33] [Render thread/INFO] (Voxy) [me.cx.vy.ct.ce.vk.me.McNativeRealLoad]: [native-vk] real-LOAD: nothing meshed at level 3 around [0, 0, 0] (scene #1)
[23:41:33] [Render thread/INFO] (Voxy) [me.cx.vy.ct.ce.vk.me.McNativeRealLoad]: [native-vk] real load at draw 242 status=nothing-meshed
[23:41:33] [Render thread/INFO] (Voxy) [me.cx.vy.ct.ce.vk.me.McNativeDepthLadder]: [native-vk] depth ladder sample at draw 242 flipped=true counts=[anomaly=0 low=0 clear=13303 r0=0 r1=0 r2=65545 r3=0 r4=0 r5=0 r6=0 r7=0 other=0] stage=warmup camera=[0.5 121.61999988555908 0.5 30.0 0.0]
[23:41:33] [Render thread/INFO] (Voxy) [me.cx.vy.ct.ce.vk.me.McNativeDepthLadder]: [native-vk] depth ladder coexist at draw 242 present=78848 absent=0 other=0 expectedPass=78848 expectedFail=0 absentWherePass=0 presentWhereFail=0 unchanged=0
[23:41:34] [Render thread/INFO] (Voxy) [me.cx.vy.ct.ce.vk.me.McNativeInstanceProbe]: [native-vk] native instance at frame 300 stage=warmup factory=true instance=true engine=true live=true activeSections=0 renderer=false ingest=true cameraCaptures=300 storedNearCamera=22
[23:41:35] [Render thread/INFO] (Voxy) [me.cx.vy.ct.ce.vk.me.McNativeInstanceProbe]: [native-vk] native instance at frame 360 stage=warmup factory=true instance=true engine=true live=true activeSections=0 renderer=false ingest=true cameraCaptures=360 storedNearCamera=22
[23:41:36] [Render thread/INFO] (Voxy) [me.cx.vy.ct.ce.vk.me.McNativeInstanceProbe]: [native-vk] native instance at frame 420 stage=warmup factory=true instance=true engine=true live=true activeSections=0 renderer=false ingest=true cameraCaptures=420 storedNearCamera=22
[23:41:37] [Render thread/INFO] (Voxy) [me.cx.vy.ct.ce.vk.me.McNativeInstanceProbe]: [native-vk] native instance at frame 480 stage=warmup factory=true instance=true engine=true live=true activeSections=0 renderer=false ingest=true cameraCaptures=480 storedNearCamera=22
[23:41:37] [Render thread/INFO] (Voxy) [me.cx.vy.ct.ce.vk.me.McNativeDepthLadder]: [native-vk] depth ladder sample requested at draw 482 stage=warmup camera=[0.5 121.61999988555908 0.5 30.0 0.0]
[23:41:37] [Render thread/INFO] (Voxy) [me.cx.vy.ct.ce.vk.me.McNativeHierarchicalLoad]: [native-vk] hier frames before draw 482: composited=479
[23:41:37] [Render thread/INFO] (Voxy) [me.cx.vy.ct.ce.vk.me.McNativeDepthLadder]: [native-vk] depth ladder sample at draw 482 flipped=true counts=[anomaly=0 low=0 clear=11485 r0=0 r1=0 r2=67363 r3=0 r4=0 r5=0 r6=0 r7=0 other=0] stage=warmup camera=[0.5 121.61999988555908 0.5 30.0 0.0]
[23:41:37] [Render thread/INFO] (Voxy) [me.cx.vy.ct.ce.vk.me.McNativeDepthLadder]: [native-vk] depth ladder coexist at draw 482 present=78848 absent=0 other=0 expectedPass=78848 expectedFail=0 absentWherePass=0 presentWhereFail=0 unchanged=0
[23:41:37] [Render thread/INFO] (Voxy) [me.cx.vy.ct.ce.vk.me.McNativeHierarchicalLoad]: [native-vk] hier load at draw 482 status=judged geometry=16249 noGeometry=62599 expectVisible=2357 expectHidden=13892 undetermined=0 visible=2357 hidden=13892 ambiguous=0 other=0 visibleWhereHidden=0 hiddenWhereVisible=0 changedWhereNoGeometry=0 depth=[3.075169E-4 4.2804275E-4]
[23:41:38] [Render thread/INFO] (Voxy) [me.cx.vy.ct.ce.vk.me.McNativeInstanceProbe]: [native-vk] native instance at frame 540 stage=warmup factory=true instance=true engine=true live=true activeSections=0 renderer=false ingest=true cameraCaptures=540 storedNearCamera=22
[23:41:38] [Render thread/INFO] (Minecraft) [STDOUT]: [voxy-harness] stage=turn
[23:41:38] [Render thread/INFO] (Voxy) [me.cx.vy.ct.ce.vk.me.McNativeHierarchicalLoad]: [native-vk] hier frames entering stage turn: composited=546 skipped=2 builds=1 vkBuffers=67 vkBufferBytes=94847592 vkTextures=13 frame=1708x960
[23:41:39] [Render thread/INFO] (Voxy) [me.cx.vy.ct.ce.vk.me.McNativeInstanceProbe]: [native-vk] native instance at frame 600 stage=turn factory=true instance=true engine=true live=true activeSections=0 renderer=false ingest=true cameraCaptures=600 storedNearCamera=22
[23:41:40] [Render thread/INFO] (Voxy) [me.cx.vy.ct.ce.vk.me.McNativeInstanceProbe]: [native-vk] native instance at frame 660 stage=turn factory=true instance=true engine=true live=true activeSections=0 renderer=false ingest=true cameraCaptures=660 storedNearCamera=22
[23:41:41] [Render thread/INFO] (Voxy) [me.cx.vy.ct.ce.vk.me.McNativeInstanceProbe]: [native-vk] native instance at frame 720 stage=turn factory=true instance=true engine=true live=true activeSections=0 renderer=false ingest=true cameraCaptures=720 storedNearCamera=22
[23:41:41] [Render thread/INFO] (Voxy) [me.cx.vy.ct.ce.vk.me.McNativeDepthLadder]: [native-vk] depth ladder sample requested at draw 722 stage=turn camera=[0.5 121.61999988555908 0.5 30.0 540.1533813476562]
[23:41:41] [Render thread/INFO] (Voxy) [me.cx.vy.ct.ce.vk.me.McNativeDepthLadder]: [native-vk] depth ladder sample at draw 722 flipped=true counts=[anomaly=0 low=0 clear=25536 r0=0 r1=0 r2=53312 r3=0 r4=0 r5=0 r6=0 r7=0 other=0] stage=turn camera=[0.5 121.61999988555908 0.5 30.0 540.1533813476562]
[23:41:41] [Render thread/INFO] (Voxy) [me.cx.vy.ct.ce.vk.me.McNativeDepthLadder]: [native-vk] depth ladder coexist at draw 722 present=78848 absent=0 other=0 expectedPass=78848 expectedFail=0 absentWherePass=0 presentWhereFail=0 unchanged=0
[23:41:41] [Render thread/INFO] (Voxy) [me.cx.vy.ct.ce.vk.me.McNativeTerrainLoad]: [native-vk] terrain load at draw 722 geometry=21972 noGeometry=56876 expectVisible=21972 expectHidden=0 undetermined=0 visible=21972 hidden=0 ambiguous=0 other=0 visibleWhereHidden=0 hiddenWhereVisible=0 changedWhereNoGeometry=0 depth=[1.4531454E-4 0.0030659903]
[23:41:42] [Render thread/INFO] (Voxy) [me.cx.vy.ct.ce.vk.me.McNativeInstanceProbe]: [native-vk] native instance at frame 780 stage=turn factory=true instance=true engine=true live=true activeSections=0 renderer=false ingest=true cameraCaptures=780 storedNearCamera=22
[23:41:43] [Render thread/INFO] (Voxy) [me.cx.vy.ct.ce.vk.me.McNativeInstanceProbe]: [native-vk] native instance at frame 840 stage=turn factory=true instance=true engine=true live=true activeSections=0 renderer=false ingest=true cameraCaptures=840 storedNearCamera=22
[23:41:44] [Render thread/INFO] (Voxy) [me.cx.vy.ct.ce.vk.me.McNativeInstanceProbe]: [native-vk] native instance at frame 900 stage=turn factory=true instance=true engine=true live=true activeSections=0 renderer=false ingest=true cameraCaptures=900 storedNearCamera=22
[23:41:45] [Render thread/INFO] (Voxy) [me.cx.vy.ct.ce.vk.me.McNativeInstanceProbe]: [native-vk] native instance at frame 960 stage=turn factory=true instance=true engine=true live=true activeSections=0 renderer=false ingest=true cameraCaptures=960 storedNearCamera=22
[23:41:45] [Render thread/INFO] (Voxy) [me.cx.vy.ct.ce.vk.me.McNativeDepthLadder]: [native-vk] depth ladder sample requested at draw 962 stage=turn camera=[0.5 121.61999988555908 0.5 30.0 1268.3509521484375]
[23:41:45] [Render thread/INFO] (Voxy) [me.cx.vy.ct.ce.vk.VkRealMesher]: [5c-3b] meshed 8 sections around [0,0,0] r=4 (LoD 3): 721 empty, 0 not in the world yet, 0 gave up, 75 models baked on demand
[23:41:45] [Render thread/INFO] (Voxy) [me.cx.vy.ct.ce.vk.me.McNativeRealLoad]: [native-vk] real-LOAD: nothing meshed at level 3 around [0, 0, 0] (scene #2)
[23:41:45] [Render thread/INFO] (Voxy) [me.cx.vy.ct.ce.vk.me.McNativeRealLoad]: [native-vk] real load at draw 962 status=nothing-meshed
[23:41:45] [Render thread/INFO] (Voxy) [me.cx.vy.ct.ce.vk.me.McNativeDepthLadder]: [native-vk] depth ladder sample at draw 962 flipped=true counts=[anomaly=0 low=0 clear=33408 r0=0 r1=0 r2=45440 r3=0 r4=0 r5=0 r6=0 r7=0 other=0] stage=turn camera=[0.5 121.61999988555908 0.5 30.0 1268.3509521484375]
[23:41:45] [Render thread/INFO] (Voxy) [me.cx.vy.ct.ce.vk.me.McNativeDepthLadder]: [native-vk] depth ladder coexist at draw 962 present=78848 absent=0 other=0 expectedPass=78848 expectedFail=0 absentWherePass=0 presentWhereFail=0 unchanged=0
[23:41:46] [Render thread/INFO] (Voxy) [me.cx.vy.ct.ce.vk.me.McNativeInstanceProbe]: [native-vk] native instance at frame 1020 stage=turn factory=true instance=true engine=true live=true activeSections=0 renderer=false ingest=true cameraCaptures=1020 storedNearCamera=22
[23:41:47] [Render thread/INFO] (Voxy) [me.cx.vy.ct.ce.vk.me.McNativeInstanceProbe]: [native-vk] native instance at frame 1080 stage=turn factory=true instance=true engine=true live=true activeSections=0 renderer=false ingest=true cameraCaptures=1080 storedNearCamera=22
[23:41:48] [Render thread/INFO] (Voxy) [me.cx.vy.ct.ce.vk.me.McNativeInstanceProbe]: [native-vk] native instance at frame 1140 stage=turn factory=true instance=true engine=true live=true activeSections=0 renderer=false ingest=true cameraCaptures=1140 storedNearCamera=22
[23:41:49] [Render thread/INFO] (Minecraft) [STDOUT]: [voxy-harness] stage=travel
[23:41:49] [Render thread/INFO] (Voxy) [me.cx.vy.ct.ce.vk.me.McNativeHierarchicalLoad]: [native-vk] hier frames entering stage travel: composited=1194 skipped=2 builds=1 vkBuffers=67 vkBufferBytes=94847592 vkTextures=13 frame=1708x960
[23:41:49] [Server thread/INFO] (Minecraft) [Player399: Teleported Player399 to 768.500000, 120.000000, 0.500000]
[23:41:49] [Render thread/INFO] (Minecraft) [System] [CHAT] Teleported Player399 to 768.500000, 120.000000, 0.500000
[23:41:49] [Render thread/INFO] (Voxy) [me.cx.vy.ct.ce.vk.me.McNativeInstanceProbe]: [native-vk] native instance at frame 1200 stage=travel factory=true instance=true engine=true live=true activeSections=0 renderer=false ingest=true cameraCaptures=1200 storedNearCamera=0
[23:41:49] [Render thread/INFO] (Voxy) [me.cx.vy.ct.ce.vk.me.McNativeDepthLadder]: [native-vk] depth ladder sample requested at draw 1202 stage=travel camera=[768.5 121.61999988555908 0.5 30.0 0.0]
[23:41:49] [Render thread/INFO] (Voxy) [me.cx.vy.ct.ce.vk.me.McNativeHierarchicalLoad]: [native-vk] hier frames before draw 1202: composited=1198
[23:41:49] [Render thread/INFO] (Voxy) [me.cx.vy.ct.ce.vk.me.McNativeDepthLadder]: [native-vk] depth ladder sample at draw 1202 flipped=true counts=[anomaly=0 low=0 clear=78848 r0=0 r1=0 r2=0 r3=0 r4=0 r5=0 r6=0 r7=0 other=0] stage=travel camera=[768.5 121.61999988555908 0.5 30.0 0.0]
[23:41:49] [Render thread/INFO] (Voxy) [me.cx.vy.ct.ce.vk.me.McNativeDepthLadder]: [native-vk] depth ladder coexist at draw 1202 present=78848 absent=0 other=0 expectedPass=78848 expectedFail=0 absentWherePass=0 presentWhereFail=0 unchanged=0
[23:41:49] [Render thread/INFO] (Voxy) [me.cx.vy.ct.ce.vk.me.McNativeHierarchicalLoad]: [native-vk] hier load at draw 1202 status=judged geometry=0 noGeometry=78848 expectVisible=0 expectHidden=0 undetermined=0 visible=0 hidden=0 ambiguous=0 other=0 visibleWhereHidden=0 hiddenWhereVisible=0 changedWhereNoGeometry=0 depth=[NaN NaN]
[23:41:50] [Render thread/INFO] (Voxy) [me.cx.vy.ct.ce.vk.me.McNativeInstanceProbe]: [native-vk] native instance at frame 1260 stage=travel factory=true instance=true engine=true live=true activeSections=0 renderer=false ingest=true cameraCaptures=1260 storedNearCamera=7
[23:41:51] [Chunk Render Task Executor #5/WARN] (Voxy) [me.cx.vy.cn.wd.ActiveSectionTracker]: section raced to save queue, we lost
[23:41:51] [Render thread/INFO] (Voxy) [me.cx.vy.ct.ce.vk.me.McNativeInstanceProbe]: [native-vk] native instance at frame 1320 stage=travel factory=true instance=true engine=true live=true activeSections=0 renderer=false ingest=true cameraCaptures=1320 storedNearCamera=9
[23:41:52] [Render thread/INFO] (Voxy) [me.cx.vy.ct.ce.vk.me.McNativeInstanceProbe]: [native-vk] native instance at frame 1380 stage=travel factory=true instance=true engine=true live=true activeSections=5 renderer=false ingest=true cameraCaptures=1380 storedNearCamera=9
[23:41:53] [Render thread/INFO] (Voxy) [me.cx.vy.ct.ce.vk.me.McNativeInstanceProbe]: [native-vk] native instance at frame 1440 stage=travel factory=true instance=true engine=true live=true activeSections=3 renderer=false ingest=true cameraCaptures=1440 storedNearCamera=9
[23:41:53] [Render thread/INFO] (Voxy) [me.cx.vy.ct.ce.vk.me.McNativeDepthLadder]: [native-vk] depth ladder sample requested at draw 1442 stage=travel camera=[768.5 121.61999988555908 0.5 30.0 0.0]
[23:41:53] [Render thread/INFO] (Voxy) [me.cx.vy.ct.ce.vk.me.McNativeDepthLadder]: [native-vk] depth ladder sample at draw 1442 flipped=true counts=[anomaly=0 low=0 clear=78848 r0=0 r1=0 r2=0 r3=0 r4=0 r5=0 r6=0 r7=0 other=0] stage=travel camera=[768.5 121.61999988555908 0.5 30.0 0.0]
[23:41:53] [Render thread/INFO] (Voxy) [me.cx.vy.ct.ce.vk.me.McNativeDepthLadder]: [native-vk] depth ladder coexist at draw 1442 present=78848 absent=0 other=0 expectedPass=78848 expectedFail=0 absentWherePass=0 presentWhereFail=0 unchanged=0
[23:41:53] [Render thread/INFO] (Voxy) [me.cx.vy.ct.ce.vk.me.McNativeTerrainLoad]: [native-vk] terrain load at draw 1442 geometry=21972 noGeometry=56876 expectVisible=21972 expectHidden=0 undetermined=0 visible=21972 hidden=0 ambiguous=0 other=0 visibleWhereHidden=0 hiddenWhereVisible=0 changedWhereNoGeometry=0 depth=[1.4531454E-4 0.0030659903]
[23:41:54] [Render thread/INFO] (Voxy) [me.cx.vy.ct.ce.vk.me.McNativeInstanceProbe]: [native-vk] native instance at frame 1500 stage=travel factory=true instance=true engine=true live=true activeSections=0 renderer=false ingest=true cameraCaptures=1500 storedNearCamera=9
[23:41:55] [Render thread/INFO] (Voxy) [me.cx.vy.ct.ce.vk.me.McNativeInstanceProbe]: [native-vk] native instance at frame 1560 stage=travel factory=true instance=true engine=true live=true activeSections=0 renderer=false ingest=true cameraCaptures=1560 storedNearCamera=9
[23:41:56] [Render thread/INFO] (Voxy) [me.cx.vy.ct.ce.vk.me.McNativeInstanceProbe]: [native-vk] native instance at frame 1620 stage=travel factory=true instance=true engine=true live=true activeSections=0 renderer=false ingest=true cameraCaptures=1620 storedNearCamera=9
[23:41:57] [Render thread/INFO] (Voxy) [me.cx.vy.ct.ce.vk.me.McNativeInstanceProbe]: [native-vk] native instance at frame 1680 stage=travel factory=true instance=true engine=true live=true activeSections=0 renderer=false ingest=true cameraCaptures=1680 storedNearCamera=9
[23:41:57] [Render thread/INFO] (Voxy) [me.cx.vy.ct.ce.vk.me.McNativeDepthLadder]: [native-vk] depth ladder sample requested at draw 1682 stage=travel camera=[768.5 121.61999988555908 0.5 30.0 0.0]
[23:41:57] [Render thread/INFO] (Voxy) [me.cx.vy.ct.ce.vk.VkRealMesher]: [5c-3b] meshed 16 sections around [3,0,0] r=4 (LoD 3): 8 empty, 705 not in the world yet, 0 gave up, 89 models baked on demand
[23:41:57] [Render thread/INFO] (Voxy) [me.cx.vy.ct.ce.vk.VkRealModelBakery]: [5c-3b] replayed 14 biomes already registered by the world
[23:41:57] [Render thread/INFO] (Voxy) [me.cx.vy.ct.ce.vk.sr.VkShader$Builder]: VkShader 'vk-terrain-per_section': 8 bindings, push=0B, stages=[VERTEX, FRAGMENT]
[23:41:57] [Render thread/INFO] (Voxy) [me.cx.vy.ct.ce.vk.me.McNativeRealScene]: [native-vk] real-LOAD scene #3: 8 sections, 3196 quads, 49 draws at level 3 around [3, 0, 0] r=4 excludedNear=8 cut=128
[23:41:58] [Render thread/INFO] (Voxy) [me.cx.vy.ct.ce.vk.me.McNativeDepthLadder]: [native-vk] depth ladder sample at draw 1682 flipped=true counts=[anomaly=0 low=0 clear=78848 r0=0 r1=0 r2=0 r3=0 r4=0 r5=0 r6=0 r7=0 other=0] stage=travel camera=[768.5 121.61999988555908 0.5 30.0 0.0]
[23:41:58] [Render thread/INFO] (Voxy) [me.cx.vy.ct.ce.vk.me.McNativeDepthLadder]: [native-vk] depth ladder coexist at draw 1682 present=78848 absent=0 other=0 expectedPass=78848 expectedFail=0 absentWherePass=0 presentWhereFail=0 unchanged=0
[23:41:58] [Render thread/INFO] (Voxy) [me.cx.vy.ct.ce.vk.me.McNativeRealLoad]: [native-vk] real load at draw 1682 status=judged geometry=0 noGeometry=78848 expectVisible=0 expectHidden=0 undetermined=0 visible=0 hidden=0 ambiguous=0 other=0 visibleWhereHidden=0 hiddenWhereVisible=0 changedWhereNoGeometry=0 depth=[NaN NaN]
[23:41:59] [Render thread/INFO] (Voxy) [me.cx.vy.ct.ce.vk.me.McNativeInstanceProbe]: [native-vk] native instance at frame 1740 stage=travel factory=true instance=true engine=true live=true activeSections=0 renderer=false ingest=true cameraCaptures=1740 storedNearCamera=9
[23:41:59] [Server thread/INFO] (Minecraft) [Player399: Teleported Player399 to 2560.500000, 120.000000, 0.500000]
[23:41:59] [Render thread/INFO] (Minecraft) [System] [CHAT] Teleported Player399 to 2560.500000, 120.000000, 0.500000
[23:42:00] [Render thread/INFO] (Voxy) [me.cx.vy.ct.ce.vk.me.McNativeInstanceProbe]: [native-vk] native instance at frame 1800 stage=travel factory=true instance=true engine=true live=true activeSections=0 renderer=false ingest=true cameraCaptures=1800 storedNearCamera=0
[23:42:01] [Render thread/INFO] (Voxy) [me.cx.vy.ct.ce.vk.me.McNativeInstanceProbe]: [native-vk] native instance at frame 1860 stage=travel factory=true instance=true engine=true live=true activeSections=0 renderer=false ingest=true cameraCaptures=1860 storedNearCamera=26
[23:42:02] [Render thread/INFO] (Voxy) [me.cx.vy.ct.ce.vk.me.McNativeInstanceProbe]: [native-vk] native instance at frame 1920 stage=travel factory=true instance=true engine=true live=true activeSections=0 renderer=false ingest=true cameraCaptures=1920 storedNearCamera=26
[23:42:02] [Render thread/INFO] (Voxy) [me.cx.vy.ct.ce.vk.me.McNativeDepthLadder]: [native-vk] depth ladder sample requested at draw 1922 stage=travel camera=[2560.5 121.61999988555908 0.5 30.0 0.0]
[23:42:02] [Render thread/INFO] (Voxy) [me.cx.vy.ct.ce.vk.me.McNativeHierarchicalLoad]: [native-vk] hier frames before draw 1922: composited=1917
[23:42:02] [Render thread/INFO] (Voxy) [me.cx.vy.ct.ce.vk.me.McNativeDepthLadder]: [native-vk] depth ladder sample at draw 1922 flipped=true counts=[anomaly=0 low=0 clear=0 r0=0 r1=0 r2=0 r3=78848 r4=0 r5=0 r6=0 r7=0 other=0] stage=travel camera=[2560.5 121.61999988555908 0.5 30.0 0.0]
[23:42:02] [Render thread/INFO] (Voxy) [me.cx.vy.ct.ce.vk.me.McNativeDepthLadder]: [native-vk] depth ladder coexist at draw 1922 present=78848 absent=0 other=0 expectedPass=78848 expectedFail=0 absentWherePass=0 presentWhereFail=0 unchanged=0
[23:42:02] [Render thread/INFO] (Voxy) [me.cx.vy.ct.ce.vk.me.McNativeHierarchicalLoad]: [native-vk] hier load at draw 1922 status=judged geometry=1973 noGeometry=76875 expectVisible=0 expectHidden=1973 undetermined=0 visible=0 hidden=1973 ambiguous=0 other=0 visibleWhereHidden=0 hiddenWhereVisible=0 changedWhereNoGeometry=0 depth=[5.7615084E-4 6.4857333E-4]
[23:42:03] [Render thread/INFO] (Voxy) [me.cx.vy.ct.ce.vk.me.McNativeInstanceProbe]: [native-vk] native instance at frame 1980 stage=travel factory=true instance=true engine=true live=true activeSections=46 renderer=false ingest=true cameraCaptures=1980 storedNearCamera=26
[23:42:04] [Render thread/INFO] (Voxy) [me.cx.vy.ct.ce.vk.me.McNativeInstanceProbe]: [native-vk] native instance at frame 2040 stage=travel factory=true instance=true engine=true live=true activeSections=40 renderer=false ingest=true cameraCaptures=2040 storedNearCamera=26
[23:42:05] [Render thread/INFO] (Voxy) [me.cx.vy.ct.ce.vk.me.McNativeInstanceProbe]: [native-vk] native instance at frame 2100 stage=travel factory=true instance=true engine=true live=true activeSections=0 renderer=false ingest=true cameraCaptures=2100 storedNearCamera=26
[23:42:05] [Chunk Render Task Executor #7/INFO] (Voxy) [me.cx.vy.cn.wd.ActiveSectionTracker]: section raced to into save queue, we lost
[23:42:06] [Render thread/INFO] (Voxy) [me.cx.vy.ct.ce.vk.me.McNativeInstanceProbe]: [native-vk] native instance at frame 2160 stage=travel factory=true instance=true engine=true live=true activeSections=0 renderer=false ingest=true cameraCaptures=2160 storedNearCamera=26
[23:42:06] [Render thread/INFO] (Voxy) [me.cx.vy.ct.ce.vk.me.McNativeDepthLadder]: [native-vk] depth ladder sample requested at draw 2162 stage=travel camera=[2560.5 121.61999988555908 0.5 30.0 0.0]
[23:42:06] [Render thread/INFO] (Voxy) [me.cx.vy.ct.ce.vk.me.McNativeDepthLadder]: [native-vk] depth ladder sample at draw 2162 flipped=true counts=[anomaly=0 low=0 clear=0 r0=0 r1=0 r2=0 r3=78848 r4=0 r5=0 r6=0 r7=0 other=0] stage=travel camera=[2560.5 121.61999988555908 0.5 30.0 0.0]
[23:42:06] [Render thread/INFO] (Voxy) [me.cx.vy.ct.ce.vk.me.McNativeDepthLadder]: [native-vk] depth ladder coexist at draw 2162 present=78848 absent=0 other=0 expectedPass=78848 expectedFail=0 absentWherePass=0 presentWhereFail=0 unchanged=0
[23:42:06] [Render thread/INFO] (Voxy) [me.cx.vy.ct.ce.vk.me.McNativeTerrainLoad]: [native-vk] terrain load at draw 2162 geometry=21972 noGeometry=56876 expectVisible=0 expectHidden=1218 undetermined=20754 visible=14659 hidden=7313 ambiguous=0 other=0 visibleWhereHidden=0 hiddenWhereVisible=0 changedWhereNoGeometry=0 depth=[1.4531454E-4 0.0030659903]
[23:42:07] [Render thread/INFO] (Voxy) [me.cx.vy.ct.ce.vk.me.McNativeInstanceProbe]: [native-vk] native instance at frame 2220 stage=travel factory=true instance=true engine=true live=true activeSections=0 renderer=false ingest=true cameraCaptures=2220 storedNearCamera=26
[23:42:08] [Render thread/INFO] (Voxy) [me.cx.vy.ct.ce.vk.me.McNativeInstanceProbe]: [native-vk] native instance at frame 2280 stage=travel factory=true instance=true engine=true live=true activeSections=0 renderer=false ingest=true cameraCaptures=2280 storedNearCamera=26
[23:42:09] [Render thread/INFO] (Voxy) [me.cx.vy.ct.ce.vk.me.McNativeInstanceProbe]: [native-vk] native instance at frame 2340 stage=travel factory=true instance=true engine=true live=true activeSections=0 renderer=false ingest=true cameraCaptures=2340 storedNearCamera=26
[23:42:09] [Render thread/INFO] (Minecraft) [STDOUT]: [voxy-harness] stage=return
[23:42:09] [Server thread/INFO] (Minecraft) [Player399: Teleported Player399 to 0.500000, 120.000000, 0.500000]
[23:42:09] [Render thread/INFO] (Voxy) [me.cx.vy.ct.ce.vk.me.McNativeHierarchicalLoad]: [native-vk] hier frames entering stage return: composited=2366 skipped=2 builds=1 vkBuffers=94 vkBufferBytes=129538676 vkTextures=18 frame=1708x960
[23:42:09] [Render thread/INFO] (Minecraft) [System] [CHAT] Teleported Player399 to 0.500000, 120.000000, 0.500000
[23:42:10] [Render thread/INFO] (Voxy) [me.cx.vy.ct.ce.vk.me.McNativeInstanceProbe]: [native-vk] native instance at frame 2400 stage=return factory=true instance=true engine=true live=true activeSections=5 renderer=false ingest=true cameraCaptures=2400 storedNearCamera=22
[23:42:10] [Render thread/INFO] (Voxy) [me.cx.vy.ct.ce.vk.me.McNativeDepthLadder]: [native-vk] depth ladder sample requested at draw 2402 stage=return camera=[0.5 121.61999988555908 0.5 30.0 0.0]
[23:42:10] [Render thread/INFO] (Voxy) [me.cx.vy.ct.ce.vk.VkRealMesher]: [5c-3b] meshed 16 sections around [0,0,0] r=4 (LoD 3): 8 empty, 705 not in the world yet, 0 gave up, 89 models baked on demand
[23:42:10] [Render thread/INFO] (Voxy) [me.cx.vy.ct.ce.vk.VkRealModelBakery]: [5c-3b] replayed 20 biomes already registered by the world
[23:42:10] [Render thread/INFO] (Voxy) [me.cx.vy.ct.ce.vk.sr.VkShader$Builder]: VkShader 'vk-terrain-per_section': 8 bindings, push=0B, stages=[VERTEX, FRAGMENT]
[23:42:10] [Render thread/INFO] (Voxy) [me.cx.vy.ct.ce.vk.me.McNativeRealScene]: [native-vk] real-LOAD scene #4: 8 sections, 1994 quads, 48 draws at level 3 around [0, 0, 0] r=4 excludedNear=8 cut=128
[23:42:10] [Render thread/INFO] (Voxy) [me.cx.vy.ct.ce.vk.me.McNativeDepthLadder]: [native-vk] depth ladder sample at draw 2402 flipped=true counts=[anomaly=0 low=0 clear=62983 r0=0 r1=0 r2=15865 r3=0 r4=0 r5=0 r6=0 r7=0 other=0] stage=return camera=[0.5 121.61999988555908 0.5 30.0 0.0]
[23:42:10] [Render thread/INFO] (Voxy) [me.cx.vy.ct.ce.vk.me.McNativeDepthLadder]: [native-vk] depth ladder coexist at draw 2402 present=78848 absent=0 other=0 expectedPass=78848 expectedFail=0 absentWherePass=0 presentWhereFail=0 unchanged=0
[23:42:10] [Render thread/INFO] (Voxy) [me.cx.vy.ct.ce.vk.me.McNativeRealLoad]: [native-vk] real load at draw 2402 status=judged geometry=0 noGeometry=78848 expectVisible=0 expectHidden=0 undetermined=0 visible=0 hidden=0 ambiguous=0 other=0 visibleWhereHidden=0 hiddenWhereVisible=0 changedWhereNoGeometry=0 depth=[NaN NaN]
[23:42:11] [Render thread/INFO] (Voxy) [me.cx.vy.ct.ce.vk.me.McNativeInstanceProbe]: [native-vk] native instance at frame 2460 stage=return factory=true instance=true engine=true live=true activeSections=0 renderer=false ingest=true cameraCaptures=2460 storedNearCamera=22
[23:42:12] [Render thread/INFO] (Voxy) [me.cx.vy.ct.ce.vk.me.McNativeInstanceProbe]: [native-vk] native instance at frame 2520 stage=return factory=true instance=true engine=true live=true activeSections=0 renderer=false ingest=true cameraCaptures=2520 storedNearCamera=22
[23:42:13] [Render thread/INFO] (Voxy) [me.cx.vy.ct.ce.vk.me.McNativeInstanceProbe]: [native-vk] native instance at frame 2580 stage=return factory=true instance=true engine=true live=true activeSections=0 renderer=false ingest=true cameraCaptures=2580 storedNearCamera=22
[23:42:14] [Render thread/INFO] (Voxy) [me.cx.vy.ct.ce.vk.me.McNativeInstanceProbe]: [native-vk] native instance at frame 2640 stage=return factory=true instance=true engine=true live=true activeSections=0 renderer=false ingest=true cameraCaptures=2640 storedNearCamera=22
[23:42:14] [Render thread/INFO] (Voxy) [me.cx.vy.ct.ce.vk.me.McNativeDepthLadder]: [native-vk] depth ladder sample requested at draw 2642 stage=return camera=[0.5 121.61999988555908 0.5 30.0 0.0]
[23:42:14] [Render thread/INFO] (Voxy) [me.cx.vy.ct.ce.vk.me.McNativeHierarchicalLoad]: [native-vk] hier frames before draw 2642: composited=2636
[23:42:14] [Render thread/INFO] (Voxy) [me.cx.vy.ct.ce.vk.me.McNativeDepthLadder]: [native-vk] depth ladder sample at draw 2642 flipped=true counts=[anomaly=0 low=0 clear=11485 r0=0 r1=0 r2=67363 r3=0 r4=0 r5=0 r6=0 r7=0 other=0] stage=return camera=[0.5 121.61999988555908 0.5 30.0 0.0]
[23:42:14] [Render thread/INFO] (Voxy) [me.cx.vy.ct.ce.vk.me.McNativeDepthLadder]: [native-vk] depth ladder coexist at draw 2642 present=78848 absent=0 other=0 expectedPass=78848 expectedFail=0 absentWherePass=0 presentWhereFail=0 unchanged=0
[23:42:14] [Render thread/INFO] (Voxy) [me.cx.vy.ct.ce.vk.me.McNativeHierarchicalLoad]: [native-vk] hier load at draw 2642 status=judged geometry=16249 noGeometry=62599 expectVisible=2357 expectHidden=13892 undetermined=0 visible=2357 hidden=13892 ambiguous=0 other=0 visibleWhereHidden=0 hiddenWhereVisible=0 changedWhereNoGeometry=0 depth=[3.075169E-4 4.2804275E-4]
[23:42:15] [Render thread/INFO] (Voxy) [me.cx.vy.ct.ce.vk.me.McNativeInstanceProbe]: [native-vk] native instance at frame 2700 stage=return factory=true instance=true engine=true live=true activeSections=0 renderer=false ingest=true cameraCaptures=2700 storedNearCamera=22
[23:42:16] [Render thread/INFO] (Voxy) [me.cx.vy.ct.ce.vk.me.McNativeInstanceProbe]: [native-vk] native instance at frame 2760 stage=return factory=true instance=true engine=true live=true activeSections=0 renderer=false ingest=true cameraCaptures=2760 storedNearCamera=22
[23:42:17] [Render thread/INFO] (Voxy) [me.cx.vy.ct.ce.vk.me.McNativeInstanceProbe]: [native-vk] native instance at frame 2820 stage=return factory=true instance=true engine=true live=true activeSections=0 renderer=false ingest=true cameraCaptures=2820 storedNearCamera=22
[23:42:18] [Render thread/INFO] (Voxy) [me.cx.vy.ct.ce.vk.me.McNativeInstanceProbe]: [native-vk] native instance at frame 2880 stage=return factory=true instance=true engine=true live=true activeSections=0 renderer=false ingest=true cameraCaptures=2880 storedNearCamera=22
[23:42:18] [Render thread/INFO] (Voxy) [me.cx.vy.ct.ce.vk.me.McNativeDepthLadder]: [native-vk] depth ladder sample requested at draw 2882 stage=return camera=[0.5 121.61999988555908 0.5 30.0 0.0]
[23:42:18] [Render thread/INFO] (Voxy) [me.cx.vy.ct.ce.vk.me.McNativeDepthLadder]: [native-vk] depth ladder sample at draw 2882 flipped=true counts=[anomaly=0 low=0 clear=11485 r0=0 r1=0 r2=67363 r3=0 r4=0 r5=0 r6=0 r7=0 other=0] stage=return camera=[0.5 121.61999988555908 0.5 30.0 0.0]
[23:42:18] [Render thread/INFO] (Voxy) [me.cx.vy.ct.ce.vk.me.McNativeDepthLadder]: [native-vk] depth ladder coexist at draw 2882 present=78848 absent=0 other=0 expectedPass=78848 expectedFail=0 absentWherePass=0 presentWhereFail=0 unchanged=0
[23:42:18] [Render thread/INFO] (Voxy) [me.cx.vy.ct.ce.vk.me.McNativeTerrainLoad]: [native-vk] terrain load at draw 2882 geometry=21972 noGeometry=56876 expectVisible=20754 expectHidden=58 undetermined=1160 visible=21682 hidden=290 ambiguous=0 other=0 visibleWhereHidden=0 hiddenWhereVisible=0 changedWhereNoGeometry=0 depth=[1.4531454E-4 0.0030659903]
[23:42:19] [Render thread/INFO] (Voxy) [me.cx.vy.ct.ce.vk.me.McNativeInstanceProbe]: [native-vk] native instance at frame 2940 stage=return factory=true instance=true engine=true live=true activeSections=0 renderer=false ingest=true cameraCaptures=2940 storedNearCamera=22
[23:42:19] [Render thread/INFO] (Minecraft) [STDOUT]: [voxy-harness] stage=horizon
[23:42:19] [Render thread/INFO] (Voxy) [me.cx.vy.ct.ce.vk.me.McNativeHierarchicalLoad]: [native-vk] hier frames entering stage horizon: composited=2946 skipped=2 builds=1 vkBuffers=94 vkBufferBytes=129538676 vkTextures=18 frame=1708x960
[23:42:19] [Server thread/INFO] (Minecraft) [Player399: Successfully filled 208 block(s)]
[23:42:19] [Server thread/INFO] (Minecraft) [Player399: Teleported Player399 to 0.500000, 160.000000, 0.500000]
[23:42:19] [Render thread/INFO] (Minecraft) [System] [CHAT] Successfully filled 208 block(s)
[23:42:19] [Render thread/INFO] (Minecraft) [System] [CHAT] Teleported Player399 to 0.500000, 160.000000, 0.500000
[23:42:20] [Render thread/INFO] (Voxy) [me.cx.vy.ct.ce.vk.me.McNativeInstanceProbe]: [native-vk] native instance at frame 3000 stage=horizon factory=true instance=true engine=true live=true activeSections=0 renderer=false ingest=true cameraCaptures=3000 storedNearCamera=4
[23:42:21] [Render thread/INFO] (Voxy) [me.cx.vy.ct.ce.vk.me.McNativeInstanceProbe]: [native-vk] native instance at frame 3060 stage=horizon factory=true instance=true engine=true live=true activeSections=0 renderer=false ingest=true cameraCaptures=3060 storedNearCamera=4
[23:42:23] [Render thread/INFO] (Voxy) [me.cx.vy.ct.ce.vk.me.McNativeInstanceProbe]: [native-vk] native instance at frame 3120 stage=horizon factory=true instance=true engine=true live=true activeSections=0 renderer=false ingest=true cameraCaptures=3120 storedNearCamera=4
[23:42:23] [Render thread/INFO] (Voxy) [me.cx.vy.ct.ce.vk.me.McNativeDepthLadder]: [native-vk] depth ladder sample requested at draw 3122 stage=horizon camera=[0.5 161.61999988555908 0.5 18.0 -90.0]
[23:42:23] [Render thread/INFO] (Voxy) [me.cx.vy.ct.ce.vk.me.McNativeDepthLadder]: [native-vk] depth ladder sample at draw 3122 flipped=true counts=[anomaly=0 low=0 clear=47239 r0=0 r1=0 r2=0 r3=31609 r4=0 r5=0 r6=0 r7=0 other=0] stage=horizon camera=[0.5 161.61999988555908 0.5 18.0 -90.0]
[23:42:23] [Render thread/INFO] (Voxy) [me.cx.vy.ct.ce.vk.me.McNativeDepthLadder]: [native-vk] depth ladder coexist at draw 3122 present=78848 absent=0 other=0 expectedPass=78848 expectedFail=0 absentWherePass=0 presentWhereFail=0 unchanged=0
[23:42:23] [Render thread/INFO] (Voxy) [me.cx.vy.ct.ce.vk.me.McNativeRealLoad]: [native-vk] real load at draw 3122 status=judged geometry=5309 noGeometry=73539 expectVisible=2003 expectHidden=3306 undetermined=0 visible=2003 hidden=3306 ambiguous=0 other=0 visibleWhereHidden=0 hiddenWhereVisible=0 changedWhereNoGeometry=0 depth=[3.3360342E-5 4.9877224E-5]
[23:42:25] [Render thread/INFO] (Voxy) [me.cx.vy.ct.ce.vk.me.McNativeInstanceProbe]: [native-vk] native instance at frame 3180 stage=horizon factory=true instance=true engine=true live=true activeSections=0 renderer=false ingest=true cameraCaptures=3180 storedNearCamera=4
[23:42:27] [Render thread/INFO] (Voxy) [me.cx.vy.ct.ce.vk.me.McNativeInstanceProbe]: [native-vk] native instance at frame 3240 stage=horizon factory=true instance=true engine=true live=true activeSections=0 renderer=false ingest=true cameraCaptures=3240 storedNearCamera=4
[23:42:29] [Render thread/INFO] (Voxy) [me.cx.vy.ct.ce.vk.me.McNativeInstanceProbe]: [native-vk] native instance at frame 3300 stage=horizon factory=true instance=true engine=true live=true activeSections=0 renderer=false ingest=true cameraCaptures=3300 storedNearCamera=4
[23:42:31] [Render thread/INFO] (Voxy) [me.cx.vy.ct.ce.vk.me.McNativeInstanceProbe]: [native-vk] native instance at frame 3360 stage=horizon factory=true instance=true engine=true live=true activeSections=0 renderer=false ingest=true cameraCaptures=3360 storedNearCamera=4
[23:42:31] [Render thread/INFO] (Voxy) [me.cx.vy.ct.ce.vk.me.McNativeDepthLadder]: [native-vk] depth ladder sample requested at draw 3362 stage=horizon camera=[0.5 161.61999988555908 0.5 18.0 -90.0]
[23:42:31] [Render thread/INFO] (Voxy) [me.cx.vy.ct.ce.vk.me.McNativeHierarchicalLoad]: [native-vk] hier frames before draw 3362: composited=3355
[23:42:31] [Render thread/INFO] (Voxy) [me.cx.vy.ct.ce.vk.me.McNativeDepthLadder]: [native-vk] depth ladder sample at draw 3362 flipped=true counts=[anomaly=0 low=0 clear=47239 r0=0 r1=0 r2=0 r3=31609 r4=0 r5=0 r6=0 r7=0 other=0] stage=horizon camera=[0.5 161.61999988555908 0.5 18.0 -90.0]
[23:42:31] [Render thread/INFO] (Voxy) [me.cx.vy.ct.ce.vk.me.McNativeDepthLadder]: [native-vk] depth ladder coexist at draw 3362 present=78848 absent=0 other=0 expectedPass=78848 expectedFail=0 absentWherePass=0 presentWhereFail=0 unchanged=0
[23:42:31] [Render thread/INFO] (Voxy) [me.cx.vy.ct.ce.vk.me.McNativeHierarchicalLoad]: [native-vk] hier load at draw 3362 status=judged geometry=9062 noGeometry=69786 expectVisible=3189 expectHidden=5873 undetermined=0 visible=3189 hidden=5873 ambiguous=0 other=0 visibleWhereHidden=0 hiddenWhereVisible=0 changedWhereNoGeometry=0 depth=[1.192093E-7 5.3890402E-5]
[23:42:31] [Render thread/INFO] (Minecraft) [STDOUT]: [voxy-harness] stage=far
[23:42:31] [Server thread/INFO] (Minecraft) [Player399: Teleported Player399 to 0.500000, 185.000000, 0.500000]
[23:42:31] [Render thread/INFO] (Voxy) [me.cx.vy.ct.ce.vk.me.McNativeHierarchicalLoad]: [native-vk] hier frames entering stage far: composited=3357 skipped=2 builds=1 vkBuffers=94 vkBufferBytes=129538676 vkTextures=18 frame=1708x960
[23:42:31] [Render thread/INFO] (Minecraft) [System] [CHAT] Teleported Player399 to 0.500000, 185.000000, 0.500000
[23:42:33] [Render thread/INFO] (Voxy) [me.cx.vy.ct.ce.vk.me.McNativeInstanceProbe]: [native-vk] native instance at frame 3420 stage=far factory=true instance=true engine=true live=true activeSections=0 renderer=false ingest=true cameraCaptures=3420 storedNearCamera=4
[23:42:35] [Render thread/INFO] (Voxy) [me.cx.vy.ct.ce.vk.me.McNativeInstanceProbe]: [native-vk] native instance at frame 3480 stage=far factory=true instance=true engine=true live=true activeSections=0 renderer=false ingest=true cameraCaptures=3480 storedNearCamera=4
[23:42:37] [Render thread/INFO] (Voxy) [me.cx.vy.ct.ce.vk.me.McNativeInstanceProbe]: [native-vk] native instance at frame 3540 stage=far factory=true instance=true engine=true live=true activeSections=0 renderer=false ingest=true cameraCaptures=3540 storedNearCamera=4
[23:42:39] [Render thread/INFO] (Voxy) [me.cx.vy.ct.ce.vk.me.McNativeInstanceProbe]: [native-vk] native instance at frame 3600 stage=far factory=true instance=true engine=true live=true activeSections=0 renderer=false ingest=true cameraCaptures=3600 storedNearCamera=4
[23:42:39] [Render thread/INFO] (Voxy) [me.cx.vy.ct.ce.vk.me.McNativeDepthLadder]: [native-vk] depth ladder sample requested at draw 3602 stage=far camera=[0.5 186.61999988555908 0.5 16.0 -90.0]
[23:42:39] [Render thread/INFO] (Voxy) [me.cx.vy.ct.ce.vk.me.McNativeHierarchicalLoad]: [native-vk] hier frames before draw 3602: composited=3594
[23:42:39] [Render thread/INFO] (Voxy) [me.cx.vy.ct.ce.vk.me.McNativeDepthLadder]: [native-vk] depth ladder sample at draw 3602 flipped=true counts=[anomaly=0 low=0 clear=78848 r0=0 r1=0 r2=0 r3=0 r4=0 r5=0 r6=0 r7=0 other=0] stage=far camera=[0.5 186.61999988555908 0.5 16.0 -90.0]
[23:42:39] [Render thread/INFO] (Voxy) [me.cx.vy.ct.ce.vk.me.McNativeDepthLadder]: [native-vk] depth ladder coexist at draw 3602 present=78848 absent=0 other=0 expectedPass=78848 expectedFail=0 absentWherePass=0 presentWhereFail=0 unchanged=0
[23:42:39] [Render thread/INFO] (Voxy) [me.cx.vy.ct.ce.vk.me.McNativeHierarchicalLoad]: [native-vk] hier load at draw 3602 status=judged geometry=3321 noGeometry=75527 expectVisible=3321 expectHidden=0 undetermined=0 visible=3321 hidden=0 ambiguous=0 other=0 visibleWhereHidden=0 hiddenWhereVisible=0 changedWhereNoGeometry=0 depth=[1.192093E-7 1.192093E-7]
[23:42:41] [Render thread/INFO] (Voxy) [me.cx.vy.ct.ce.vk.me.McNativeInstanceProbe]: [native-vk] native instance at frame 3660 stage=far factory=true instance=true engine=true live=true activeSections=0 renderer=false ingest=true cameraCaptures=3660 storedNearCamera=4
[23:42:41] [Render thread/INFO] (Minecraft) [STDOUT]: [voxy-harness] stage=edit
[23:42:41] [Render thread/INFO] (Voxy) [me.cx.vy.ct.ce.vk.me.McNativeHierarchicalLoad]: [native-vk] hier frames entering stage edit: composited=3654 skipped=2 builds=1 vkBuffers=94 vkBufferBytes=129538676 vkTextures=18 frame=1708x960
[23:42:41] [Server thread/INFO] (Minecraft) [Player399: Successfully filled 208 block(s)]
[23:42:41] [Server thread/INFO] (Minecraft) [Player399: Teleported Player399 to 0.500000, 120.000000, 0.500000]
[23:42:41] [Server thread/INFO] (Minecraft) [Player399: Successfully filled 1377 block(s)]
[23:42:41] [Render thread/INFO] (Minecraft) [System] [CHAT] Successfully filled 208 block(s)
[23:42:41] [Render thread/INFO] (Minecraft) [System] [CHAT] Teleported Player399 to 0.500000, 120.000000, 0.500000
[23:42:41] [Render thread/INFO] (Minecraft) [System] [CHAT] Successfully filled 1377 block(s)
[23:42:43] [Render thread/INFO] (Voxy) [me.cx.vy.ct.ce.vk.me.McNativeInstanceProbe]: [native-vk] native instance at frame 3720 stage=edit factory=true instance=true engine=true live=true activeSections=0 renderer=false ingest=true cameraCaptures=3720 storedNearCamera=22
[23:42:45] [Render thread/INFO] (Voxy) [me.cx.vy.ct.ce.vk.me.McNativeInstanceProbe]: [native-vk] native instance at frame 3780 stage=edit factory=true instance=true engine=true live=true activeSections=0 renderer=false ingest=true cameraCaptures=3780 storedNearCamera=22
[23:42:47] [Render thread/INFO] (Voxy) [me.cx.vy.ct.ce.vk.me.McNativeInstanceProbe]: [native-vk] native instance at frame 3840 stage=edit factory=true instance=true engine=true live=true activeSections=0 renderer=false ingest=true cameraCaptures=3840 storedNearCamera=22
[23:42:47] [Render thread/INFO] (Voxy) [me.cx.vy.ct.ce.vk.me.McNativeDepthLadder]: [native-vk] depth ladder sample requested at draw 3842 stage=edit camera=[0.5 121.61999988555908 0.5 30.0 0.0]
[23:42:47] [Render thread/INFO] (Voxy) [me.cx.vy.ct.ce.vk.me.McNativeDepthLadder]: [native-vk] depth ladder sample at draw 3842 flipped=true counts=[anomaly=0 low=0 clear=11485 r0=0 r1=0 r2=67363 r3=0 r4=0 r5=0 r6=0 r7=0 other=0] stage=edit camera=[0.5 121.61999988555908 0.5 30.0 0.0]
[23:42:47] [Render thread/INFO] (Voxy) [me.cx.vy.ct.ce.vk.me.McNativeDepthLadder]: [native-vk] depth ladder coexist at draw 3842 present=78848 absent=0 other=0 expectedPass=78848 expectedFail=0 absentWherePass=0 presentWhereFail=0 unchanged=0
[23:42:47] [Render thread/INFO] (Voxy) [me.cx.vy.ct.ce.vk.me.McNativeRealLoad]: [native-vk] real load at draw 3842 status=judged geometry=0 noGeometry=78848 expectVisible=0 expectHidden=0 undetermined=0 visible=0 hidden=0 ambiguous=0 other=0 visibleWhereHidden=0 hiddenWhereVisible=0 changedWhereNoGeometry=0 depth=[NaN NaN]
[23:42:49] [Render thread/INFO] (Voxy) [me.cx.vy.ct.ce.vk.me.McNativeInstanceProbe]: [native-vk] native instance at frame 3900 stage=edit factory=true instance=true engine=true live=true activeSections=0 renderer=false ingest=true cameraCaptures=3900 storedNearCamera=22
[23:42:51] [Render thread/INFO] (Voxy) [me.cx.vy.ct.ce.vk.me.McNativeInstanceProbe]: [native-vk] native instance at frame 3960 stage=edit factory=true instance=true engine=true live=true activeSections=0 renderer=false ingest=true cameraCaptures=3960 storedNearCamera=22
[23:42:51] [Render thread/INFO] (Minecraft) [STDOUT]: [voxy-harness] stage=remove
[23:42:51] [Render thread/INFO] (Voxy) [me.cx.vy.ct.ce.vk.me.McNativeHierarchicalLoad]: [native-vk] hier frames entering stage remove: composited=3952 skipped=2 builds=1 vkBuffers=94 vkBufferBytes=129538676 vkTextures=18 frame=1708x960
[23:42:51] [Server thread/INFO] (Minecraft) [Player399: Successfully filled 1377 block(s)]
[23:42:51] [Render thread/INFO] (Minecraft) [System] [CHAT] Successfully filled 1377 block(s)
[23:42:53] [Render thread/INFO] (Voxy) [me.cx.vy.ct.ce.vk.me.McNativeInstanceProbe]: [native-vk] native instance at frame 4020 stage=remove factory=true instance=true engine=true live=true activeSections=0 renderer=false ingest=true cameraCaptures=4020 storedNearCamera=22
[23:42:55] [Render thread/INFO] (Voxy) [me.cx.vy.ct.ce.vk.me.McNativeInstanceProbe]: [native-vk] native instance at frame 4080 stage=remove factory=true instance=true engine=true live=true activeSections=0 renderer=false ingest=true cameraCaptures=4080 storedNearCamera=22
[23:42:55] [Render thread/INFO] (Voxy) [me.cx.vy.ct.ce.vk.me.McNativeDepthLadder]: [native-vk] depth ladder sample requested at draw 4082 stage=remove camera=[0.5 121.61999988555908 0.5 30.0 0.0]
[23:42:55] [Render thread/INFO] (Voxy) [me.cx.vy.ct.ce.vk.me.McNativeHierarchicalLoad]: [native-vk] hier frames before draw 4082: composited=4073
[23:42:55] [Render thread/INFO] (Voxy) [me.cx.vy.ct.ce.vk.me.McNativeDepthLadder]: [native-vk] depth ladder sample at draw 4082 flipped=true counts=[anomaly=0 low=0 clear=11485 r0=0 r1=0 r2=67363 r3=0 r4=0 r5=0 r6=0 r7=0 other=0] stage=remove camera=[0.5 121.61999988555908 0.5 30.0 0.0]
[23:42:55] [Render thread/INFO] (Voxy) [me.cx.vy.ct.ce.vk.me.McNativeDepthLadder]: [native-vk] depth ladder coexist at draw 4082 present=78848 absent=0 other=0 expectedPass=78848 expectedFail=0 absentWherePass=0 presentWhereFail=0 unchanged=0
[23:42:55] [Render thread/INFO] (Voxy) [me.cx.vy.ct.ce.vk.me.McNativeHierarchicalLoad]: [native-vk] hier load at draw 4082 status=judged geometry=16249 noGeometry=62599 expectVisible=2357 expectHidden=13892 undetermined=0 visible=2357 hidden=13892 ambiguous=0 other=0 visibleWhereHidden=0 hiddenWhereVisible=0 changedWhereNoGeometry=0 depth=[3.075169E-4 4.2804275E-4]
[23:42:57] [Render thread/INFO] (Voxy) [me.cx.vy.ct.ce.vk.me.McNativeInstanceProbe]: [native-vk] native instance at frame 4140 stage=remove factory=true instance=true engine=true live=true activeSections=0 renderer=false ingest=true cameraCaptures=4140 storedNearCamera=22
[23:42:59] [Render thread/INFO] (Voxy) [me.cx.vy.ct.ce.vk.me.McNativeInstanceProbe]: [native-vk] native instance at frame 4200 stage=remove factory=true instance=true engine=true live=true activeSections=0 renderer=false ingest=true cameraCaptures=4200 storedNearCamera=22
[23:43:01] [Render thread/INFO] (Minecraft) [STDOUT]: [voxy-harness] stage=resize
[23:43:01] [Render thread/INFO] (Voxy) [me.cx.vy.ct.ce.vk.me.McNativeHierarchicalLoad]: [native-vk] hier frames entering stage resize: composited=4249 skipped=2 builds=1 vkBuffers=94 vkBufferBytes=129538676 vkTextures=18 frame=1708x960
[23:43:01] [Render thread/INFO] (Voxy) [me.cx.vy.ct.ce.vk.sr.VkShader$Builder]: VkShader 'vk-hiz': 1 bindings, push=0B, stages=[VERTEX, FRAGMENT]
[23:43:01] [Render thread/INFO] (Voxy) [me.cx.vy.ct.ce.vk.sr.VkShader$Builder]: VkShader 'vk-traversal': 10 bindings, push=4B, stages=[COMPUTE]
[23:43:01] [Render thread/INFO] (Voxy) [me.cx.vy.ct.ce.vk.sr.VkShader$Builder]: VkShader 'vk-merged-prep': 8 bindings, push=0B, stages=[COMPUTE]
[23:43:01] [Render thread/INFO] (Voxy) [me.cx.vy.ct.ce.vk.sr.VkShader$Builder]: VkShader 'vk-merged-cmdgen': 10 bindings, push=0B, stages=[COMPUTE]
[23:43:01] [Render thread/INFO] (Voxy) [me.cx.vy.ct.ce.vk.sr.VkShader$Builder]: VkShader 'vk-temporal-prefix': 2 bindings, push=12B, stages=[COMPUTE]
[23:43:01] [Render thread/INFO] (Voxy) [me.cx.vy.ct.ce.vk.sr.VkShader$Builder]: VkShader 'vk-translucent-bucket-scan': 1 bindings, push=0B, stages=[COMPUTE]
[23:43:01] [Render thread/INFO] (Voxy) [me.cx.vy.ct.ce.vk.sr.VkShader$Builder]: VkShader 'vk-translucent-gen': 7 bindings, push=0B, stages=[COMPUTE]
[23:43:01] [Render thread/INFO] (Voxy) [me.cx.vy.ct.ce.vk.sr.VkShader$Builder]: VkShader 'vk-translucent-prefix': 4 bindings, push=4B, stages=[COMPUTE]
[23:43:01] [Render thread/INFO] (Voxy) [me.cx.vy.ct.ce.vk.sr.VkShader$Builder]: VkShader 'vk-merged-prefix': 2 bindings, push=12B, stages=[COMPUTE]
[23:43:01] [Render thread/INFO] (Voxy) [me.cx.vy.ct.ce.vk.sr.VkShader$Builder]: VkShader 'vk-cull-raster': 4 bindings, push=0B, stages=[VERTEX, FRAGMENT]
[23:43:01] [Render thread/INFO] (Voxy) [me.cx.vy.ct.ce.vk.sr.VkShader$Builder]: VkShader 'vk-terrain-merged': 10 bindings, push=0B, stages=[VERTEX, FRAGMENT]
[23:43:01] [Render thread/INFO] (Voxy) [me.cx.vy.ct.ce.vk.sr.VkShader$Builder]: VkShader 'vk-terrain-merged': 10 bindings, push=0B, stages=[VERTEX, FRAGMENT]
[23:43:01] [Render thread/INFO] (Voxy) [me.cx.vy.ct.ce.vk.sr.VkShader$Builder]: VkShader 'vk-terrain-merged': 10 bindings, push=0B, stages=[VERTEX, FRAGMENT]
[23:43:01] [Render thread/INFO] (Voxy) [me.cx.vy.ct.ce.vk.VkRealModelBakery]: [5c-3b] replayed 20 biomes already registered by the world
[23:43:01] [Render thread/INFO] (Voxy) [me.cx.vy.ct.ce.vk.sr.VkShader$Builder]: VkShader 'vk-vanilla-bound': 1 bindings, push=96B, stages=[VERTEX, FRAGMENT]
[23:43:01] [Render thread/INFO] (Voxy) [me.cx.vy.ct.ce.vk.sr.VkShader$Builder]: VkShader 'vk-depth-resolve-reproject': 1 bindings, push=128B, stages=[VERTEX, FRAGMENT]
[23:43:01] [Render thread/INFO] (Voxy) [me.cx.vy.ct.ce.vk.sr.VkShader$Builder]: VkShader 'vk-native-post': 2 bindings, push=128B, stages=[VERTEX, FRAGMENT]
[23:43:01] [Render thread/INFO] (Voxy) [me.cx.vy.ct.ce.vk.sr.VkShader$Builder]: VkShader 'vk-native-composite': 2 bindings, push=0B, stages=[VERTEX, FRAGMENT]
[23:43:01] [Render thread/INFO] (Voxy) [me.cx.vy.ct.ce.vk.me.McNativeHierarchicalLoad]: [native-vk] hier-LOAD scene #2: streaming render distance 17, sections -1..0
[23:43:01] [Render thread/INFO] (Voxy) [me.cx.vy.ct.ce.vk.me.McNativeHierarchicalLoad]: [native-vk] slow native frame 4249 stage=resize: total=33.144084 service=0.0 stream=0.055875 bound=0.090167 prepare=0.009958 begin=0.0655 record=31.551084 postSubmit=1.3715 ms
[23:43:01] [Render thread/INFO] (Voxy) [me.cx.vy.ct.ce.vk.me.McNativeInstanceProbe]: [native-vk] native instance at frame 4260 stage=resize factory=true instance=true engine=true live=true activeSections=0 renderer=false ingest=true cameraCaptures=4260 storedNearCamera=22
[23:43:03] [Render thread/INFO] (Voxy) [me.cx.vy.ct.ce.vk.me.McNativeInstanceProbe]: [native-vk] native instance at frame 4320 stage=resize factory=true instance=true engine=true live=true activeSections=0 renderer=false ingest=true cameraCaptures=4320 storedNearCamera=22
[23:43:03] [Render thread/INFO] (Voxy) [me.cx.vy.ct.ce.vk.me.McNativeDepthLadder]: [native-vk] depth ladder sample requested at draw 4322 stage=resize camera=[0.5 121.61999988555908 0.5 30.0 0.0]
[23:43:03] [Render thread/INFO] (Voxy) [me.cx.vy.ct.ce.vk.sr.VkShader$Builder]: VkShader 'vk-terrain-per_section': 8 bindings, push=0B, stages=[VERTEX, FRAGMENT]
[23:43:03] [Render thread/INFO] (Voxy) [me.cx.vy.ct.ce.vk.me.McNativeTerrainScene]: [native-vk] terrain reference on the adopted device: 28964 of 2073600 pixels are not background
[23:43:03] [Render thread/INFO] (Voxy) [me.cx.vy.ct.ce.vk.me.McNativeTerrainLoad]: [native-vk] terrain-LOAD scene built: 28964 reference pixels, 10 draw(s), depth state declared [6, 1, 1]
[23:43:03] [Render thread/INFO] (Voxy) [me.cx.vy.ct.ce.vk.me.McNativeDepthLadder]: [native-vk] depth ladder sample at draw 4322 flipped=true counts=[anomaly=0 low=0 clear=14439 r0=0 r1=0 r2=84633 r3=0 r4=0 r5=0 r6=0 r7=0 other=0] stage=resize camera=[0.5 121.61999988555908 0.5 30.0 0.0]
[23:43:03] [Render thread/INFO] (Voxy) [me.cx.vy.ct.ce.vk.me.McNativeDepthLadder]: [native-vk] depth ladder coexist at draw 4322 present=99072 absent=0 other=0 expectedPass=99072 expectedFail=0 absentWherePass=0 presentWhereFail=0 unchanged=0
[23:43:03] [Render thread/INFO] (Voxy) [me.cx.vy.ct.ce.vk.me.McNativeTerrainLoad]: [native-vk] terrain load at draw 4322 geometry=28964 noGeometry=70108 expectVisible=26951 expectHidden=64 undetermined=1949 visible=28510 hidden=454 ambiguous=0 other=0 visibleWhereHidden=0 hiddenWhereVisible=0 changedWhereNoGeometry=0 depth=[1.453138E-4 0.0030660268]
[23:43:05] [Render thread/INFO] (Voxy) [me.cx.vy.ct.ce.vk.me.McNativeInstanceProbe]: [native-vk] native instance at frame 4380 stage=resize factory=true instance=true engine=true live=true activeSections=0 renderer=false ingest=true cameraCaptures=4380 storedNearCamera=22
[23:43:07] [Render thread/INFO] (Voxy) [me.cx.vy.ct.ce.vk.me.McNativeInstanceProbe]: [native-vk] native instance at frame 4440 stage=resize factory=true instance=true engine=true live=true activeSections=0 renderer=false ingest=true cameraCaptures=4440 storedNearCamera=22
[23:43:09] [Render thread/INFO] (Voxy) [me.cx.vy.ct.ce.vk.me.McNativeInstanceProbe]: [native-vk] native instance at frame 4500 stage=resize factory=true instance=true engine=true live=true activeSections=0 renderer=false ingest=true cameraCaptures=4500 storedNearCamera=22
[23:43:11] [Render thread/INFO] (Minecraft) [STDOUT]: [voxy-harness] stage=reload
[23:43:11] [Render thread/INFO] (Minecraft) Reloading ResourceManager: vanilla, fabric-api, fabric-api-base, fabric-api-lookup-api-v1, fabric-biome-api-v1, fabric-block-api-v1, fabric-block-getter-api-v2, fabric-client-gametest-api-v1, fabric-command-api-v2, fabric-content-registries-v0, fabric-convention-tags-v2, fabric-crash-report-info-v1, fabric-creative-tab-api-v1, fabric-data-attachment-api-v1, fabric-data-generation-api-v1, fabric-debug-api-v1, fabric-dimensions-v1, fabric-entity-events-v1, fabric-events-interaction-v0, fabric-game-rule-api-v1, fabric-gametest-api-v1, fabric-item-api-v1, fabric-key-mapping-api-v1, fabric-lifecycle-events-v1, fabric-loot-api-v3, fabric-menu-api-v1, fabric-message-api-v1, fabric-model-loading-api-v1, fabric-networking-api-v1, fabric-object-builder-api-v1, fabric-particles-v1, fabric-permission-api-v1, fabric-recipe-api-v1, fabric-registry-sync-v0, fabric-renderer-api-v1, fabric-renderer-indigo, fabric-rendering-fluids-v1, fabric-rendering-v1, fabric-resource-conditions-api-v1, fabric-resource-loader-v0, fabric-resource-loader-v1, fabric-screen-api-v1, fabric-serialization-api-v1, fabric-sound-api-v1, fabric-tag-api-v1, fabric-transfer-api-v1, fabric-transitive-access-wideners-v1, fabricloader, lithium, modmenu, sodium, voxy
[23:43:11] [Render thread/INFO] (Voxy) [me.cx.vy.ct.ce.vk.me.McNativeHierarchicalLoad]: [native-vk] hier frames entering stage reload: composited=4541 skipped=2 builds=2 vkBuffers=92 vkBufferBytes=119892596 vkTextures=18 frame=1920x1080
[23:43:11] [Worker-Main-11/INFO] (Minecraft) Found unifont_all_no_pua-17.0.01.hex, loading
[23:43:11] [Worker-Main-3/INFO] (Minecraft) Found unifont_pua-17.0.01.hex, loading
[23:43:11] [Worker-Main-10/INFO] (Minecraft) Found unifont_jp_patch-17.0.01.hex, loading
[23:43:11] [Server thread/INFO] (Minecraft) Saving and pausing game...
[23:43:11] [Server thread/INFO] (Minecraft) Saving chunks for level 'ServerLevel[voxy-harness]'/minecraft:overworld
[23:43:11] [Server thread/INFO] (Minecraft) Saving chunks for level 'ServerLevel[voxy-harness]'/minecraft:the_nether
[23:43:11] [Server thread/INFO] (Minecraft) Saving chunks for level 'ServerLevel[voxy-harness]'/minecraft:the_end
[23:43:11] [Render thread/INFO] (Minecraft) OpenAL initialized on device MacBook Pro Speakers
[23:43:11] [Render thread/INFO] (Minecraft) Sound engine started
[23:43:11] [Render thread/INFO] (Minecraft) Created: 512x256x0 minecraft:textures/atlas/particles.png-atlas
[23:43:12] [Render thread/INFO] (Minecraft) Created: 128x128x0 minecraft:textures/atlas/decorated_pot.png-atlas
[23:43:12] [Render thread/INFO] (Minecraft) Created: 2048x1024x0 minecraft:textures/atlas/armor_trims.png-atlas
[23:43:12] [Render thread/INFO] (Minecraft) Created: 512x256x0 minecraft:textures/atlas/paintings.png-atlas
[23:43:12] [Render thread/INFO] (Minecraft) Created: 1024x512x0 minecraft:textures/atlas/shield_patterns.png-atlas
[23:43:12] [Render thread/INFO] (Minecraft) Created: 2048x2048x4 minecraft:textures/atlas/blocks.png-atlas
[23:43:12] [Render thread/INFO] (Minecraft) Created: 512x512x0 minecraft:textures/atlas/chest.png-atlas
[23:43:12] [Render thread/INFO] (Minecraft) Created: 256x128x0 minecraft:textures/atlas/celestials.png-atlas
[23:43:12] [Render thread/INFO] (Minecraft) Created: 1024x512x0 minecraft:textures/atlas/banner_patterns.png-atlas
[23:43:12] [Render thread/INFO] (Minecraft) Created: 1024x512x0 minecraft:textures/atlas/items.png-atlas
[23:43:12] [Render thread/INFO] (Minecraft) Created: 1024x1024x0 minecraft:textures/atlas/gui.png-atlas
[23:43:12] [Render thread/INFO] (Minecraft) Created: 128x64x0 minecraft:textures/atlas/map_decorations.png-atlas
[23:43:12] [Render thread/INFO] (Minecraft) Created: 512x512x0 minecraft:textures/atlas/shulker_boxes.png-atlas
[23:43:12] [Render thread/INFO] (Voxy) [me.cx.vy.ct.ce.vk.me.McNativeAtlas]: [native-vk] requested the block atlas (2048x2048) through Blaze3D
[23:43:12] [Render thread/INFO] (Voxy) [nt.mt.ct.rr.LevelRenderer]: [native-vk] native instance mode: world engine created; no renderer
[23:43:12] [Render thread/INFO] (ChunkBuilder) Stopping worker threads
[23:43:12] [Render thread/INFO] (ChunkBuilder) Started 8 worker threads
[23:43:12] [Render thread/INFO] (Voxy) [me.cx.vy.ct.ce.vk.me.McNativeAtlas]: [native-vk] block atlas read through Blaze3D: 2048x2048
[23:43:12] [Render thread/INFO] (Voxy) [me.cx.vy.ct.ce.vk.sr.VkShader$Builder]: VkShader 'vk-hiz': 1 bindings, push=0B, stages=[VERTEX, FRAGMENT]
[23:43:12] [Render thread/INFO] (Voxy) [me.cx.vy.ct.ce.vk.sr.VkShader$Builder]: VkShader 'vk-traversal': 10 bindings, push=4B, stages=[COMPUTE]
[23:43:12] [Render thread/INFO] (Voxy) [me.cx.vy.ct.ce.vk.sr.VkShader$Builder]: VkShader 'vk-merged-prep': 8 bindings, push=0B, stages=[COMPUTE]
[23:43:12] [Render thread/INFO] (Voxy) [me.cx.vy.ct.ce.vk.sr.VkShader$Builder]: VkShader 'vk-merged-cmdgen': 10 bindings, push=0B, stages=[COMPUTE]
[23:43:12] [Render thread/INFO] (Voxy) [me.cx.vy.ct.ce.vk.sr.VkShader$Builder]: VkShader 'vk-temporal-prefix': 2 bindings, push=12B, stages=[COMPUTE]
[23:43:12] [Render thread/INFO] (Voxy) [me.cx.vy.ct.ce.vk.sr.VkShader$Builder]: VkShader 'vk-translucent-bucket-scan': 1 bindings, push=0B, stages=[COMPUTE]
[23:43:12] [Render thread/INFO] (Voxy) [me.cx.vy.ct.ce.vk.sr.VkShader$Builder]: VkShader 'vk-translucent-gen': 7 bindings, push=0B, stages=[COMPUTE]
[23:43:12] [Render thread/INFO] (Voxy) [me.cx.vy.ct.ce.vk.sr.VkShader$Builder]: VkShader 'vk-translucent-prefix': 4 bindings, push=4B, stages=[COMPUTE]
[23:43:12] [Render thread/INFO] (Voxy) [me.cx.vy.ct.ce.vk.sr.VkShader$Builder]: VkShader 'vk-merged-prefix': 2 bindings, push=12B, stages=[COMPUTE]
[23:43:12] [Render thread/INFO] (Voxy) [me.cx.vy.ct.ce.vk.sr.VkShader$Builder]: VkShader 'vk-cull-raster': 4 bindings, push=0B, stages=[VERTEX, FRAGMENT]
[23:43:12] [Render thread/INFO] (Voxy) [me.cx.vy.ct.ce.vk.sr.VkShader$Builder]: VkShader 'vk-terrain-merged': 10 bindings, push=0B, stages=[VERTEX, FRAGMENT]
[23:43:12] [Render thread/INFO] (Voxy) [me.cx.vy.ct.ce.vk.sr.VkShader$Builder]: VkShader 'vk-terrain-merged': 10 bindings, push=0B, stages=[VERTEX, FRAGMENT]
[23:43:12] [Render thread/INFO] (Voxy) [me.cx.vy.ct.ce.vk.sr.VkShader$Builder]: VkShader 'vk-terrain-merged': 10 bindings, push=0B, stages=[VERTEX, FRAGMENT]
[23:43:12] [Render thread/INFO] (Voxy) [me.cx.vy.ct.ce.vk.VkRealModelBakery]: [5c-3b] replayed 20 biomes already registered by the world
[23:43:12] [Render thread/INFO] (Voxy) [me.cx.vy.ct.ce.vk.sr.VkShader$Builder]: VkShader 'vk-vanilla-bound': 1 bindings, push=96B, stages=[VERTEX, FRAGMENT]
[23:43:12] [Render thread/INFO] (Voxy) [me.cx.vy.ct.ce.vk.sr.VkShader$Builder]: VkShader 'vk-depth-resolve-reproject': 1 bindings, push=128B, stages=[VERTEX, FRAGMENT]
[23:43:12] [Render thread/INFO] (Voxy) [me.cx.vy.ct.ce.vk.sr.VkShader$Builder]: VkShader 'vk-native-post': 2 bindings, push=128B, stages=[VERTEX, FRAGMENT]
[23:43:12] [Render thread/INFO] (Voxy) [me.cx.vy.ct.ce.vk.sr.VkShader$Builder]: VkShader 'vk-native-composite': 2 bindings, push=0B, stages=[VERTEX, FRAGMENT]
[23:43:12] [Render thread/INFO] (Voxy) [me.cx.vy.ct.ce.vk.me.McNativeHierarchicalLoad]: [native-vk] hier-LOAD scene #3: streaming render distance 17, sections -1..0
[23:43:13] [Render thread/INFO] (Voxy) [me.cx.vy.ct.ce.vk.me.McNativeHierarchicalLoad]: [native-vk] slow native frame 4548 stage=reload: total=86.784666 service=4.1E-5 stream=0.044375 bound=0.124709 prepare=0.02 begin=0.079 record=84.24025 postSubmit=2.276291 ms
[23:43:13] [Render thread/INFO] (Voxy) [me.cx.vy.ct.ce.vk.me.McNativeInstanceProbe]: [native-vk] native instance at frame 4560 stage=reload factory=true instance=true engine=true live=true activeSections=0 renderer=false ingest=true cameraCaptures=4560 storedNearCamera=22
[23:43:13] [Render thread/INFO] (Voxy) [me.cx.vy.ct.ce.vk.me.McNativeDepthLadder]: [native-vk] depth ladder sample requested at draw 4562 stage=reload camera=[0.5 121.61999988555908 0.5 30.0 0.0]
[23:43:13] [Render thread/INFO] (Voxy) [me.cx.vy.ct.ce.vk.VkRealMesher]: [5c-3b] meshed 16 sections around [0,0,0] r=4 (LoD 3): 8 empty, 705 not in the world yet, 0 gave up, 89 models baked on demand
[23:43:13] [Render thread/INFO] (Voxy) [me.cx.vy.ct.ce.vk.VkRealModelBakery]: [5c-3b] replayed 20 biomes already registered by the world
[23:43:13] [Render thread/INFO] (Voxy) [me.cx.vy.ct.ce.vk.sr.VkShader$Builder]: VkShader 'vk-terrain-per_section': 8 bindings, push=0B, stages=[VERTEX, FRAGMENT]
[23:43:13] [Render thread/INFO] (Voxy) [me.cx.vy.ct.ce.vk.me.McNativeRealScene]: [native-vk] real-LOAD scene #5: 8 sections, 1994 quads, 48 draws at level 3 around [0, 0, 0] r=4 excludedNear=8 cut=128
[23:43:13] [Render thread/INFO] (Voxy) [me.cx.vy.ct.ce.vk.me.McNativeDepthLadder]: [native-vk] depth ladder sample at draw 4562 flipped=true counts=[anomaly=0 low=0 clear=98356 r0=0 r1=0 r2=716 r3=0 r4=0 r5=0 r6=0 r7=0 other=0] stage=reload camera=[0.5 121.61999988555908 0.5 30.0 0.0]
[23:43:13] [Render thread/INFO] (Voxy) [me.cx.vy.ct.ce.vk.me.McNativeDepthLadder]: [native-vk] depth ladder coexist at draw 4562 present=99072 absent=0 other=0 expectedPass=99072 expectedFail=0 absentWherePass=0 presentWhereFail=0 unchanged=0
[23:43:13] [Render thread/INFO] (Voxy) [me.cx.vy.ct.ce.vk.me.McNativeRealLoad]: [native-vk] real load at draw 4562 status=judged geometry=0 noGeometry=99072 expectVisible=0 expectHidden=0 undetermined=0 visible=0 hidden=0 ambiguous=0 other=0 visibleWhereHidden=0 hiddenWhereVisible=0 changedWhereNoGeometry=0 depth=[NaN NaN]
[23:43:15] [Render thread/INFO] (Voxy) [me.cx.vy.ct.ce.vk.me.McNativeInstanceProbe]: [native-vk] native instance at frame 4620 stage=reload factory=true instance=true engine=true live=true activeSections=0 renderer=false ingest=true cameraCaptures=4620 storedNearCamera=22
[23:43:17] [Render thread/INFO] (Voxy) [me.cx.vy.ct.ce.vk.me.McNativeInstanceProbe]: [native-vk] native instance at frame 4680 stage=reload factory=true instance=true engine=true live=true activeSections=0 renderer=false ingest=true cameraCaptures=4680 storedNearCamera=22
[23:43:19] [Render thread/INFO] (Voxy) [me.cx.vy.ct.ce.vk.me.McNativeInstanceProbe]: [native-vk] native instance at frame 4740 stage=reload factory=true instance=true engine=true live=true activeSections=0 renderer=false ingest=true cameraCaptures=4740 storedNearCamera=22
[23:43:21] [Render thread/INFO] (Voxy) [me.cx.vy.ct.ce.vk.me.McNativeInstanceProbe]: [native-vk] native instance at frame 4800 stage=reload factory=true instance=true engine=true live=true activeSections=0 renderer=false ingest=true cameraCaptures=4800 storedNearCamera=22
[23:43:21] [Render thread/INFO] (Voxy) [me.cx.vy.ct.ce.vk.me.McNativeDepthLadder]: [native-vk] depth ladder sample requested at draw 4802 stage=reload camera=[0.5 121.61999988555908 0.5 30.0 0.0]
[23:43:21] [Render thread/INFO] (Voxy) [me.cx.vy.ct.ce.vk.me.McNativeHierarchicalLoad]: [native-vk] hier frames before draw 4802: composited=4790
[23:43:21] [Render thread/INFO] (Voxy) [me.cx.vy.ct.ce.vk.me.McNativeDepthLadder]: [native-vk] depth ladder sample at draw 4802 flipped=true counts=[anomaly=0 low=0 clear=14439 r0=0 r1=0 r2=84633 r3=0 r4=0 r5=0 r6=0 r7=0 other=0] stage=reload camera=[0.5 121.61999988555908 0.5 30.0 0.0]
[23:43:21] [Render thread/INFO] (Voxy) [me.cx.vy.ct.ce.vk.me.McNativeDepthLadder]: [native-vk] depth ladder coexist at draw 4802 present=99072 absent=0 other=0 expectedPass=99072 expectedFail=0 absentWherePass=0 presentWhereFail=0 unchanged=0
[23:43:21] [Render thread/INFO] (Voxy) [me.cx.vy.ct.ce.vk.me.McNativeHierarchicalLoad]: [native-vk] hier load at draw 4802 status=judged geometry=20477 noGeometry=78595 expectVisible=3019 expectHidden=17458 undetermined=0 visible=3019 hidden=17458 ambiguous=0 other=0 visibleWhereHidden=0 hiddenWhereVisible=0 changedWhereNoGeometry=0 depth=[3.075009E-4 4.2785684E-4]
[23:43:21] [Render thread/INFO] (Minecraft) [STDOUT]: [voxy-harness] stage=nether
[23:43:21] [Render thread/INFO] (Voxy) [me.cx.vy.ct.ce.vk.me.McNativeHierarchicalLoad]: [native-vk] hier frames entering stage nether: composited=4796 skipped=4 builds=3 vkBuffers=94 vkBufferBytes=139952756 vkTextures=18 frame=1920x1080
[23:43:21] [Server thread/INFO] (Minecraft) Player399 has made the advancement [We Need to Go Deeper]
[23:43:21] [Server thread/INFO] (Minecraft) [Player399: Teleported Player399 to 0.500000, 100.000000, 0.500000]
[23:43:21] [Render thread/INFO] (Voxy) [me.cx.vy.cl.VoxyInstance]: Creating new world engine: -804933456715516506@1872345032
[23:43:21] [Render thread/INFO] (Voxy) [nt.mt.ct.rr.LevelRenderer]: [native-vk] native instance mode: world engine created; no renderer
[23:43:21] [Render thread/INFO] (ChunkBuilder) Stopping worker threads
[23:43:21] [Render thread/INFO] (ChunkBuilder) Started 8 worker threads
[23:43:21] [Render thread/INFO] (Minecraft) [System] [CHAT] Player399 has made the advancement [We Need to Go Deeper]
[23:43:21] [Render thread/INFO] (Minecraft) [System] [CHAT] Teleported Player399 to 0.500000, 100.000000, 0.500000
[23:43:21] [Render thread/INFO] (ChunkBuilder) Stopping worker threads
[23:43:21] [Render thread/INFO] (ChunkBuilder) Started 8 worker threads
[23:43:21] [Render thread/INFO] (Voxy) [me.cx.vy.ct.ce.vk.sr.VkShader$Builder]: VkShader 'vk-hiz': 1 bindings, push=0B, stages=[VERTEX, FRAGMENT]
[23:43:21] [Render thread/INFO] (Voxy) [me.cx.vy.ct.ce.vk.sr.VkShader$Builder]: VkShader 'vk-traversal': 10 bindings, push=4B, stages=[COMPUTE]
[23:43:21] [Render thread/INFO] (Voxy) [me.cx.vy.ct.ce.vk.sr.VkShader$Builder]: VkShader 'vk-merged-prep': 8 bindings, push=0B, stages=[COMPUTE]
[23:43:21] [Render thread/INFO] (Voxy) [me.cx.vy.ct.ce.vk.sr.VkShader$Builder]: VkShader 'vk-merged-cmdgen': 10 bindings, push=0B, stages=[COMPUTE]
[23:43:21] [Render thread/INFO] (Voxy) [me.cx.vy.ct.ce.vk.sr.VkShader$Builder]: VkShader 'vk-temporal-prefix': 2 bindings, push=12B, stages=[COMPUTE]
[23:43:21] [Render thread/INFO] (Voxy) [me.cx.vy.ct.ce.vk.sr.VkShader$Builder]: VkShader 'vk-translucent-bucket-scan': 1 bindings, push=0B, stages=[COMPUTE]
[23:43:21] [Render thread/INFO] (Voxy) [me.cx.vy.ct.ce.vk.sr.VkShader$Builder]: VkShader 'vk-translucent-gen': 7 bindings, push=0B, stages=[COMPUTE]
[23:43:21] [Render thread/INFO] (Voxy) [me.cx.vy.ct.ce.vk.sr.VkShader$Builder]: VkShader 'vk-translucent-prefix': 4 bindings, push=4B, stages=[COMPUTE]
[23:43:21] [Render thread/INFO] (Voxy) [me.cx.vy.ct.ce.vk.sr.VkShader$Builder]: VkShader 'vk-merged-prefix': 2 bindings, push=12B, stages=[COMPUTE]
[23:43:21] [Render thread/INFO] (Voxy) [me.cx.vy.ct.ce.vk.sr.VkShader$Builder]: VkShader 'vk-cull-raster': 4 bindings, push=0B, stages=[VERTEX, FRAGMENT]
[23:43:21] [Render thread/INFO] (Voxy) [me.cx.vy.ct.ce.vk.sr.VkShader$Builder]: VkShader 'vk-terrain-merged': 10 bindings, push=0B, stages=[VERTEX, FRAGMENT]
[23:43:21] [Render thread/INFO] (Voxy) [me.cx.vy.ct.ce.vk.sr.VkShader$Builder]: VkShader 'vk-terrain-merged': 10 bindings, push=0B, stages=[VERTEX, FRAGMENT]
[23:43:21] [Render thread/INFO] (Voxy) [me.cx.vy.ct.ce.vk.sr.VkShader$Builder]: VkShader 'vk-terrain-merged': 10 bindings, push=0B, stages=[VERTEX, FRAGMENT]
[23:43:21] [Render thread/INFO] (Voxy) [me.cx.vy.ct.ce.vk.VkRealModelBakery]: [5c-3b] replayed 0 biomes already registered by the world
[23:43:21] [Render thread/INFO] (Voxy) [me.cx.vy.ct.ce.vk.sr.VkShader$Builder]: VkShader 'vk-vanilla-bound': 1 bindings, push=96B, stages=[VERTEX, FRAGMENT]
[23:43:21] [Render thread/INFO] (Voxy) [me.cx.vy.ct.ce.vk.sr.VkShader$Builder]: VkShader 'vk-depth-resolve-reproject': 1 bindings, push=128B, stages=[VERTEX, FRAGMENT]
[23:43:21] [Render thread/INFO] (Voxy) [me.cx.vy.ct.ce.vk.sr.VkShader$Builder]: VkShader 'vk-native-post': 2 bindings, push=128B, stages=[VERTEX, FRAGMENT]
[23:43:21] [Render thread/INFO] (Voxy) [me.cx.vy.ct.ce.vk.sr.VkShader$Builder]: VkShader 'vk-native-composite': 2 bindings, push=0B, stages=[VERTEX, FRAGMENT]
[23:43:21] [Render thread/INFO] (Voxy) [me.cx.vy.ct.ce.vk.me.McNativeHierarchicalLoad]: [native-vk] hier-LOAD scene #4: streaming render distance 17, sections 0..0
[23:43:21] [Render thread/INFO] (Voxy) [me.cx.vy.ct.ce.vk.me.McNativeHierarchicalLoad]: [native-vk] slow native frame 4797 stage=nether: total=16.672792 service=0.0 stream=0.02375 bound=0.089542 prepare=0.008041 begin=0.064 record=15.23225 postSubmit=1.255209 ms
[23:43:21] [Render thread/INFO] (Minecraft) Loaded 29 advancements
[23:43:22] [Chunk Render Task Executor #2/WARN] (Voxy) [me.cx.vy.cn.wd.ActiveSectionTracker]: section raced to save queue, we lost
[23:43:22] [Chunk Render Task Executor #0/WARN] (Voxy) [me.cx.vy.cn.wd.ActiveSectionTracker]: section raced to save queue, we lost
[23:43:22] [Chunk Render Task Executor #1/WARN] (Voxy) [me.cx.vy.cn.wd.ActiveSectionTracker]: section raced to save queue, we lost
[23:43:22] [Dedicated Voxy Worker #8/WARN] (Voxy) [me.cx.vy.cn.wd.ActiveSectionTracker]: section raced to save queue, we lost
[23:43:22] [Render thread/INFO] (Minecraft) Loaded 29 advancements
[23:43:22] [Chunk Render Task Executor #2/WARN] (Voxy) [me.cx.vy.cn.wd.ActiveSectionTracker]: section raced to save queue, we lost
[23:43:23] [Render thread/INFO] (Voxy) [me.cx.vy.ct.ce.vk.me.McNativeInstanceProbe]: [native-vk] native instance at frame 4860 stage=nether factory=true instance=true engine=true live=true activeSections=0 renderer=false ingest=true cameraCaptures=4860 storedNearCamera=27
[23:43:24] [Chunk Render Task Executor #3/WARN] (Voxy) [me.cx.vy.cn.wd.ActiveSectionTracker]: section raced to save queue, we lost
[23:43:24] [Chunk Render Task Executor #0/WARN] (Voxy) [me.cx.vy.cn.wd.ActiveSectionTracker]: section raced to save queue, we lost
[23:43:24] [Chunk Render Task Executor #7/WARN] (Voxy) [me.cx.vy.cn.wd.ActiveSectionTracker]: section raced to save queue, we lost
[23:43:25] [Chunk Render Task Executor #7/WARN] (Voxy) [me.cx.vy.cn.wd.ActiveSectionTracker]: section raced to save queue, we lost
[23:43:25] [Render thread/INFO] (Voxy) [me.cx.vy.ct.ce.vk.me.McNativeInstanceProbe]: [native-vk] native instance at frame 4920 stage=nether factory=true instance=true engine=true live=true activeSections=0 renderer=false ingest=true cameraCaptures=4920 storedNearCamera=27
[23:43:27] [Render thread/INFO] (Voxy) [me.cx.vy.ct.ce.vk.me.McNativeInstanceProbe]: [native-vk] native instance at frame 4980 stage=nether factory=true instance=true engine=true live=true activeSections=0 renderer=false ingest=true cameraCaptures=4980 storedNearCamera=27
[23:43:29] [Render thread/INFO] (Voxy) [me.cx.vy.ct.ce.vk.me.McNativeInstanceProbe]: [native-vk] native instance at frame 5040 stage=nether factory=true instance=true engine=true live=true activeSections=0 renderer=false ingest=true cameraCaptures=5040 storedNearCamera=27
[23:43:29] [Render thread/INFO] (Voxy) [me.cx.vy.ct.ce.vk.me.McNativeDepthLadder]: [native-vk] depth ladder sample requested at draw 5042 stage=nether camera=[0.5 101.61999988555908 0.5 30.0 0.0]
[23:43:29] [Render thread/INFO] (Voxy) [me.cx.vy.ct.ce.vk.me.McNativeDepthLadder]: [native-vk] depth ladder sample at draw 5042 flipped=true counts=[anomaly=0 low=0 clear=80030 r0=0 r1=0 r2=0 r3=2738 r4=16304 r5=0 r6=0 r7=0 other=0] stage=nether camera=[0.5 101.61999988555908 0.5 30.0 0.0]
[23:43:29] [Render thread/INFO] (Voxy) [me.cx.vy.ct.ce.vk.me.McNativeDepthLadder]: [native-vk] depth ladder coexist at draw 5042 present=82768 absent=16304 other=0 expectedPass=82768 expectedFail=16304 absentWherePass=0 presentWhereFail=0 unchanged=16304
[23:43:29] [Render thread/INFO] (Voxy) [me.cx.vy.ct.ce.vk.me.McNativeTerrainLoad]: [native-vk] terrain load at draw 5042 geometry=28964 noGeometry=70108 expectVisible=21492 expectHidden=7458 undetermined=14 visible=21492 hidden=7472 ambiguous=0 other=0 visibleWhereHidden=0 hiddenWhereVisible=0 changedWhereNoGeometry=0 depth=[1.453138E-4 0.0030660268]
[23:43:31] [Render thread/INFO] (Voxy) [me.cx.vy.ct.ce.vk.me.McNativeInstanceProbe]: [native-vk] native instance at frame 5100 stage=nether factory=true instance=true engine=true live=true activeSections=0 renderer=false ingest=true cameraCaptures=5100 storedNearCamera=27
[23:43:31] [Render thread/INFO] (Minecraft) [STDOUT]: [voxy-harness] stage=overworld
[23:43:31] [Render thread/INFO] (Voxy) [me.cx.vy.ct.ce.vk.me.McNativeHierarchicalLoad]: [native-vk] hier frames entering stage overworld: composited=4798 skipped=294 builds=4 vkBuffers=92 vkBufferBytes=123363956 vkTextures=18 frame=1920x1080
[23:43:31] [Server thread/INFO] (Minecraft) [Player399: Teleported Player399 to 0.500000, 120.000000, 0.500000]
[23:43:31] [Render thread/INFO] (Voxy) [nt.mt.ct.rr.LevelRenderer]: [native-vk] native instance mode: world engine created; no renderer
[23:43:31] [Render thread/INFO] (ChunkBuilder) Stopping worker threads
[23:43:31] [Render thread/INFO] (ChunkBuilder) Started 8 worker threads
[23:43:31] [Render thread/INFO] (Minecraft) [System] [CHAT] Teleported Player399 to 0.500000, 120.000000, 0.500000
[23:43:31] [Render thread/INFO] (ChunkBuilder) Stopping worker threads
[23:43:31] [Render thread/INFO] (ChunkBuilder) Started 8 worker threads
[23:43:31] [Render thread/INFO] (Voxy) [me.cx.vy.ct.ce.vk.sr.VkShader$Builder]: VkShader 'vk-hiz': 1 bindings, push=0B, stages=[VERTEX, FRAGMENT]
[23:43:31] [Render thread/INFO] (Voxy) [me.cx.vy.ct.ce.vk.sr.VkShader$Builder]: VkShader 'vk-traversal': 10 bindings, push=4B, stages=[COMPUTE]
[23:43:31] [Render thread/INFO] (Voxy) [me.cx.vy.ct.ce.vk.sr.VkShader$Builder]: VkShader 'vk-merged-prep': 8 bindings, push=0B, stages=[COMPUTE]
[23:43:31] [Render thread/INFO] (Voxy) [me.cx.vy.ct.ce.vk.sr.VkShader$Builder]: VkShader 'vk-merged-cmdgen': 10 bindings, push=0B, stages=[COMPUTE]
[23:43:31] [Render thread/INFO] (Voxy) [me.cx.vy.ct.ce.vk.sr.VkShader$Builder]: VkShader 'vk-temporal-prefix': 2 bindings, push=12B, stages=[COMPUTE]
[23:43:31] [Render thread/INFO] (Voxy) [me.cx.vy.ct.ce.vk.sr.VkShader$Builder]: VkShader 'vk-translucent-bucket-scan': 1 bindings, push=0B, stages=[COMPUTE]
[23:43:31] [Render thread/INFO] (Voxy) [me.cx.vy.ct.ce.vk.sr.VkShader$Builder]: VkShader 'vk-translucent-gen': 7 bindings, push=0B, stages=[COMPUTE]
[23:43:31] [Render thread/INFO] (Voxy) [me.cx.vy.ct.ce.vk.sr.VkShader$Builder]: VkShader 'vk-translucent-prefix': 4 bindings, push=4B, stages=[COMPUTE]
[23:43:31] [Render thread/INFO] (Voxy) [me.cx.vy.ct.ce.vk.sr.VkShader$Builder]: VkShader 'vk-merged-prefix': 2 bindings, push=12B, stages=[COMPUTE]
[23:43:31] [Render thread/INFO] (Voxy) [me.cx.vy.ct.ce.vk.sr.VkShader$Builder]: VkShader 'vk-cull-raster': 4 bindings, push=0B, stages=[VERTEX, FRAGMENT]
[23:43:31] [Render thread/INFO] (Voxy) [me.cx.vy.ct.ce.vk.sr.VkShader$Builder]: VkShader 'vk-terrain-merged': 10 bindings, push=0B, stages=[VERTEX, FRAGMENT]
[23:43:31] [Render thread/INFO] (Voxy) [me.cx.vy.ct.ce.vk.sr.VkShader$Builder]: VkShader 'vk-terrain-merged': 10 bindings, push=0B, stages=[VERTEX, FRAGMENT]
[23:43:31] [Render thread/INFO] (Voxy) [me.cx.vy.ct.ce.vk.sr.VkShader$Builder]: VkShader 'vk-terrain-merged': 10 bindings, push=0B, stages=[VERTEX, FRAGMENT]
[23:43:31] [Render thread/INFO] (Voxy) [me.cx.vy.ct.ce.vk.VkRealModelBakery]: [5c-3b] replayed 20 biomes already registered by the world
[23:43:31] [Render thread/INFO] (Voxy) [me.cx.vy.ct.ce.vk.sr.VkShader$Builder]: VkShader 'vk-vanilla-bound': 1 bindings, push=96B, stages=[VERTEX, FRAGMENT]
[23:43:31] [Render thread/INFO] (Voxy) [me.cx.vy.ct.ce.vk.sr.VkShader$Builder]: VkShader 'vk-depth-resolve-reproject': 1 bindings, push=128B, stages=[VERTEX, FRAGMENT]
[23:43:31] [Render thread/INFO] (Voxy) [me.cx.vy.ct.ce.vk.sr.VkShader$Builder]: VkShader 'vk-native-post': 2 bindings, push=128B, stages=[VERTEX, FRAGMENT]
[23:43:31] [Render thread/INFO] (Voxy) [me.cx.vy.ct.ce.vk.sr.VkShader$Builder]: VkShader 'vk-native-composite': 2 bindings, push=0B, stages=[VERTEX, FRAGMENT]
[23:43:31] [Render thread/INFO] (Voxy) [me.cx.vy.ct.ce.vk.me.McNativeHierarchicalLoad]: [native-vk] hier-LOAD scene #5: streaming render distance 17, sections -1..0
[23:43:31] [Render thread/INFO] (Voxy) [me.cx.vy.ct.ce.vk.me.McNativeHierarchicalLoad]: [native-vk] slow native frame 4798 stage=overworld: total=58.919542 service=0.0 stream=0.03275 bound=0.101083 prepare=0.010459 begin=0.073833 record=57.332167 postSubmit=1.36925 ms
[23:43:33] [Render thread/INFO] (Voxy) [me.cx.vy.ct.ce.vk.me.McNativeInstanceProbe]: [native-vk] native instance at frame 5160 stage=overworld factory=true instance=true engine=true live=true activeSections=0 renderer=false ingest=true cameraCaptures=5160 storedNearCamera=22
[23:43:35] [Render thread/INFO] (Voxy) [me.cx.vy.ct.ce.vk.me.McNativeInstanceProbe]: [native-vk] native instance at frame 5220 stage=overworld factory=true instance=true engine=true live=true activeSections=0 renderer=false ingest=true cameraCaptures=5220 storedNearCamera=22
[23:43:37] [Render thread/INFO] (Voxy) [me.cx.vy.ct.ce.vk.me.McNativeInstanceProbe]: [native-vk] native instance at frame 5280 stage=overworld factory=true instance=true engine=true live=true activeSections=0 renderer=false ingest=true cameraCaptures=5280 storedNearCamera=22
[23:43:37] [Render thread/INFO] (Voxy) [me.cx.vy.ct.ce.vk.me.McNativeDepthLadder]: [native-vk] depth ladder sample requested at draw 5282 stage=overworld camera=[0.5 121.61999988555908 0.5 30.0 0.0]
[23:43:37] [Render thread/INFO] (Voxy) [me.cx.vy.ct.ce.vk.me.McNativeDepthLadder]: [native-vk] depth ladder sample at draw 5282 flipped=true counts=[anomaly=0 low=0 clear=14439 r0=0 r1=0 r2=84633 r3=0 r4=0 r5=0 r6=0 r7=0 other=0] stage=overworld camera=[0.5 121.61999988555908 0.5 30.0 0.0]
[23:43:37] [Render thread/INFO] (Voxy) [me.cx.vy.ct.ce.vk.me.McNativeDepthLadder]: [native-vk] depth ladder coexist at draw 5282 present=99072 absent=0 other=0 expectedPass=99072 expectedFail=0 absentWherePass=0 presentWhereFail=0 unchanged=0
[23:43:37] [Render thread/INFO] (Voxy) [me.cx.vy.ct.ce.vk.me.McNativeRealLoad]: [native-vk] real load at draw 5282 status=judged geometry=0 noGeometry=99072 expectVisible=0 expectHidden=0 undetermined=0 visible=0 hidden=0 ambiguous=0 other=0 visibleWhereHidden=0 hiddenWhereVisible=0 changedWhereNoGeometry=0 depth=[NaN NaN]
[23:43:39] [Render thread/INFO] (Voxy) [me.cx.vy.ct.ce.vk.me.McNativeInstanceProbe]: [native-vk] native instance at frame 5340 stage=overworld factory=true instance=true engine=true live=true activeSections=0 renderer=false ingest=true cameraCaptures=5340 storedNearCamera=22
[23:43:41] [Render thread/INFO] (Minecraft) [STDOUT]: [voxy-harness] stage=descend
[23:43:41] [Server thread/INFO] (Minecraft) [Player399: Teleported Player399 to 0.500000, 79.000000, 0.500000]
[23:43:41] [Render thread/INFO] (Voxy) [me.cx.vy.ct.ce.vk.me.McNativeHierarchicalLoad]: [native-vk] hier frames entering stage descend: composited=5091 skipped=296 builds=5 vkBuffers=92 vkBufferBytes=123363956 vkTextures=18 frame=1920x1080
[23:43:41] [Render thread/INFO] (Minecraft) [System] [CHAT] Teleported Player399 to 0.500000, 79.000000, 0.500000
[23:43:41] [Render thread/INFO] (Voxy) [me.cx.vy.ct.ce.vk.me.McNativeInstanceProbe]: [native-vk] native instance at frame 5400 stage=descend factory=true instance=true engine=true live=true activeSections=0 renderer=false ingest=true cameraCaptures=5400 storedNearCamera=27
[23:43:42] [Active world cleaner/INFO] (Voxy) [me.cx.vy.cl.VoxyInstance]: Shutting down idle world: -804933456715516506
[23:43:43] [Render thread/INFO] (Voxy) [me.cx.vy.ct.ce.vk.me.McNativeInstanceProbe]: [native-vk] native instance at frame 5460 stage=descend factory=true instance=true engine=true live=true activeSections=0 renderer=false ingest=true cameraCaptures=5460 storedNearCamera=27
[23:43:45] [Render thread/INFO] (Voxy) [me.cx.vy.ct.ce.vk.me.McNativeInstanceProbe]: [native-vk] native instance at frame 5520 stage=descend factory=true instance=true engine=true live=true activeSections=0 renderer=false ingest=true cameraCaptures=5520 storedNearCamera=27
[23:43:45] [Render thread/INFO] (Voxy) [me.cx.vy.ct.ce.vk.me.McNativeDepthLadder]: [native-vk] depth ladder sample requested at draw 5522 stage=descend camera=[0.5 80.61999988555908 0.5 90.0 0.0]
[23:43:45] [Render thread/INFO] (Voxy) [me.cx.vy.ct.ce.vk.me.McNativeHierarchicalLoad]: [native-vk] hier frames before draw 5522: composited=5217
[23:43:45] [Render thread/INFO] (Voxy) [me.cx.vy.ct.ce.vk.me.McNativeDepthLadder]: [native-vk] depth ladder sample at draw 5522 flipped=true counts=[anomaly=0 low=0 clear=0 r0=0 r1=0 r2=0 r3=45734 r4=53338 r5=0 r6=0 r7=0 other=0] stage=descend camera=[0.5 80.61999988555908 0.5 90.0 0.0]
[23:43:45] [Render thread/INFO] (Voxy) [me.cx.vy.ct.ce.vk.me.McNativeDepthLadder]: [native-vk] depth ladder coexist at draw 5522 present=45734 absent=53338 other=0 expectedPass=45734 expectedFail=53338 absentWherePass=0 presentWhereFail=0 unchanged=53338
[23:43:45] [Render thread/INFO] (Voxy) [me.cx.vy.ct.ce.vk.me.McNativeHierarchicalLoad]: [native-vk] hier load at draw 5522 status=judged geometry=62498 noGeometry=36574 expectVisible=0 expectHidden=62498 undetermined=0 visible=0 hidden=62498 ambiguous=0 other=0 visibleWhereHidden=0 hiddenWhereVisible=0 changedWhereNoGeometry=0 depth=[3.467087E-4 0.0014591354]
[23:43:47] [Render thread/INFO] (Voxy) [me.cx.vy.ct.ce.vk.me.McNativeInstanceProbe]: [native-vk] native instance at frame 5580 stage=descend factory=true instance=true engine=true live=true activeSections=0 renderer=false ingest=true cameraCaptures=5580 storedNearCamera=27
[23:43:49] [Render thread/INFO] (Voxy) [me.cx.vy.ct.ce.vk.me.McNativeInstanceProbe]: [native-vk] native instance at frame 5640 stage=descend factory=true instance=true engine=true live=true activeSections=0 renderer=false ingest=true cameraCaptures=5640 storedNearCamera=27
[23:43:51] [Render thread/INFO] (Minecraft) [STDOUT]: [voxy-harness] stage=ascend
[23:43:51] [Server thread/INFO] (Minecraft) [Player399: Teleported Player399 to 0.500000, 175.000000, 0.500000]
[23:43:51] [Render thread/INFO] (Voxy) [me.cx.vy.ct.ce.vk.me.McNativeHierarchicalLoad]: [native-vk] hier frames entering stage ascend: composited=5386 skipped=296 builds=5 vkBuffers=94 vkBufferBytes=139952756 vkTextures=18 frame=1920x1080
[23:43:51] [Render thread/INFO] (Minecraft) [System] [CHAT] Teleported Player399 to 0.500000, 175.000000, 0.500000
[23:43:51] [Render thread/INFO] (Voxy) [me.cx.vy.ct.ce.vk.me.McNativeInstanceProbe]: [native-vk] native instance at frame 5700 stage=ascend factory=true instance=true engine=true live=true activeSections=0 renderer=false ingest=true cameraCaptures=5700 storedNearCamera=4
[23:43:53] [Render thread/INFO] (Voxy) [me.cx.vy.ct.ce.vk.me.McNativeInstanceProbe]: [native-vk] native instance at frame 5760 stage=ascend factory=true instance=true engine=true live=true activeSections=0 renderer=false ingest=true cameraCaptures=5760 storedNearCamera=4
[23:43:53] [Render thread/INFO] (Voxy) [me.cx.vy.ct.ce.vk.me.McNativeDepthLadder]: [native-vk] depth ladder sample requested at draw 5762 stage=ascend camera=[0.5 176.61999988555908 0.5 90.0 0.0]
[23:43:54] [Render thread/INFO] (Voxy) [me.cx.vy.ct.ce.vk.me.McNativeDepthLadder]: [native-vk] depth ladder sample at draw 5762 flipped=true counts=[anomaly=0 low=0 clear=0 r0=0 r1=0 r2=99072 r3=0 r4=0 r5=0 r6=0 r7=0 other=0] stage=ascend camera=[0.5 176.61999988555908 0.5 90.0 0.0]
[23:43:54] [Render thread/INFO] (Voxy) [me.cx.vy.ct.ce.vk.me.McNativeDepthLadder]: [native-vk] depth ladder coexist at draw 5762 present=99072 absent=0 other=0 expectedPass=99072 expectedFail=0 absentWherePass=0 presentWhereFail=0 unchanged=0
[23:43:54] [Render thread/INFO] (Voxy) [me.cx.vy.ct.ce.vk.me.McNativeTerrainLoad]: [native-vk] terrain load at draw 5762 geometry=28964 noGeometry=70108 expectVisible=26950 expectHidden=64 undetermined=1950 visible=28510 hidden=454 ambiguous=0 other=0 visibleWhereHidden=0 hiddenWhereVisible=0 changedWhereNoGeometry=0 depth=[1.453138E-4 0.0030660268]
[23:43:55] [Render thread/INFO] (Voxy) [me.cx.vy.ct.ce.vk.me.McNativeInstanceProbe]: [native-vk] native instance at frame 5820 stage=ascend factory=true instance=true engine=true live=true activeSections=0 renderer=false ingest=true cameraCaptures=5820 storedNearCamera=4
[23:43:57] [Render thread/INFO] (Voxy) [me.cx.vy.ct.ce.vk.me.McNativeInstanceProbe]: [native-vk] native instance at frame 5880 stage=ascend factory=true instance=true engine=true live=true activeSections=0 renderer=false ingest=true cameraCaptures=5880 storedNearCamera=4
[23:43:59] [Render thread/INFO] (Voxy) [me.cx.vy.ct.ce.vk.me.McNativeInstanceProbe]: [native-vk] native instance at frame 5940 stage=ascend factory=true instance=true engine=true live=true activeSections=0 renderer=false ingest=true cameraCaptures=5940 storedNearCamera=4
[23:44:01] [Render thread/INFO] (Minecraft) [STDOUT]: [voxy-harness] stage=disconnect
[23:44:01] [Server thread/INFO] (Minecraft) Stopping server
[23:44:01] [Server thread/INFO] (Minecraft) Saving players
[23:44:01] [Server thread/INFO] (Minecraft) Saving worlds
[23:44:01] [Server thread/INFO] (Minecraft) Saving chunks for level 'ServerLevel[voxy-harness]'/minecraft:overworld
[23:44:01] [Server thread/INFO] (Minecraft) Saving chunks for level 'ServerLevel[voxy-harness]'/minecraft:the_nether
[23:44:01] [Server thread/INFO] (Minecraft) Saving chunks for level 'ServerLevel[voxy-harness]'/minecraft:the_end
[23:44:01] [Server thread/INFO] (Minecraft) ThreadedAnvilChunkStorage (world): All chunks are saved
[23:44:01] [Server thread/INFO] (Minecraft) ThreadedAnvilChunkStorage (DIM-1): All chunks are saved
[23:44:01] [Server thread/INFO] (Minecraft) ThreadedAnvilChunkStorage (DIM1): All chunks are saved
[23:44:01] [Server thread/INFO] (Minecraft) ThreadedAnvilChunkStorage: All dimensions are saved
[23:44:01] [Render thread/INFO] (ChunkBuilder) Stopping worker threads
[23:44:01] [Render thread/INFO] (Voxy) [me.cx.vy.cl.VoxyInstance]: Shutting down voxy instance
[23:44:02] [Render thread/INFO] (Voxy) [me.cx.vy.cl.VoxyInstance]: Instance shutdown
[23:44:02] [Render thread/INFO] (Minecraft) [STDOUT]: [voxy-harness] stage=reconnect
[23:44:02] [Render thread/INFO] (Minecraft) Found new data pack fabric-convention-tags-v2, loading it automatically
[23:44:02] [Render thread/INFO] (Minecraft) Found new data pack fabric-gametest-api-v1, loading it automatically
[23:44:02] [Render thread/INFO] (Minecraft) Loaded 1585 recipes
[23:44:02] [Render thread/INFO] (Minecraft) Loaded 1688 advancements
[23:44:02] [Render thread/INFO] (BiomeModificationImpl) Applied 0 biome modifications to 0 of 66 new biomes in 196.2 μs
[23:44:02] [Server thread/INFO] (Minecraft) Starting integrated minecraft server version 26.2
[23:44:02] [Server thread/INFO] (Minecraft) Generating keypair
[23:44:02] [Server thread/INFO] (Minecraft) Loading 0 persistent chunks...
[23:44:02] [Server thread/INFO] (Minecraft) Saving chunks for level 'ServerLevel[voxy-harness]'/minecraft:overworld
[23:44:02] [Server thread/INFO] (Minecraft) Saving chunks for level 'ServerLevel[voxy-harness]'/minecraft:the_nether
[23:44:02] [Server thread/INFO] (Minecraft) Saving chunks for level 'ServerLevel[voxy-harness]'/minecraft:the_end
[23:44:02] [Server thread/INFO] (Minecraft) ThreadedAnvilChunkStorage (world): All chunks are saved
[23:44:02] [Server thread/INFO] (Minecraft) ThreadedAnvilChunkStorage (DIM-1): All chunks are saved
[23:44:02] [Server thread/INFO] (Minecraft) ThreadedAnvilChunkStorage (DIM1): All chunks are saved
[23:44:02] [Server thread/INFO] (Minecraft) ThreadedAnvilChunkStorage: All dimensions are saved
[23:44:03] [Server thread/INFO] (Minecraft) Loading 49 chunks for player spawn...
[23:44:03] [Server thread/INFO] (Minecraft) Preparing spawn area: 16%
[23:44:03] [Server thread/INFO] (Minecraft) Time elapsed: 435 ms
[23:44:03] [Server thread/INFO] (Minecraft) Player399[local:E:07daba87] logged in with entity id 919 at (0.5, 175.0, 0.5)
[23:44:03] [Server thread/INFO] (Minecraft) Player399 joined the game
[23:44:03] [Server thread/INFO] (Minecraft) Changing view distance to 8, from 10
[23:44:03] [Server thread/INFO] (Minecraft) Changing simulation distance to 5, from 0
[23:44:03] [Render thread/INFO] (Voxy) [me.cx.vy.cl.VoxyInstance]: Initializing voxy instance
[23:44:03] [Render thread/INFO] (Voxy) [me.cx.vy.cl.VoxyInstance]: Dedicated voxy thread pool size: 9
[23:44:03] [Render thread/INFO] (Voxy) [me.cx.vy.cl.VoxyInstance]: Creating new world engine: 7462760223788803275@10532122
[23:44:03] [Render thread/INFO] (Voxy) [nt.mt.ct.rr.LevelRenderer]: [native-vk] native instance mode: world engine created; no renderer
[23:44:03] [Render thread/INFO] (ChunkBuilder) Started 8 worker threads
[23:44:03] [Render thread/INFO] (Voxy) [me.cx.vy.cl.VoxyInstance]: Dedicated voxy thread pool size: 1
[23:44:03] [Render thread/INFO] (Minecraft) Loaded 29 advancements
[23:44:03] [Render thread/INFO] (ChunkBuilder) Stopping worker threads
[23:44:03] [Render thread/INFO] (ChunkBuilder) Started 8 worker threads
[23:44:03] [Render thread/INFO] (Voxy) [me.cx.vy.ct.ce.vk.me.McNativeHierarchicalLoad]: [native-vk] hier frames entering stage reconnect: composited=5681 skipped=296 builds=5 vkBuffers=94 vkBufferBytes=139952756 vkTextures=18 frame=1920x1080
[23:44:03] [Render thread/INFO] (Voxy) [me.cx.vy.ct.ce.vk.me.McNativeAtlas]: [native-vk] requested the block atlas (2048x2048) through Blaze3D
[23:44:03] [Render thread/INFO] (Voxy) [me.cx.vy.ct.ce.vk.me.McNativeAtlas]: [native-vk] block atlas read through Blaze3D: 2048x2048
[23:44:03] [Render thread/INFO] (Voxy) [me.cx.vy.ct.ce.vk.sr.VkShader$Builder]: VkShader 'vk-hiz': 1 bindings, push=0B, stages=[VERTEX, FRAGMENT]
[23:44:03] [Render thread/INFO] (Voxy) [me.cx.vy.ct.ce.vk.sr.VkShader$Builder]: VkShader 'vk-traversal': 10 bindings, push=4B, stages=[COMPUTE]
[23:44:03] [Render thread/INFO] (Voxy) [me.cx.vy.ct.ce.vk.sr.VkShader$Builder]: VkShader 'vk-merged-prep': 8 bindings, push=0B, stages=[COMPUTE]
[23:44:03] [Render thread/INFO] (Voxy) [me.cx.vy.ct.ce.vk.sr.VkShader$Builder]: VkShader 'vk-merged-cmdgen': 10 bindings, push=0B, stages=[COMPUTE]
[23:44:03] [Render thread/INFO] (Voxy) [me.cx.vy.ct.ce.vk.sr.VkShader$Builder]: VkShader 'vk-temporal-prefix': 2 bindings, push=12B, stages=[COMPUTE]
[23:44:03] [Render thread/INFO] (Voxy) [me.cx.vy.ct.ce.vk.sr.VkShader$Builder]: VkShader 'vk-translucent-bucket-scan': 1 bindings, push=0B, stages=[COMPUTE]
[23:44:03] [Render thread/INFO] (Voxy) [me.cx.vy.ct.ce.vk.sr.VkShader$Builder]: VkShader 'vk-translucent-gen': 7 bindings, push=0B, stages=[COMPUTE]
[23:44:03] [Render thread/INFO] (Voxy) [me.cx.vy.ct.ce.vk.sr.VkShader$Builder]: VkShader 'vk-translucent-prefix': 4 bindings, push=4B, stages=[COMPUTE]
[23:44:03] [Render thread/INFO] (Voxy) [me.cx.vy.ct.ce.vk.sr.VkShader$Builder]: VkShader 'vk-merged-prefix': 2 bindings, push=12B, stages=[COMPUTE]
[23:44:03] [Render thread/INFO] (Voxy) [me.cx.vy.ct.ce.vk.sr.VkShader$Builder]: VkShader 'vk-cull-raster': 4 bindings, push=0B, stages=[VERTEX, FRAGMENT]
[23:44:03] [Render thread/INFO] (Voxy) [me.cx.vy.ct.ce.vk.sr.VkShader$Builder]: VkShader 'vk-terrain-merged': 10 bindings, push=0B, stages=[VERTEX, FRAGMENT]
[23:44:03] [Render thread/INFO] (Voxy) [me.cx.vy.ct.ce.vk.sr.VkShader$Builder]: VkShader 'vk-terrain-merged': 10 bindings, push=0B, stages=[VERTEX, FRAGMENT]
[23:44:03] [Render thread/INFO] (Voxy) [me.cx.vy.ct.ce.vk.sr.VkShader$Builder]: VkShader 'vk-terrain-merged': 10 bindings, push=0B, stages=[VERTEX, FRAGMENT]
[23:44:03] [Render thread/INFO] (Voxy) [me.cx.vy.ct.ce.vk.VkRealModelBakery]: [5c-3b] replayed 20 biomes already registered by the world
[23:44:03] [Render thread/INFO] (Voxy) [me.cx.vy.ct.ce.vk.sr.VkShader$Builder]: VkShader 'vk-vanilla-bound': 1 bindings, push=96B, stages=[VERTEX, FRAGMENT]
[23:44:03] [Render thread/INFO] (Voxy) [me.cx.vy.ct.ce.vk.sr.VkShader$Builder]: VkShader 'vk-depth-resolve-reproject': 1 bindings, push=128B, stages=[VERTEX, FRAGMENT]
[23:44:03] [Render thread/INFO] (Voxy) [me.cx.vy.ct.ce.vk.sr.VkShader$Builder]: VkShader 'vk-native-post': 2 bindings, push=128B, stages=[VERTEX, FRAGMENT]
[23:44:03] [Render thread/INFO] (Voxy) [me.cx.vy.ct.ce.vk.sr.VkShader$Builder]: VkShader 'vk-native-composite': 2 bindings, push=0B, stages=[VERTEX, FRAGMENT]
[23:44:03] [Render thread/INFO] (Voxy) [me.cx.vy.ct.ce.vk.me.McNativeHierarchicalLoad]: [native-vk] hier-LOAD scene #6: streaming render distance 17, sections -1..0
[23:44:03] [Render thread/INFO] (Voxy) [me.cx.vy.ct.ce.vk.me.McNativeHierarchicalLoad]: [native-vk] slow native frame 5681 stage=reconnect: total=63.295125 service=4.1E-5 stream=0.022667 bound=0.113667 prepare=0.016416 begin=0.081542 record=61.567667 postSubmit=1.493125 ms
[23:44:03] [Download-7/ERROR] (Minecraft) Failed to retrieve profile key pair

MinecraftClientHttpException[type=HTTP_ERROR, status=401, response=ErrorResponse[path=/player/certificates, error=null, errorMessage=null, details=null]]
	at knot//com.mojang.authlib.minecraft.client.MinecraftClient.buildHttpException(MinecraftClient.java:170)
	at knot//com.mojang.authlib.minecraft.client.MinecraftClient.readServiceResponse(MinecraftClient.java:147)
	at knot//com.mojang.authlib.minecraft.client.MinecraftClient.post(MinecraftClient.java:89)
	at knot//com.mojang.authlib.yggdrasil.YggdrasilUserApiService.getKeyPair(YggdrasilUserApiService.java:62)
	at knot//net.minecraft.client.multiplayer.AccountProfileKeyPairManager.fetchProfileKeyPair(AccountProfileKeyPairManager.java:128)
	at knot//net.minecraft.client.multiplayer.AccountProfileKeyPairManager.lambda$readOrFetchProfileKeyPair$0(AccountProfileKeyPairManager.java:77)
	at java.base/java.util.concurrent.CompletableFuture$AsyncSupply.run(CompletableFuture.java:1789)
	at java.base/java.util.concurrent.ThreadPoolExecutor.runWorker(ThreadPoolExecutor.java:1090)
	at java.base/java.util.concurrent.ThreadPoolExecutor$Worker.run(ThreadPoolExecutor.java:614)
	at java.base/java.lang.Thread.run(Thread.java:1474)
[23:44:04] [Render thread/INFO] (Voxy) [me.cx.vy.ct.ce.vk.me.McNativeInstanceProbe]: [native-vk] native instance at frame 6000 stage=reconnect factory=true instance=true engine=true live=true activeSections=4 renderer=false ingest=true cameraCaptures=6000 storedNearCamera=4
[23:44:04] [Render thread/INFO] (Voxy) [me.cx.vy.ct.ce.vk.me.McNativeDepthLadder]: [native-vk] depth ladder sample requested at draw 6002 stage=reconnect camera=[0.5 176.61999988555908 0.5 30.0 0.0]
[23:44:04] [Render thread/INFO] (Voxy) [me.cx.vy.ct.ce.vk.VkRealMesher]: [5c-3b] meshed 16 sections around [0,0,0] r=4 (LoD 3): 8 empty, 705 not in the world yet, 0 gave up, 89 models baked on demand
[23:44:04] [Render thread/INFO] (Voxy) [me.cx.vy.ct.ce.vk.VkRealModelBakery]: [5c-3b] replayed 20 biomes already registered by the world
[23:44:04] [Render thread/INFO] (Voxy) [me.cx.vy.ct.ce.vk.sr.VkShader$Builder]: VkShader 'vk-terrain-per_section': 8 bindings, push=0B, stages=[VERTEX, FRAGMENT]
[23:44:04] [Render thread/INFO] (Voxy) [me.cx.vy.ct.ce.vk.me.McNativeRealScene]: [native-vk] real-LOAD scene #6: 12 sections, 2621 quads, 69 draws at level 3 around [0, 0, 0] r=4 excludedNear=4 cut=128
[23:44:04] [Render thread/INFO] (Voxy) [me.cx.vy.ct.ce.vk.me.McNativeDepthLadder]: [native-vk] depth ladder sample at draw 6002 flipped=true counts=[anomaly=0 low=0 clear=99072 r0=0 r1=0 r2=0 r3=0 r4=0 r5=0 r6=0 r7=0 other=0] stage=reconnect camera=[0.5 176.61999988555908 0.5 30.0 0.0]
[23:44:04] [Render thread/INFO] (Voxy) [me.cx.vy.ct.ce.vk.me.McNativeDepthLadder]: [native-vk] depth ladder coexist at draw 6002 present=99072 absent=0 other=0 expectedPass=99072 expectedFail=0 absentWherePass=0 presentWhereFail=0 unchanged=0
[23:44:04] [Render thread/INFO] (Voxy) [me.cx.vy.ct.ce.vk.me.McNativeRealLoad]: [native-vk] real load at draw 6002 status=judged geometry=0 noGeometry=99072 expectVisible=0 expectHidden=0 undetermined=0 visible=0 hidden=0 ambiguous=0 other=0 visibleWhereHidden=0 hiddenWhereVisible=0 changedWhereNoGeometry=0 depth=[NaN NaN]
[23:44:06] [Render thread/INFO] (Voxy) [me.cx.vy.ct.ce.vk.me.McNativeInstanceProbe]: [native-vk] native instance at frame 6060 stage=reconnect factory=true instance=true engine=true live=true activeSections=0 renderer=false ingest=true cameraCaptures=6060 storedNearCamera=4
[23:44:08] [Render thread/INFO] (Voxy) [me.cx.vy.ct.ce.vk.me.McNativeInstanceProbe]: [native-vk] native instance at frame 6120 stage=reconnect factory=true instance=true engine=true live=true activeSections=0 renderer=false ingest=true cameraCaptures=6120 storedNearCamera=4
[23:44:10] [Render thread/INFO] (Voxy) [me.cx.vy.ct.ce.vk.me.McNativeInstanceProbe]: [native-vk] native instance at frame 6180 stage=reconnect factory=true instance=true engine=true live=true activeSections=0 renderer=false ingest=true cameraCaptures=6180 storedNearCamera=4
[23:44:12] [Render thread/INFO] (Voxy) [me.cx.vy.ct.ce.vk.me.McNativeInstanceProbe]: [native-vk] native instance at frame 6240 stage=reconnect factory=true instance=true engine=true live=true activeSections=0 renderer=false ingest=true cameraCaptures=6240 storedNearCamera=4
[23:44:12] [Render thread/INFO] (Voxy) [me.cx.vy.ct.ce.vk.me.McNativeDepthLadder]: [native-vk] depth ladder sample requested at draw 6242 stage=reconnect camera=[0.5 176.61999988555908 0.5 30.0 0.0]
[23:44:12] [Render thread/INFO] (Voxy) [me.cx.vy.ct.ce.vk.me.McNativeHierarchicalLoad]: [native-vk] hier frames before draw 6242: composited=5934
[23:44:12] [Render thread/INFO] (Voxy) [me.cx.vy.ct.ce.vk.me.McNativeDepthLadder]: [native-vk] depth ladder sample at draw 6242 flipped=true counts=[anomaly=0 low=0 clear=99072 r0=0 r1=0 r2=0 r3=0 r4=0 r5=0 r6=0 r7=0 other=0] stage=reconnect camera=[0.5 176.61999988555908 0.5 30.0 0.0]
[23:44:12] [Render thread/INFO] (Voxy) [me.cx.vy.ct.ce.vk.me.McNativeDepthLadder]: [native-vk] depth ladder coexist at draw 6242 present=99072 absent=0 other=0 expectedPass=99072 expectedFail=0 absentWherePass=0 presentWhereFail=0 unchanged=0
[23:44:12] [Render thread/INFO] (Voxy) [me.cx.vy.ct.ce.vk.me.McNativeHierarchicalLoad]: [native-vk] hier load at draw 6242 status=judged geometry=4055 noGeometry=95017 expectVisible=4055 expectHidden=0 undetermined=0 visible=4055 hidden=0 ambiguous=0 other=0 visibleWhereHidden=0 hiddenWhereVisible=0 changedWhereNoGeometry=0 depth=[3.0536434E-4 3.387812E-4]
[23:44:12] [Render thread/INFO] (Minecraft) [STDOUT]: [voxy-harness] finished failures=0
[23:44:12] [Render thread/INFO] (Minecraft) Stopping!
[23:44:12] [Render thread/INFO] (Voxy) [me.cx.vy.ct.ce.vk.me.McNativeVkContext]: [native-vk] released Minecraft's device from VkContext (nothing of Minecraft's was destroyed)
[23:44:12] [Server thread/INFO] (Minecraft) Player399 lost connection: Disconnected
[23:44:12] [Server thread/INFO] (Minecraft) Player399 left the game
[23:44:12] [Server thread/INFO] (Minecraft) Stopping singleplayer server as player logged out
[23:44:12] [Server thread/INFO] (Minecraft) Stopping server
[23:44:12] [Server thread/INFO] (Minecraft) Saving players
[23:44:12] [Server thread/INFO] (Minecraft) Saving worlds
[23:44:12] [Server thread/INFO] (Minecraft) Saving chunks for level 'ServerLevel[voxy-harness]'/minecraft:overworld
[23:44:13] [Server thread/INFO] (Minecraft) Saving chunks for level 'ServerLevel[voxy-harness]'/minecraft:the_nether
[23:44:13] [Server thread/INFO] (Minecraft) Saving chunks for level 'ServerLevel[voxy-harness]'/minecraft:the_end
[23:44:13] [Server thread/INFO] (Minecraft) ThreadedAnvilChunkStorage (world): All chunks are saved
[23:44:13] [Server thread/INFO] (Minecraft) ThreadedAnvilChunkStorage (DIM-1): All chunks are saved
[23:44:13] [Server thread/INFO] (Minecraft) ThreadedAnvilChunkStorage (DIM1): All chunks are saved
[23:44:13] [Server thread/INFO] (Minecraft) ThreadedAnvilChunkStorage: All dimensions are saved
[23:44:13] [Render thread/INFO] (ChunkBuilder) Stopping worker threads
[23:44:13] [Render thread/INFO] (Voxy) [me.cx.vy.cl.VoxyInstance]: Shutting down voxy instance
[23:44:13] [Render thread/INFO] (Voxy) [me.cx.vy.cl.VoxyInstance]: Instance shutdown
[Vulkan Loader] DEBUG | LAYER:  Unloading layer library /opt/homebrew/Cellar/vulkan-validationlayers/1.4.357.0/lib/libVkLayer_khronos_validation.dylib

[Incubating] Problems report is available at: file:///Users/xyz/dev/voxy/build/reports/problems/problems-report.html

Deprecated Gradle features were used in this build, making it incompatible with Gradle 10.

You can use '--warning-mode all' to show the individual deprecation warnings and determine if they come from your own scripts or plugins.

For more on this, please refer to https://docs.gradle.org/9.6.0/userguide/command_line_interface.html#sec:command_line_warnings in the Gradle documentation.

BUILD SUCCESSFUL in 2m 58s
8 actionable tasks: 2 executed, 6 up-to-date
Consider enabling configuration cache to speed up this build: https://docs.gradle.org/9.6.0/userguide/configuration_cache_enabling.html
